time_s,frequency_hz,delta_frequency_hz,diesel_power_mw,storage_power_mw,storage_soc,power_deficit_mw
0,50,0,0,0,0.8,0
0.02,50,0,0,0,0.8,0
0.04,50,0,0,0,0.8,0
0.06,50,0,0,0,0.8,0
0.08,50,0,0,0,0.8,0
0.1,50,0,0,0,0.8,0
0.12,50,0,0,0,0.8,0
0.14,50,0,0,0,0.8,0
0.16,50,0,0,0,0.8,0
0.18,50,0,0,0,0.8,0
0.2,50,0,0,0,0.8,0
0.22,50,0,0,0,0.8,0
0.24,50,0,0,0,0.8,0
0.26,50,0,0,0,0.8,0
0.28,50,0,0,0,0.8,0
0.3,50,0,0,0,0.8,0
0.32,50,0,0,0,0.8,0
0.34,50,0,0,0,0.8,0
0.36,50,0,0,0,0.8,0
0.38,50,0,0,0,0.8,0
0.4,50,0,0,0,0.8,0
0.42,50,0,0,0,0.8,0
0.44,50,0,0,0,0.8,0
0.46,50,0,0,0,0.8,0
0.48,50,0,0,0,0.8,0
0.5,50,0,0,0,0.8,0
0.52,50,0,0,0,0.8,0
0.54,50,0,0,0,0.8,0
0.56,50,0,0,0,0.8,0
0.58,50,0,0,0,0.8,0
0.6,50,0,0,0,0.8,0
0.62,50,0,0,0,0.8,0
0.64,50,0,0,0,0.8,0
0.66,50,0,0,0,0.8,0
0.68,50,0,0,0,0.8,0
0.7,50,0,0,0,0.8,0
0.72,50,0,0,0,0.8,0
0.74,50,0,0,0,0.8,0
0.76,50,0,0,0,0.8,0
0.78,50,0,0,0,0.8,0
0.8,50,0,0,0,0.8,0
0.82,50,0,0,0,0.8,0
0.84,50,0,0,0,0.8,0
0.86,50,0,0,0,0.8,0
0.88,50,0,0,0,0.8,0
0.9,50,0,0,0,0.8,0
0.92,50,0,0,0,0.8,0
0.94,50,0,0,0,0.8,0
0.96,50,0,0,0,0.8,0
0.98,50,0,0,0,0.8,0
1,50,0,0,0,0.8,2
1.02,49.975,-0.025,0,0,0.8,2
1.04,49.9516188,-0.04838125,0,0.1045,0.799999855,2
1.06,49.9295833,-0.0704166541,0.00014705,0.188639375,0.799999593,2
1.08,49.9086841,-0.0913158581,0.000468912732,0.257178112,0.799999236,2
1.1,49.8887592,-0.1112408,0.00095475047,0.313734063,0.7999988,2
1.12,49.8696829,-0.13031711,0.00159512936,0.361059257,0.799998298,2
1.14,49.8513572,-0.148642777,0.00238171495,0.401247779,0.799997741,2
1.16,49.8337053,-0.166294733,0.00330704002,0.435893726,0.799997136,2
1.18,49.8166661,-0.183333854,0.00436432748,0.466211224,0.799996488,2
1.2,49.8001912,-0.199808769,0.00554735504,0.493125621,0.799995803,2
1.22,49.7842413,-0.215758745,0.00685035164,0.517342786,0.799995085,2
1.24,49.7687841,-0.23121589,0.00826791809,0.539401757,0.799994336,2
1.26,49.7537932,-0.24620682,0.00979496603,0.559714752,0.799993558,2
1.28,49.7392461,-0.260753932,0.0114266709,0.578597567,0.799992755,2
1.3,49.7251236,-0.274876369,0.0131584357,0.59629268,0.799991926,2
1.32,49.7114092,-0.288590756,0.0149858623,0.612986802,0.799991075,2
1.34,49.6980882,-0.301911759,0.0169047297,0.628824217,0.799990202,2
1.36,49.6851475,-0.314852514,0.0189109765,0.643916916,0.799989307,2
1.38,49.6725751,-0.327424945,0.0210006868,0.658352304,0.799988393,2
1.4,49.66036,-0.339640019,0.0231700795,0.672199052,0.799987459,2
1.42,49.6484921,-0.351507931,0.0254154989,0.685511543,0.799986507,2
1.44,49.6369618,-0.363038248,0.0277334073,0.698333261,0.799985537,2
1.46,49.62576,-0.374240023,0.0301203792,0.710699353,0.79998455,2
1.48,49.6148781,-0.385121877,0.0325730956,0.722638591,0.799983547,2
1.5,49.6043079,-0.395692064,0.0350883397,0.73417485,0.799982527,2
1.52,49.5940415,-0.405958522,0.0376629928,0.745328246,0.799981492,2
1.54,49.5840711,-0.415928916,0.040294031,0.756115988,0.799980442,2
1.56,49.5743893,-0.42561066,0.0429785221,0.766553038,0.799979377,2
1.58,49.5649891,-0.435010949,0.0457136221,0.776652605,0.799978298,2
1.6,49.5558632,-0.444136773,0.0484965735,0.786426524,0.799977206,2
1.62,49.5470051,-0.452994935,0.0513247019,0.795885549,0.799976101,2
1.64,49.5384079,-0.461592061,0.0541954144,0.805039568,0.799974983,2
1.66,49.5300654,-0.469934611,0.0571061967,0.813897777,0.799973852,2
1.68,49.5219711,-0.478028886,0.0600546117,0.822468803,0.79997271,2
1.7,49.514119,-0.485881036,0.0630382966,0.830760807,0.799971556,2
1.72,49.5065029,-0.493497066,0.066054962,0.838781557,0.799970391,2
1.74,49.4991172,-0.500882842,0.0691023889,0.846538488,0.799969215,2
1.76,49.4919559,-0.508044092,0.0721784277,0.854038746,0.799968029,2
1.78,49.4850136,-0.514986413,0.0752809962,0.861289223,0.799966833,2
1.8,49.4782847,-0.521715274,0.0784080775,0.868296587,0.799965627,2
1.82,49.471764,-0.528236021,0.0815577189,0.875067298,0.799964412,2
1.84,49.4654461,-0.534553875,0.0847280299,0.88160763,0.799963187,2
1.86,49.4593261,-0.540673941,0.0879171806,0.887923682,0.799961954,2
1.88,49.4533988,-0.546601206,0.0911234003,0.894021391,0.799960712,2
1.9,49.4476595,-0.552340547,0.094344976,0.899906538,0.799959462,2
1.92,49.4421033,-0.557896728,0.0975802506,0.905584759,0.799958204,2
1.94,49.4367256,-0.563274404,0.100827622,0.911061548,0.799956939,2
1.96,49.4315219,-0.568478127,0.104085541,0.916342264,0.799955666,2
1.98,49.4264877,-0.573512342,0.107352511,0.921432139,0.799954387,2
2,49.4216186,-0.578381396,0.110627084,0.926336275,0.7999531,2
2.02,49.4169105,-0.583089534,0.113907864,0.931059654,0.799951807,2
2.04,49.4123591,-0.587640907,0.117193502,0.935607137,0.799950508,2
2.06,49.4079604,-0.592039569,0.120482694,0.939983473,0.799949202,2
2.08,49.4037105,-0.59628948,0.123774184,0.944193296,0.799947891,2
2.1,49.3996055,-0.600394513,0.127066758,0.948241128,0.799946574,2
2.12,49.3956416,-0.604358449,0.130359246,0.952131388,0.799945251,2
2.14,49.391815,-0.608184982,0.133650522,0.955868388,0.799943924,2
2.16,49.3881223,-0.611877722,0.136939496,0.959456337,0.799942591,2
2.18,49.3845598,-0.615440195,0.140225123,0.962899345,0.799941254,2
2.2,49.3811242,-0.618875844,0.143506393,0.966201425,0.799939912,2
2.22,49.377812,-0.622188036,0.146782336,0.969366493,0.799938565,2
2.24,49.3746199,-0.625380056,0.150052017,0.972398371,0.799937215,2
2.26,49.3715449,-0.628455113,0.153314537,0.975300793,0.79993586,2
2.28,49.3685837,-0.631416344,0.156569033,0.978077399,0.799934502,2
2.3,49.3657332,-0.634266809,0.159814673,0.980731745,0.79993314,2
2.32,49.3629905,-0.6370095,0.163050661,0.983267301,0.799931774,2
2.34,49.3603527,-0.639647335,0.16627623,0.985687452,0.799930405,2
2.36,49.3578168,-0.642183166,0.169490647,0.987995503,0.799929033,2
2.38,49.3553802,-0.644619778,0.172693206,0.990194678,0.799927658,2
2.4,49.3530401,-0.646959889,0.175883232,0.992288123,0.799926279,2
2.42,49.3507938,-0.649206153,0.179060079,0.994278909,0.799924898,2
2.44,49.3486388,-0.651361162,0.182223127,0.996170029,0.799923515,2
2.46,49.3465726,-0.653427445,0.185371785,0.997964406,0.799922129,2
2.48,49.3445925,-0.655407472,0.188505487,0.999664891,0.79992074,2
2.5,49.3426963,-0.657303654,0.191623692,1.00127426,0.79991935,2
2.52,49.3408817,-0.659118345,0.194725884,1.00279524,0.799917957,2
2.54,49.3391462,-0.66085384,0.197811572,1.00423045,0.799916562,2
2.56,49.3374876,-0.662512382,0.200880287,1.0055825,0.799915165,2
2.58,49.3359038,-0.664096159,0.203931583,1.00685388,0.799913767,2
2.6,49.3343927,-0.665607306,0.206965037,1.00804706,0.799912367,2
2.62,49.3329521,-0.667047906,0.209980245,1.00916443,0.799910965,2
2.64,49.33158,-0.668419993,0.212976826,1.01020831,0.799909562,2
2.66,49.3302744,-0.669725551,0.215954417,1.011181,0.799908158,2
2.68,49.3290335,-0.670966514,0.218912677,1.01208469,0.799906752,2
2.7,49.3278552,-0.672144772,0.221851283,1.01292156,0.799905345,2
2.72,49.3267378,-0.673262167,0.224769928,1.01369371,0.799903938,2
2.74,49.3256795,-0.674320496,0.227668326,1.0144032,0.799902529,2
2.76,49.3246785,-0.675321512,0.230546207,1.01505202,0.799901119,2
2.78,49.3237331,-0.676266925,0.233403317,1.01564214,0.799899708,2
2.8,49.3228416,-0.677158402,0.236239419,1.01617544,0.799898297,2
2.82,49.3220024,-0.677997571,0.239054292,1.01665378,0.799896885,2
2.84,49.321214,-0.678786018,0.24184773,1.01707897,0.799895472,2
2.86,49.3204747,-0.679525289,0.244619541,1.01745277,0.799894059,2
2.88,49.3197831,-0.680216892,0.247369548,1.01777689,0.799892646,2
2.9,49.3191377,-0.680862299,0.250097587,1.01805299,0.799891232,2
2.92,49.3185371,-0.681462942,0.25280351,1.01828271,0.799889817,2
2.94,49.3179798,-0.682020221,0.255487178,1.01846762,0.799888403,2
2.96,49.3174645,-0.682535496,0.258148468,1.01860928,0.799886988,2
2.98,49.3169899,-0.683010097,0.260787267,1.01870917,0.799885573,2
3,49.3165547,-0.683445318,0.263403476,1.01876877,0.799884158,2
3.02,49.3161576,-0.68384242,0.265997003,1.01878949,0.799882743,2
3.04,49.3157974,-0.684202633,0.268567773,1.01877273,0.799881328,2
3.06,49.3154728,-0.684527156,0.271115716,1.01871983,0.799879913,2
3.08,49.3151828,-0.684817156,0.273640776,1.0186321,0.799878499,2
3.1,49.3149262,-0.68507377,0.276142906,1.01851083,0.799877084,2
3.12,49.3147019,-0.685298106,0.278622067,1.01835725,0.79987567,2
3.14,49.3145088,-0.685491245,0.281078231,1.01817258,0.799874255,2
3.16,49.3143458,-0.685654237,0.283511379,1.01795799,0.799872842,2
3.18,49.3142119,-0.685788107,0.285921499,1.01771463,0.799871428,2
3.2,49.3141061,-0.685893853,0.288308588,1.01744362,0.799870015,2
3.22,49.3140276,-0.685972447,0.290672653,1.01714604,0.799868602,2
3.24,49.3139752,-0.686024833,0.293013706,1.01682294,0.79986719,2
3.26,49.3139481,-0.686051934,0.295331768,1.01647534,0.799865778,2
3.28,49.3139454,-0.686054646,0.297626866,1.01610426,0.799864367,2
3.3,49.3139662,-0.686033841,0.299899034,1.01571065,0.799862956,2
3.32,49.3140096,-0.685990371,0.302148315,1.01529545,0.799861546,2
3.34,49.3140749,-0.685925062,0.304374755,1.01485959,0.799860137,2
3.36,49.3141613,-0.68583872,0.306578408,1.01440396,0.799858728,2
3.38,49.3142679,-0.685732126,0.308759333,1.01392941,0.79985732,2
3.4,49.314394,-0.685606045,0.310917597,1.01343679,0.799855912,2
3.42,49.3145388,-0.685461217,0.313053269,1.01292692,0.799854505,2
3.44,49.3147016,-0.685298364,0.315166426,1.01240059,0.799853099,2
3.46,49.3148818,-0.685118188,0.317257149,1.01185857,0.799851694,2
3.48,49.3150786,-0.684921371,0.319325523,1.01130161,0.799850289,2
3.5,49.3152914,-0.684708578,0.321371639,1.01073043,0.799848885,2
3.52,49.3155195,-0.684480454,0.323395591,1.01014575,0.799847482,2
3.54,49.3157624,-0.684237627,0.325397479,1.00954824,0.79984608,2
3.56,49.3160193,-0.683980707,0.327377405,1.00893857,0.799844679,2
3.58,49.3162897,-0.683710288,0.329335477,1.00831739,0.799843278,2
3.6,49.3165731,-0.683426945,0.331271804,1.00768532,0.799841879,2
3.62,49.3168688,-0.68313124,0.333186502,1.00704297,0.79984048,2
3.64,49.3171763,-0.682823717,0.335079686,1.00639093,0.799839082,2
3.66,49.3174951,-0.682504905,0.336951479,1.00572976,0.799837686,2
3.68,49.3178247,-0.682175318,0.338802004,1.00506003,0.79983629,2
3.7,49.3181645,-0.681835456,0.340631386,1.00438228,0.799834895,2
3.72,49.3185142,-0.681485803,0.342439756,1.00369701,0.799833501,2
3.74,49.3188732,-0.681126831,0.344227245,1.00300474,0.799832108,2
3.76,49.319241,-0.680758996,0.345993987,1.00230595,0.799830715,2
3.78,49.3196173,-0.680382743,0.347740119,1.00160112,0.799829324,2
3.8,49.3200015,-0.679998503,0.34946578,1.00089071,0.799827934,2
3.82,49.3203933,-0.679606693,0.35117111,1.00017515,0.799826545,2
3.84,49.3207923,-0.67920772,0.352856253,0.999454893,0.799825157,2
3.86,49.321198,-0.678801977,0.354521352,0.998730339,0.79982377,2
3.88,49.3216102,-0.678389847,0.356166554,0.998001894,0.799822384,2
3.9,49.3220283,-0.6779717,0.357792007,0.997269948,0.799820999,2
3.92,49.3224521,-0.677547894,0.359397861,0.996534878,0.799819615,2
3.94,49.3228812,-0.677118779,0.360984265,0.995797049,0.799818232,2
3.96,49.3233153,-0.676684692,0.362551373,0.995056812,0.79981685,2
3.98,49.323754,-0.67624596,0.364099337,0.994314509,0.799815469,2
4,49.3241971,-0.675802901,0.365628311,0.993570469,0.799814089,2
4.02,49.3246442,-0.675355821,0.367138451,0.992825008,0.79981271,2
4.04,49.325095,-0.674905019,0.368629913,0.992078435,0.799811332,2
4.06,49.3255492,-0.674450783,0.370102854,0.991331045,0.799809955,2
4.08,49.3260066,-0.673993391,0.371557432,0.990583125,0.799808579,2
4.1,49.3264669,-0.673533114,0.372993805,0.98983495,0.799807204,2
4.12,49.3269298,-0.673070214,0.374412132,0.989086787,0.799805831,2
4.14,49.3273951,-0.672604943,0.375812572,0.988338892,0.799804458,2
4.16,49.3278625,-0.672137546,0.377195286,0.987591513,0.799803086,2
4.18,49.3283317,-0.67166826,0.378560433,0.986844887,0.799801716,2
4.2,49.3288027,-0.671197314,0.379908175,0.986099244,0.799800346,2
4.22,49.3292751,-0.670724929,0.381238672,0.985354806,0.799798977,2
4.24,49.3297487,-0.670251319,0.382552085,0.984611784,0.79979761,2
4.26,49.3302233,-0.669776691,0.383848574,0.983870383,0.799796243,2
4.28,49.3306988,-0.669301244,0.385128302,0.9831308,0.799794878,2
4.3,49.3311748,-0.66882517,0.386391429,0.982393223,0.799793514,2
4.32,49.3316513,-0.668348656,0.387638116,0.981657835,0.79979215,2
4.34,49.3321281,-0.667871881,0.388868524,0.980924809,0.799790788,2
4.36,49.332605,-0.667395018,0.390082814,0.980194312,0.799789426,2
4.38,49.3330818,-0.666918235,0.391281146,0.979466505,0.799788066,2
4.4,49.3335583,-0.666441692,0.392463681,0.978741541,0.799786707,2
4.42,49.3340345,-0.665965544,0.393630577,0.978019567,0.799785348,2
4.44,49.3345101,-0.665489941,0.394781996,0.977300725,0.799783991,2
4.46,49.334985,-0.665015026,0.395918095,0.976585149,0.799782635,2
4.48,49.3354591,-0.664540938,0.397039035,0.975872968,0.799781279,2
4.5,49.3359322,-0.66406781,0.398144972,0.975164304,0.799779925,2
4.52,49.3364042,-0.663595771,0.399236065,0.974459276,0.799778571,2
4.54,49.3368751,-0.663124943,0.40031247,0.973757994,0.799777219,2
4.56,49.3373446,-0.662655445,0.401374345,0.973060567,0.799775867,2
4.58,49.3378126,-0.66218739,0.402421845,0.972367094,0.799774517,2
4.6,49.3382791,-0.661720888,0.403455126,0.971677673,0.799773167,2
4.62,49.338744,-0.661256042,0.404474342,0.970992395,0.799771819,2
4.64,49.339207,-0.660792954,0.405479646,0.970311348,0.799770471,2
4.66,49.3396683,-0.66033172,0.406471194,0.969634613,0.799769124,2
4.68,49.3401276,-0.659872431,0.407449135,0.968962268,0.799767779,2
4.7,49.3405848,-0.659415175,0.408413624,0.968294387,0.799766434,2
4.72,49.34104,-0.658960037,0.409364809,0.96763104,0.79976509,2
4.74,49.3414929,-0.658507098,0.410302841,0.966972292,0.799763747,2
4.76,49.3419436,-0.658056433,0.411227869,0.966318205,0.799762405,2
4.78,49.3423919,-0.657608117,0.412140042,0.965668835,0.799761064,2
4.8,49.3428378,-0.657162219,0.413039507,0.965024238,0.799759723,2
4.82,49.3432812,-0.656718805,0.413926409,0.964384463,0.799758384,2
4.84,49.3437221,-0.656277939,0.414800896,0.963749557,0.799757045,2
4.86,49.3441603,-0.655839681,0.41566311,0.963119564,0.799755708,2
4.88,49.3445959,-0.655404089,0.416513197,0.962494525,0.799754371,2
4.9,49.3450288,-0.654971216,0.417351297,0.961874477,0.799753035,2
4.92,49.3454589,-0.654541113,0.418177554,0.961259453,0.7997517,2
4.94,49.3458862,-0.654113829,0.418992107,0.960649485,0.799750366,2
4.96,49.3463106,-0.65368941,0.419795097,0.960044602,0.799749032,2
4.98,49.3467321,-0.653267899,0.420586661,0.959444828,0.7997477,2
5,49.3471507,-0.652849336,0.421366938,0.958850187,0.799746368,2
5.02,49.3475662,-0.65243376,0.422136063,0.958260699,0.799745037,2
5.04,49.3479788,-0.652021206,0.422894173,0.957676382,0.799743707,2
5.06,49.3483883,-0.651611708,0.423641401,0.957097252,0.799742378,2
5.08,49.3487947,-0.651205296,0.42437788,0.956523321,0.799741049,2
5.1,49.349198,-0.650802001,0.425103744,0.9559546,0.799739721,2
5.12,49.3495982,-0.650401848,0.425819122,0.955391098,0.799738394,2
5.14,49.3499951,-0.650004863,0.426524146,0.954832822,0.799737068,2
5.16,49.3503889,-0.649611068,0.427218943,0.954279776,0.799735743,2
5.18,49.3507795,-0.649220485,0.427903642,0.953731962,0.799734418,2
5.2,49.3511669,-0.648833132,0.42857837,0.953189381,0.799733094,2
5.22,49.351551,-0.648449026,0.429243251,0.952652033,0.799731771,2
5.24,49.3519318,-0.648068185,0.429898411,0.952119913,0.799730449,2
5.26,49.3523094,-0.64769062,0.430543972,0.951593018,0.799729127,2
5.28,49.3526837,-0.647316345,0.431180058,0.951071342,0.799727806,2
5.3,49.3530546,-0.64694537,0.431806788,0.950554876,0.799726486,2
5.32,49.3534223,-0.646577704,0.432424283,0.950043611,0.799725166,2
5.34,49.3537866,-0.646213355,0.433032662,0.949537537,0.799723848,2
5.36,49.3541477,-0.645852329,0.433632042,0.949036641,0.79972253,2
5.38,49.3545054,-0.645494632,0.43422254,0.94854091,0.799721212,2
5.4,49.3548597,-0.645140267,0.434804272,0.948050328,0.799719895,2
5.42,49.3552108,-0.644789236,0.435377351,0.947564881,0.799718579,2
5.44,49.3555585,-0.64444154,0.435941891,0.947084551,0.799717264,2
5.46,49.3559028,-0.644097179,0.436498005,0.946609319,0.799715949,2
5.48,49.3562438,-0.643756152,0.437045802,0.946139165,0.799714635,2
5.5,49.3565815,-0.643418457,0.437585393,0.945674071,0.799713322,2
5.52,49.3569159,-0.64308409,0.438116887,0.945214013,0.799712009,2
5.54,49.357247,-0.642753047,0.438640391,0.944758969,0.799710697,2
5.56,49.3575747,-0.642425322,0.439156011,0.944308917,0.799709385,2
5.58,49.3578991,-0.642100909,0.439663854,0.943863831,0.799708074,2
5.6,49.3582202,-0.641779802,0.440164023,0.943423688,0.799706764,2
5.62,49.358538,-0.641461991,0.440656621,0.94298846,0.799705454,2
5.64,49.3588525,-0.641147467,0.441141751,0.942558121,0.799704145,2
5.66,49.3591638,-0.640836222,0.441619513,0.942132644,0.799702837,2
5.68,49.3594718,-0.640528244,0.442090007,0.941712,0.799701529,2
5.7,49.3597765,-0.640223522,0.442553333,0.941296162,0.799700221,2
5.72,49.360078,-0.639922045,0.443009588,0.940885099,0.799698915,2
5.74,49.3603762,-0.639623799,0.443458869,0.940478782,0.799697608,2
5.76,49.3606712,-0.639328771,0.44390127,0.940077181,0.799696303,2
5.78,49.3609631,-0.639036946,0.444336888,0.939680263,0.799694998,2
5.8,49.3612517,-0.638748312,0.444765815,0.939287998,0.799693693,2
5.82,49.3615371,-0.638462852,0.445188143,0.938900354,0.799692389,2
5.84,49.3618194,-0.63818055,0.445603964,0.938517299,0.799691085,2
5.86,49.3620986,-0.637901391,0.446013369,0.938138798,0.799689783,2
5.88,49.3623746,-0.637625358,0.446416446,0.93776482,0.79968848,2
5.9,49.3626476,-0.637352434,0.446813285,0.937395331,0.799687178,2
5.92,49.3629174,-0.6370826,0.447203971,0.937030296,0.799685877,2
5.94,49.3631842,-0.636815839,0.447588593,0.936669682,0.799684576,2
5.96,49.3634479,-0.636552132,0.447967233,0.936313453,0.799683275,2
5.98,49.3637085,-0.636291461,0.448339978,0.935961576,0.799681975,2
6,49.3639662,-0.636033806,0.44870691,0.935614015,0.799680676,2
6.02,49.3642209,-0.635779148,0.449068111,0.935270735,0.799679377,2
6.04,49.3644725,-0.635527467,0.449423663,0.934931699,0.799678078,2
6.06,49.3647213,-0.635278742,0.449773647,0.934596874,0.79967678,2
6.08,49.364967,-0.635032953,0.45011814,0.934266223,0.799675483,2
6.1,49.3652099,-0.63479008,0.450457222,0.933939709,0.799674186,2
6.12,49.3654499,-0.6345501,0.450790971,0.933617297,0.799672889,2
6.14,49.365687,-0.634312994,0.451119462,0.93329895,0.799671593,2
6.16,49.3659213,-0.634078739,0.451442771,0.932984633,0.799670297,2
6.18,49.3661527,-0.633847314,0.451760973,0.932674308,0.799669002,2
6.2,49.3663813,-0.633618696,0.452074142,0.932367939,0.799667707,2
6.22,49.3666071,-0.633392865,0.45238235,0.932065491,0.799666412,2
6.24,49.3668302,-0.633169796,0.45268567,0.931766925,0.799665118,2
6.26,49.3670505,-0.632949469,0.452984171,0.931472206,0.799663824,2
6.28,49.3672681,-0.63273186,0.453277925,0.931181297,0.799662531,2
6.3,49.3674831,-0.632516948,0.453567001,0.930894161,0.799661238,2
6.32,49.3676953,-0.632304708,0.453851467,0.930610762,0.799659945,2
6.34,49.3679049,-0.632095119,0.45413139,0.930331063,0.799658653,2
6.36,49.3681118,-0.631888156,0.454406837,0.930055028,0.799657362,2
6.38,49.3683162,-0.631683798,0.454677873,0.92978262,0.79965607,2
6.4,49.368518,-0.631482021,0.454944565,0.929513803,0.799654779,2
6.42,49.3687172,-0.631282802,0.455206976,0.92924854,0.799653489,2
6.44,49.3689139,-0.631086117,0.455465168,0.928986796,0.799652198,2
6.46,49.3691081,-0.630891944,0.455719206,0.928728534,0.799650908,2
6.48,49.3692997,-0.630700259,0.455969149,0.928473717,0.799649619,2
6.5,49.369489,-0.630511039,0.45621506,0.928222311,0.79964833,2
6.52,49.3696757,-0.63032426,0.456456997,0.927974279,0.799647041,2
6.54,49.3698601,-0.630139899,0.456695021,0.927729585,0.799645752,2
6.56,49.3700421,-0.629957933,0.45692919,0.927488195,0.799644464,2
6.58,49.3702217,-0.629778338,0.457159562,0.927250071,0.799643176,2
6.6,49.3703989,-0.629601092,0.457386193,0.92701518,0.799641889,2
6.62,49.3705738,-0.62942617,0.45760914,0.926783486,0.799640602,2
6.64,49.3707464,-0.62925355,0.457828458,0.926554954,0.799639315,2
6.66,49.3709168,-0.629083209,0.458044202,0.926329549,0.799638028,2
6.68,49.3710849,-0.628915123,0.458256425,0.926107237,0.799636742,2
6.7,49.3712507,-0.62874927,0.458465182,0.925887983,0.799635456,2
6.72,49.3714144,-0.628585625,0.458670524,0.925671753,0.79963417,2
6.74,49.3715758,-0.628424167,0.458872504,0.925458513,0.799632885,2
6.76,49.3717351,-0.628264873,0.459071172,0.925248228,0.7996316,2
6.78,49.3718923,-0.628107719,0.45926658,0.925040866,0.799630315,2
6.8,49.3720473,-0.627952683,0.459458776,0.924836393,0.799629031,2
6.82,49.3722003,-0.627799742,0.459647809,0.924634774,0.799627746,2
6.84,49.3723511,-0.627648874,0.459833729,0.924435979,0.799626462,2
6.86,49.3724999,-0.627500056,0.460016583,0.924239973,0.799625179,2
6.88,49.3726467,-0.627353266,0.460196417,0.924046723,0.799623895,2
6.9,49.3727915,-0.627208482,0.460373279,0.923856199,0.799622612,2
6.92,49.3729343,-0.627065681,0.460547215,0.923668366,0.799621329,2
6.94,49.3730752,-0.626924842,0.460718268,0.923483194,0.799620047,2
6.96,49.3732141,-0.626785942,0.460886484,0.923300651,0.799618764,2
6.98,49.373351,-0.62664896,0.461051907,0.923120704,0.799617482,2
7,49.3734861,-0.626513874,0.461214579,0.922943324,0.7996162,2
7.02,49.3736193,-0.626380663,0.461374544,0.922768478,0.799614919,2
7.04,49.3737507,-0.626249305,0.461531844,0.922596137,0.799613637,2
7.06,49.3738802,-0.626119779,0.46168652,0.922426269,0.799612356,2
7.08,49.3740079,-0.625992063,0.461838613,0.922258844,0.799611075,2
7.1,49.3741339,-0.625866138,0.461988164,0.922093832,0.799609795,2
7.12,49.374258,-0.625741981,0.462135211,0.921931204,0.799608514,2
7.14,49.3743804,-0.625619572,0.462279795,0.92177093,0.799607234,2
7.16,49.3745011,-0.625498891,0.462421953,0.92161298,0.799605954,2
7.18,49.3746201,-0.625379916,0.462561725,0.921457326,0.799604674,2
7.2,49.3747374,-0.625262629,0.462699147,0.921303939,0.799603395,2
7.22,49.374853,-0.625147008,0.462834257,0.921152789,0.799602115,2
7.24,49.374967,-0.625033033,0.46296709,0.92100385,0.799600836,2
7.26,49.3750793,-0.624920686,0.463097684,0.920857093,0.799599557,2
7.28,49.3751901,-0.624809945,0.463226072,0.920712489,0.799598278,2
7.3,49.3752992,-0.624700792,0.463352291,0.920570013,0.799597,2
7.32,49.3754068,-0.624593207,0.463476374,0.920429635,0.799595721,2
7.34,49.3755128,-0.624487171,0.463598356,0.92029133,0.799594443,2
7.36,49.3756173,-0.624382665,0.46371827,0.920155071,0.799593165,2
7.38,49.3757203,-0.624279669,0.463836149,0.92002083,0.799591887,2
7.4,49.3758218,-0.624178166,0.463952025,0.919888583,0.79959061,2
7.42,49.3759219,-0.624078136,0.46406593,0.919758302,0.799589332,2
7.44,49.3760204,-0.623979561,0.464177896,0.919629962,0.799588055,2
7.46,49.3761176,-0.623882422,0.464287953,0.919503538,0.799586778,2
7.48,49.3762133,-0.623786703,0.464396133,0.919379005,0.799585501,2
7.5,49.3763076,-0.623692384,0.464502465,0.919256337,0.799584224,2
7.52,49.3764006,-0.623599448,0.46460698,0.919135509,0.799582948,2
7.54,49.3764921,-0.623507878,0.464709705,0.919016498,0.799581671,2
7.56,49.3765823,-0.623417655,0.464810671,0.918899279,0.799580395,2
7.58,49.3766712,-0.623328762,0.464909906,0.918783828,0.799579119,2
7.6,49.3767588,-0.623241183,0.465007437,0.918670122,0.799577843,2
7.62,49.3768451,-0.623154901,0.465103292,0.918558137,0.799576567,2
7.64,49.3769301,-0.623069898,0.465197498,0.918447849,0.799575292,2
7.66,49.3770138,-0.622986157,0.465290083,0.918339236,0.799574016,2
7.68,49.3770963,-0.622903664,0.465381071,0.918232275,0.799572741,2
7.7,49.3771776,-0.6228224,0.46547049,0.918126944,0.799571466,2
7.72,49.3772576,-0.62274235,0.465558364,0.91802322,0.799570191,2
7.74,49.3773365,-0.622663498,0.465644719,0.917921082,0.799568916,2
7.76,49.3774142,-0.622585828,0.46572958,0.917820508,0.799567641,2
7.78,49.3774907,-0.622509325,0.465812971,0.917721475,0.799566366,2
7.8,49.377566,-0.622433972,0.465894916,0.917623964,0.799565092,2
7.82,49.3776402,-0.622359755,0.465975438,0.917527953,0.799563818,2
7.84,49.3777133,-0.622286659,0.466054562,0.917433421,0.799562543,2
7.86,49.3777853,-0.622214667,0.466132309,0.917340347,0.799561269,2
7.88,49.3778562,-0.622143766,0.466208704,0.917248712,0.799559995,2
7.9,49.3779261,-0.622073941,0.466283767,0.917158495,0.799558721,2
7.92,49.3779948,-0.622005177,0.466357521,0.917069677,0.799557448,2
7.94,49.3780625,-0.621937459,0.466429987,0.916982238,0.799556174,2
7.96,49.3781292,-0.621870774,0.466501187,0.916896158,0.799554901,2
7.98,49.3781949,-0.621805107,0.466571141,0.916811418,0.799553627,2
8,49.3782596,-0.621740445,0.46663987,0.916728,0.799552354,2
8.02,49.3783232,-0.621676774,0.466707395,0.916645885,0.799551081,2
8.04,49.3783859,-0.621614079,0.466773736,0.916565054,0.799549808,2
8.06,49.3784477,-0.621552348,0.466838911,0.916485488,0.799548535,2
8.08,49.3785084,-0.621491567,0.46690294,0.916407171,0.799547262,2
8.1,49.3785683,-0.621431724,0.466965844,0.916330084,0.79954599,2
8.12,49.3786272,-0.621372804,0.467027639,0.91625421,0.799544717,2
8.14,49.3786852,-0.621314795,0.467088345,0.91617953,0.799543445,2
8.16,49.3787423,-0.621257685,0.46714798,0.916106029,0.799542172,2
8.18,49.3787985,-0.621201461,0.467206562,0.916033689,0.7995409,2
8.2,49.3788539,-0.62114611,0.467264108,0.915962492,0.799539628,2
8.22,49.3789084,-0.621091621,0.467320635,0.915892424,0.799538356,2
8.24,49.378962,-0.62103798,0.467376162,0.915823467,0.799537084,2
8.26,49.3790148,-0.620985177,0.467430704,0.915755605,0.799535812,2
8.28,49.3790668,-0.620933198,0.467484279,0.915688823,0.79953454,2
8.3,49.379118,-0.620882033,0.467536901,0.915623104,0.799533268,2
8.32,49.3791683,-0.62083167,0.467588589,0.915558433,0.799531997,2
8.34,49.3792179,-0.620782097,0.467639356,0.915494794,0.799530725,2
8.36,49.3792667,-0.620733303,0.467689219,0.915432174,0.799529454,2
8.38,49.3793147,-0.620685278,0.467738194,0.915370555,0.799528182,2
8.4,49.379362,-0.620638009,0.467786294,0.915309925,0.799526911,2
8.42,49.3794085,-0.620591486,0.467833535,0.915250268,0.79952564,2
8.44,49.3794543,-0.620545699,0.467879932,0.91519157,0.799524369,2
8.46,49.3794994,-0.620500636,0.467925498,0.915133816,0.799523098,2
8.48,49.3795437,-0.620456288,0.467970248,0.915076993,0.799521827,2
8.5,49.3795874,-0.620412643,0.468014196,0.915021087,0.799520556,2
8.52,49.3796303,-0.620369692,0.468057355,0.914966084,0.799519285,2
8.54,49.3796726,-0.620327425,0.468099739,0.914911971,0.799518015,2
8.56,49.3797142,-0.620285831,0.468141361,0.914858734,0.799516744,2
8.58,49.3797551,-0.6202449,0.468182234,0.91480636,0.799515473,2
8.6,49.3797954,-0.620204624,0.468222371,0.914754837,0.799514203,2
8.62,49.379835,-0.620164992,0.468261784,0.914704152,0.799512932,2
8.64,49.379874,-0.620125995,0.468300486,0.914654291,0.799511662,2
8.66,49.3799124,-0.620087623,0.468338489,0.914605243,0.799510392,2
8.68,49.3799501,-0.620049868,0.468375805,0.914556995,0.799509122,2
8.7,49.3799873,-0.62001272,0.468412446,0.914509535,0.799507851,2
8.72,49.3800238,-0.61997617,0.468448424,0.914462852,0.799506581,2
8.74,49.3800598,-0.619940209,0.468483749,0.914416933,0.799505311,2
8.76,49.3800952,-0.619904829,0.468518433,0.914371766,0.799504041,2
8.78,49.38013,-0.619870021,0.468552487,0.914327341,0.799502771,2
8.8,49.3801642,-0.619835776,0.468585923,0.914283647,0.799501502,2
8.82,49.3801979,-0.619802086,0.46861875,0.914240671,0.799500232,2
8.84,49.3802311,-0.619768943,0.468650979,0.914198403,0.799498962,2
8.86,49.3802637,-0.619736338,0.468682621,0.914156832,0.799497692,2
8.88,49.3802957,-0.619704263,0.468713685,0.914115947,0.799496423,2
8.9,49.3803273,-0.619672711,0.468744182,0.914075738,0.799495153,2
8.92,49.3803583,-0.619641673,0.468774122,0.914036195,0.799493884,2
8.94,49.3803889,-0.619611142,0.468803514,0.913997306,0.799492614,2
8.96,49.3804189,-0.61958111,0.468832368,0.913959063,0.799491345,2
8.98,49.3804484,-0.619551569,0.468860693,0.913921455,0.799490076,2
9,49.3804775,-0.619522512,0.468888499,0.913884472,0.799488806,2
9.02,49.3805061,-0.619493932,0.468915794,0.913848104,0.799487537,2
9.04,49.3805342,-0.619465821,0.468942588,0.913812342,0.799486268,2
9.06,49.3805618,-0.619438173,0.468968888,0.913777177,0.799484999,2
9.08,49.380589,-0.619410979,0.468994705,0.913742599,0.79948373,2
9.1,49.3806158,-0.619384234,0.469020046,0.913708599,0.799482461,2
9.12,49.3806421,-0.61935793,0.469044919,0.913675169,0.799481192,2
9.14,49.3806679,-0.619332061,0.469069333,0.913642298,0.799479923,2
9.16,49.3806934,-0.619306619,0.469093297,0.913609978,0.799478654,2
9.18,49.3807184,-0.619281598,0.469116817,0.913578202,0.799477385,2
9.2,49.380743,-0.619256993,0.469139901,0.913546959,0.799476116,2
9.22,49.3807672,-0.619232795,0.469162558,0.913516242,0.799474847,2
9.24,49.380791,-0.619209,0.469184795,0.913486043,0.799473579,2
9.26,49.3808144,-0.6191856,0.469206619,0.913456352,0.79947231,2
9.28,49.3808374,-0.61916259,0.469228038,0.913427163,0.799471041,2
9.3,49.38086,-0.619139964,0.469249058,0.913398468,0.799469773,2
9.32,49.3808823,-0.619117715,0.469269687,0.913370258,0.799468504,2
9.34,49.3809042,-0.619095838,0.469289932,0.913342525,0.799467236,2
9.36,49.3809257,-0.619074327,0.469309799,0.913315263,0.799465967,2
9.38,49.3809468,-0.619053175,0.469329296,0.913288463,0.799464699,2
9.4,49.3809676,-0.619032379,0.469348428,0.913262119,0.79946343,2
9.42,49.3809881,-0.619011931,0.469367203,0.913236223,0.799462162,2
9.44,49.3810082,-0.618991827,0.469385626,0.913210767,0.799460893,2
9.46,49.3810279,-0.618972061,0.469403705,0.913185746,0.799459625,2
9.48,49.3810474,-0.618952628,0.469421444,0.913161151,0.799458357,2
9.5,49.3810665,-0.618933522,0.469438851,0.913136977,0.799457089,2
9.52,49.3810853,-0.618914739,0.469455931,0.913113215,0.79945582,2
9.54,49.3811037,-0.618896273,0.469472689,0.91308986,0.799454552,2
9.56,49.3811219,-0.618878119,0.469489132,0.913066906,0.799453284,2
9.58,49.3811397,-0.618860272,0.469505266,0.913044345,0.799452016,2
9.6,49.3811573,-0.618842728,0.469521096,0.913022171,0.799450748,2
9.62,49.3811745,-0.618825482,0.469536626,0.913000378,0.79944948,2
9.64,49.3811915,-0.618808528,0.469551864,0.912978961,0.799448212,2
9.66,49.3812081,-0.618791862,0.469566814,0.912957911,0.799446944,2
9.68,49.3812245,-0.61877548,0.46958148,0.912937225,0.799445676,2
9.7,49.3812406,-0.618759377,0.469595869,0.912916896,0.799444408,2
9.72,49.3812565,-0.618743548,0.469609986,0.912896917,0.79944314,2
9.74,49.381272,-0.61872799,0.469623834,0.912877284,0.799441872,2
9.76,49.3812873,-0.618712698,0.46963742,0.912857991,0.799440604,2
9.78,49.3813023,-0.618697667,0.469650747,0.912839032,0.799439336,2
9.8,49.3813171,-0.618682893,0.469663821,0.912820402,0.799438069,2
9.82,49.3813316,-0.618668373,0.469676646,0.912802095,0.799436801,2
9.84,49.3813459,-0.618654101,0.469689227,0.912784106,0.799435533,2
9.86,49.3813599,-0.618640075,0.469701567,0.91276643,0.799434265,2
9.88,49.3813737,-0.61862629,0.469713672,0.912749062,0.799432998,2
9.9,49.3813873,-0.618612742,0.469725546,0.912731996,0.79943173,2
9.92,49.3814006,-0.618599427,0.469737192,0.912715228,0.799430462,2
9.94,49.3814137,-0.618586343,0.469748616,0.912698752,0.799429195,2
9.96,49.3814265,-0.618573483,0.46975982,0.912682565,0.799427927,2
9.98,49.3814392,-0.618560847,0.46977081,0.912666661,0.799426659,2
10,49.3814516,-0.618548428,0.469781589,0.912651035,0.799425392,2
10.02,49.3814638,-0.618536225,0.46979216,0.912635683,0.799424124,2
10.04,49.3814758,-0.618524233,0.469802528,0.9126206,0.799422857,2
10.06,49.3814876,-0.618512449,0.469812697,0.912605782,0.799421589,2
10.08,49.3814991,-0.61850087,0.469822669,0.912591225,0.799420322,2
10.1,49.3815105,-0.618489492,0.46983245,0.912576924,0.799419054,2
10.12,49.3815217,-0.618478312,0.469842041,0.912562874,0.799417787,2
10.14,49.3815327,-0.618467326,0.469851447,0.912549073,0.799416519,2
10.16,49.3815435,-0.618456532,0.469860671,0.912535514,0.799415252,2
10.18,49.3815541,-0.618445927,0.469869717,0.912522196,0.799413985,2
10.2,49.3815645,-0.618435506,0.469878587,0.912509112,0.799412717,2
10.22,49.3815747,-0.618425268,0.469887285,0.91249626,0.79941145,2
10.24,49.3815848,-0.618415209,0.469895815,0.912483636,0.799410183,2
10.26,49.3815947,-0.618405326,0.469904178,0.912471236,0.799408915,2
10.28,49.3816044,-0.618395617,0.469912379,0.912459055,0.799407648,2
10.3,49.3816139,-0.618386078,0.46992042,0.912447091,0.799406381,2
10.32,49.3816233,-0.618376706,0.469928305,0.91243534,0.799405113,2
10.34,49.3816325,-0.6183675,0.469936035,0.912423798,0.799403846,2
10.36,49.3816415,-0.618358455,0.469943615,0.912412461,0.799402579,2
10.38,49.3816504,-0.61834957,0.469951046,0.912401327,0.799401312,2
10.4,49.3816592,-0.618340841,0.469958332,0.912390391,0.799400044,2
10.42,49.3816677,-0.618332266,0.469965476,0.91237965,0.799398777,2
10.44,49.3816762,-0.618323843,0.469972479,0.912369102,0.79939751,2
10.46,49.3816844,-0.618315569,0.469979345,0.912358742,0.799396243,2
10.48,49.3816926,-0.618307441,0.469986076,0.912348568,0.799394976,2
10.5,49.3817005,-0.618299458,0.469992675,0.912338576,0.799393709,2
10.52,49.3817084,-0.618291616,0.469999144,0.912328763,0.799392442,2
10.54,49.3817161,-0.618283913,0.470005485,0.912319127,0.799391174,2
10.56,49.3817237,-0.618276347,0.470011702,0.912309664,0.799389907,2
10.58,49.3817311,-0.618268915,0.470017796,0.912300371,0.79938864,2
10.6,49.3817384,-0.618261616,0.470023769,0.912291246,0.799387373,2
10.62,49.3817456,-0.618254447,0.470029624,0.912282285,0.799386106,2
10.64,49.3817526,-0.618247406,0.470035364,0.912273486,0.799384839,2
10.66,49.3817595,-0.61824049,0.470040989,0.912264846,0.799383572,2
10.68,49.3817663,-0.618233699,0.470046503,0.912256362,0.799382305,2
10.7,49.381773,-0.618227028,0.470051908,0.912248031,0.799381038,2
10.72,49.3817795,-0.618220477,0.470057205,0.912239852,0.799379771,2
10.74,49.381786,-0.618214043,0.470062397,0.91223182,0.799378504,2
10.76,49.3817923,-0.618207725,0.470067485,0.912223934,0.799377237,2
10.78,49.3817985,-0.61820152,0.470072472,0.912216192,0.79937597,2
10.8,49.3818046,-0.618195427,0.470077359,0.91220859,0.799374703,2
10.82,49.3818106,-0.618189443,0.470082149,0.912201127,0.799373436,2
10.84,49.3818164,-0.618183567,0.470086843,0.912193799,0.799372169,2
10.86,49.3818222,-0.618177797,0.470091443,0.912186605,0.799370902,2
10.88,49.3818279,-0.618172131,0.470095951,0.912179542,0.799369635,2
10.9,49.3818334,-0.618166567,0.470100369,0.912172609,0.799368368,2
10.92,49.3818389,-0.618161103,0.470104698,0.912165801,0.799367102,2
10.94,49.3818443,-0.618155739,0.47010894,0.912159119,0.799365835,2
10.96,49.3818495,-0.618150472,0.470113096,0.912152559,0.799364568,2
10.98,49.3818547,-0.6181453,0.470117169,0.912146119,0.799363301,2
11,49.3818598,-0.618140221,0.47012116,0.912139797,0.799362034,2
11.02,49.3818648,-0.618135235,0.47012507,0.912133591,0.799360767,2
11.04,49.3818697,-0.61813034,0.470128901,0.912127499,0.7993595,2
11.06,49.3818745,-0.618125533,0.470132655,0.91212152,0.799358234,2
11.08,49.3818792,-0.618120814,0.470136332,0.91211565,0.799356967,2
11.1,49.3818838,-0.618116182,0.470139936,0.912109889,0.7993557,2
11.12,49.3818884,-0.618111633,0.470143466,0.912104233,0.799354433,2
11.14,49.3818928,-0.618107168,0.470146924,0.912098683,0.799353166,2
11.16,49.3818972,-0.618102784,0.470150312,0.912093234,0.7993519,2
11.18,49.3819015,-0.61809848,0.470153631,0.912087887,0.799350633,2
11.2,49.3819057,-0.618094255,0.470156883,0.912082638,0.799349366,2
11.22,49.3819099,-0.618090107,0.470160068,0.912077487,0.799348099,2
11.24,49.381914,-0.618086036,0.470163188,0.912072431,0.799346832,2
11.26,49.381918,-0.618082039,0.470166245,0.912067469,0.799345566,2
11.28,49.3819219,-0.618078115,0.470169239,0.9120626,0.799344299,2
11.3,49.3819257,-0.618074264,0.470172171,0.91205782,0.799343032,2
11.32,49.3819295,-0.618070483,0.470175043,0.91205313,0.799341765,2
11.34,49.3819332,-0.618066773,0.470177857,0.912048527,0.799340499,2
11.36,49.3819369,-0.61806313,0.470180612,0.91204401,0.799339232,2
11.38,49.3819404,-0.618059555,0.470183311,0.912039577,0.799337965,2
11.4,49.381944,-0.618056046,0.470185955,0.912035228,0.799336698,2
11.42,49.3819474,-0.618052601,0.470188544,0.912030959,0.799335432,2
11.44,49.3819508,-0.618049221,0.470191079,0.91202677,0.799334165,2
11.46,49.3819541,-0.618045903,0.470193562,0.91202266,0.799332898,2
11.48,49.3819574,-0.618042646,0.470195994,0.912018627,0.799331632,2
11.5,49.3819605,-0.61803945,0.470198375,0.912014669,0.799330365,2
11.52,49.3819637,-0.618036313,0.470200707,0.912010786,0.799329098,2
11.54,49.3819668,-0.618033235,0.47020299,0.912006975,0.799327832,2
11.56,49.3819698,-0.618030214,0.470205226,0.912003237,0.799326565,2
11.58,49.3819728,-0.618027249,0.470207415,0.911999569,0.799325298,2
11.6,49.3819757,-0.618024339,0.470209559,0.91199597,0.799324032,2
11.62,49.3819785,-0.618021483,0.470211658,0.911992438,0.799322765,2
11.64,49.3819813,-0.618018681,0.470213714,0.911988974,0.799321498,2
11.66,49.3819841,-0.618015932,0.470215726,0.911985575,0.799320232,2
11.68,49.3819868,-0.618013233,0.470217696,0.91198224,0.799318965,2
11.7,49.3819894,-0.618010585,0.470219625,0.911978969,0.799317698,2
11.72,49.381992,-0.618007987,0.470221514,0.911975759,0.799316432,2
11.74,49.3819946,-0.618005438,0.470223362,0.911972611,0.799315165,2
11.76,49.3819971,-0.618002936,0.470225172,0.911969522,0.799313899,2
11.78,49.3819995,-0.618000481,0.470226944,0.911966492,0.799312632,2
11.8,49.3820019,-0.617998073,0.470228678,0.911963519,0.799311365,2
11.82,49.3820043,-0.61799571,0.470230376,0.911960603,0.799310099,2
11.84,49.3820066,-0.617993391,0.470232038,0.911957743,0.799308832,2
11.86,49.3820089,-0.617991116,0.470233665,0.911954937,0.799307565,2
11.88,49.3820111,-0.617988884,0.470235257,0.911952185,0.799306299,2
11.9,49.3820133,-0.617986694,0.470236816,0.911949485,0.799305032,2
11.92,49.3820155,-0.617984546,0.470238341,0.911946837,0.799303766,2
11.94,49.3820176,-0.617982438,0.470239834,0.91194424,0.799302499,2
11.96,49.3820196,-0.61798037,0.470241295,0.911941692,0.799301233,2
11.98,49.3820217,-0.617978342,0.470242725,0.911939194,0.799299966,2
12,49.3820236,-0.617976352,0.470244125,0.911936743,0.799298699,2
12.02,49.3820256,-0.617974399,0.470245494,0.911934339,0.799297433,2
12.04,49.3820275,-0.617972484,0.470246834,0.911931982,0.799296166,2
12.06,49.3820294,-0.617970605,0.470248146,0.91192967,0.7992949,2
12.08,49.3820312,-0.617968762,0.470249429,0.911927403,0.799293633,2
12.1,49.382033,-0.617966955,0.470250685,0.911925179,0.799292366,2
12.12,49.3820348,-0.617965181,0.470251914,0.911922998,0.7992911,2
12.14,49.3820366,-0.617963442,0.470253116,0.91192086,0.799289833,2
12.16,49.3820383,-0.617961736,0.470254293,0.911918762,0.799288567,2
12.18,49.3820399,-0.617960062,0.470255444,0.911916706,0.7992873,2
12.2,49.3820416,-0.61795842,0.47025657,0.911914689,0.799286034,2
12.22,49.3820432,-0.61795681,0.470257671,0.911912711,0.799284767,2
12.24,49.3820448,-0.617955231,0.470258749,0.911910772,0.799283501,2
12.26,49.3820463,-0.617953682,0.470259803,0.91190887,0.799282234,2
12.28,49.3820478,-0.617952163,0.470260835,0.911907006,0.799280968,2
12.3,49.3820493,-0.617950674,0.470261844,0.911905178,0.799279701,2
12.32,49.3820508,-0.617949213,0.470262831,0.911903385,0.799278434,2
12.34,49.3820522,-0.61794778,0.470263796,0.911901627,0.799277168,2
12.36,49.3820536,-0.617946374,0.47026474,0.911899904,0.799275901,2
12.38,49.382055,-0.617944996,0.470265664,0.911898214,0.799274635,2
12.4,49.3820564,-0.617943645,0.470266567,0.911896558,0.799273368,2
12.42,49.3820577,-0.617942319,0.470267451,0.911894933,0.799272102,2
12.44,49.382059,-0.61794102,0.470268315,0.911893341,0.799270835,2
12.46,49.3820603,-0.617939745,0.47026916,0.91189178,0.799269569,2
12.48,49.3820615,-0.617938495,0.470269986,0.911890249,0.799268302,2
12.5,49.3820627,-0.61793727,0.470270794,0.911888749,0.799267036,2
12.52,49.3820639,-0.617936068,0.470271585,0.911887278,0.799265769,2
12.54,49.3820651,-0.61793489,0.470272357,0.911885836,0.799264503,2
12.56,49.3820663,-0.617933735,0.470273113,0.911884423,0.799263236,2
12.58,49.3820674,-0.617932602,0.470273852,0.911883038,0.79926197,2
12.6,49.3820685,-0.617931491,0.470274574,0.911881679,0.799260703,2
12.62,49.3820696,-0.617930402,0.47027528,0.911880348,0.799259437,2
12.64,49.3820707,-0.617929334,0.47027597,0.911879043,0.79925817,2
12.66,49.3820717,-0.617928288,0.470276645,0.911877764,0.799256904,2
12.68,49.3820727,-0.617927261,0.470277305,0.91187651,0.799255637,2
12.7,49.3820737,-0.617926255,0.47027795,0.911875281,0.799254371,2
12.72,49.3820747,-0.617925269,0.470278581,0.911874077,0.799253104,2
12.74,49.3820757,-0.617924302,0.470279197,0.911872897,0.799251838,2
12.76,49.3820766,-0.617923354,0.4702798,0.91187174,0.799250571,2
12.78,49.3820776,-0.617922424,0.470280388,0.911870606,0.799249305,2
12.8,49.3820785,-0.617921513,0.470280964,0.911869495,0.799248038,2
12.82,49.3820794,-0.61792062,0.470281526,0.911868405,0.799246772,2
12.84,49.3820803,-0.617919745,0.470282076,0.911867338,0.799245505,2
12.86,49.3820811,-0.617918887,0.470282613,0.911866292,0.799244239,2
12.88,49.382082,-0.617918046,0.470283138,0.911865267,0.799242972,2
12.9,49.3820828,-0.617917221,0.470283651,0.911864263,0.799241706,2
12.92,49.3820836,-0.617916413,0.470284153,0.911863279,0.799240439,2
12.94,49.3820844,-0.617915621,0.470284642,0.911862314,0.799239173,2
12.96,49.3820852,-0.617914844,0.470285121,0.911861369,0.799237907,2
12.98,49.3820859,-0.617914083,0.470285588,0.911860443,0.79923664,2
13,49.3820867,-0.617913338,0.470286045,0.911859536,0.799235374,2
13.02,49.3820874,-0.617912607,0.470286491,0.911858647,0.799234107,2
13.04,49.3820881,-0.61791189,0.470286927,0.911857776,0.799232841,2
13.06,49.3820888,-0.617911188,0.470287353,0.911856922,0.799231574,2
13.08,49.3820895,-0.6179105,0.470287769,0.911856086,0.799230308,2
13.1,49.3820902,-0.617909826,0.470288176,0.911855267,0.799229041,2
13.12,49.3820908,-0.617909165,0.470288572,0.911854464,0.799227775,2
13.14,49.3820915,-0.617908518,0.47028896,0.911853678,0.799226508,2
13.16,49.3820921,-0.617907883,0.470289339,0.911852907,0.799225242,2
13.18,49.3820927,-0.617907261,0.470289708,0.911852153,0.799223975,2
13.2,49.3820933,-0.617906652,0.470290069,0.911851413,0.799222709,2
13.22,49.3820939,-0.617906055,0.470290422,0.911850689,0.799221442,2
13.24,49.3820945,-0.61790547,0.470290766,0.91184998,0.799220176,2
13.26,49.3820951,-0.617904897,0.470291102,0.911849285,0.79921891,2
13.28,49.3820957,-0.617904335,0.47029143,0.911848604,0.799217643,2
13.3,49.3820962,-0.617903785,0.470291751,0.911847937,0.799216377,2
13.32,49.3820968,-0.617903246,0.470292063,0.911847284,0.79921511,2
13.34,49.3820973,-0.617902717,0.470292369,0.911846644,0.799213844,2
13.36,49.3820978,-0.6179022,0.470292667,0.911846018,0.799212577,2
13.38,49.3820983,-0.617901693,0.470292958,0.911845404,0.799211311,2
13.4,49.3820988,-0.617901196,0.470293242,0.911844803,0.799210044,2
13.42,49.3820993,-0.61790071,0.470293519,0.911844214,0.799208778,2
13.44,49.3820998,-0.617900233,0.470293789,0.911843638,0.799207511,2
13.46,49.3821002,-0.617899766,0.470294053,0.911843073,0.799206245,2
13.48,49.3821007,-0.617899308,0.470294311,0.91184252,0.799204979,2
13.5,49.3821011,-0.61789886,0.470294562,0.911841979,0.799203712,2
13.52,49.3821016,-0.617898421,0.470294807,0.911841449,0.799202446,2
13.54,49.382102,-0.617897991,0.470295047,0.91184093,0.799201179,2
13.56,49.3821024,-0.61789757,0.47029528,0.911840421,0.799199913,2
13.58,49.3821028,-0.617897158,0.470295508,0.911839923,0.799198646,2
13.6,49.3821032,-0.617896754,0.47029573,0.911839436,0.79919738,2
13.62,49.3821036,-0.617896358,0.470295947,0.911838959,0.799196113,2
13.64,49.382104,-0.61789597,0.470296158,0.911838491,0.799194847,2
13.66,49.3821044,-0.617895591,0.470296364,0.911838034,0.799193581,2
13.68,49.3821048,-0.617895219,0.470296566,0.911837586,0.799192314,2
13.7,49.3821051,-0.617894855,0.470296762,0.911837147,0.799191048,2
13.72,49.3821055,-0.617894498,0.470296953,0.911836718,0.799189781,2
13.74,49.3821059,-0.617894149,0.470297139,0.911836297,0.799188515,2
13.76,49.3821062,-0.617893807,0.470297321,0.911835886,0.799187248,2
13.78,49.3821065,-0.617893472,0.470297498,0.911835483,0.799185982,2
13.8,49.3821069,-0.617893144,0.470297671,0.911835089,0.799184715,2
13.82,49.3821072,-0.617892823,0.47029784,0.911834703,0.799183449,2
13.84,49.3821075,-0.617892509,0.470298004,0.911834325,0.799182183,2
13.86,49.3821078,-0.617892201,0.470298164,0.911833955,0.799180916,2
13.88,49.3821081,-0.6178919,0.47029832,0.911833593,0.79917965,2
13.9,49.3821084,-0.617891604,0.470298472,0.911833238,0.799178383,2
13.92,49.3821087,-0.617891316,0.47029862,0.911832892,0.799177117,2
13.94,49.382109,-0.617891033,0.470298764,0.911832552,0.79917585,2
13.96,49.3821092,-0.617890756,0.470298905,0.91183222,0.799174584,2
13.98,49.3821095,-0.617890484,0.470299042,0.911831895,0.799173318,2
14,49.3821098,-0.617890219,0.470299175,0.911831577,0.799172051,2
14.02,49.38211,-0.617889959,0.470299305,0.911831265,0.799170785,2
14.04,49.3821103,-0.617889705,0.470299432,0.91183096,0.799169518,2
14.06,49.3821105,-0.617889456,0.470299555,0.911830662,0.799168252,2
14.08,49.3821108,-0.617889212,0.470299675,0.91183037,0.799166985,2
14.1,49.382111,-0.617888973,0.470299792,0.911830085,0.799165719,2
14.12,49.3821113,-0.61788874,0.470299906,0.911829805,0.799164453,2
14.14,49.3821115,-0.617888511,0.470300017,0.911829532,0.799163186,2
14.16,49.3821117,-0.617888287,0.470300125,0.911829265,0.79916192,2
14.18,49.3821119,-0.617888068,0.47030023,0.911829003,0.799160653,2
14.2,49.3821121,-0.617887854,0.470300332,0.911828747,0.799159387,2
14.22,49.3821124,-0.617887644,0.470300432,0.911828496,0.79915812,2
14.24,49.3821126,-0.617887439,0.470300529,0.911828251,0.799156854,2
14.26,49.3821128,-0.617887238,0.470300623,0.911828011,0.799155588,2
14.28,49.382113,-0.617887041,0.470300714,0.911827777,0.799154321,2
14.3,49.3821132,-0.617886849,0.470300804,0.911827548,0.799153055,2
14.32,49.3821133,-0.617886661,0.47030089,0.911827323,0.799151788,2
14.34,49.3821135,-0.617886477,0.470300975,0.911827104,0.799150522,2
14.36,49.3821137,-0.617886296,0.470301057,0.911826889,0.799149255,2
14.38,49.3821139,-0.61788612,0.470301137,0.911826679,0.799147989,2
14.4,49.3821141,-0.617885947,0.470301214,0.911826473,0.799146723,2
14.42,49.3821142,-0.617885778,0.47030129,0.911826273,0.799145456,2
14.44,49.3821144,-0.617885613,0.470301363,0.911826076,0.79914419,2
14.46,49.3821145,-0.617885452,0.470301434,0.911825884,0.799142923,2
14.48,49.3821147,-0.617885293,0.470301504,0.911825696,0.799141657,2
14.5,49.3821149,-0.617885139,0.470301571,0.911825512,0.79914039,2
14.52,49.382115,-0.617884987,0.470301636,0.911825333,0.799139124,2
14.54,49.3821152,-0.617884839,0.4703017,0.911825157,0.799137858,2
14.56,49.3821153,-0.617884694,0.470301762,0.911824985,0.799136591,2
14.58,49.3821154,-0.617884553,0.470301821,0.911824817,0.799135325,2
14.6,49.3821156,-0.617884414,0.47030188,0.911824653,0.799134058,2
14.62,49.3821157,-0.617884279,0.470301936,0.911824492,0.799132792,2
14.64,49.3821159,-0.617884146,0.470301991,0.911824335,0.799131525,2
14.66,49.382116,-0.617884016,0.470302044,0.911824182,0.799130259,2
14.68,49.3821161,-0.61788389,0.470302096,0.911824032,0.799128993,2
14.7,49.3821162,-0.617883766,0.470302146,0.911823885,0.799127726,2
14.72,49.3821164,-0.617883644,0.470302195,0.911823742,0.79912646,2
14.74,49.3821165,-0.617883526,0.470302242,0.911823602,0.799125193,2
14.76,49.3821166,-0.61788341,0.470302288,0.911823465,0.799123927,2
14.78,49.3821167,-0.617883296,0.470302332,0.911823331,0.799122661,2
14.8,49.3821168,-0.617883186,0.470302375,0.9118232,0.799121394,2
14.82,49.3821169,-0.617883077,0.470302417,0.911823072,0.799120128,2
14.84,49.382117,-0.617882971,0.470302457,0.911822947,0.799118861,2
14.86,49.3821171,-0.617882867,0.470302497,0.911822825,0.799117595,2
14.88,49.3821172,-0.617882766,0.470302535,0.911822705,0.799116328,2
14.9,49.3821173,-0.617882667,0.470302571,0.911822589,0.799115062,2
14.92,49.3821174,-0.61788257,0.470302607,0.911822475,0.799113796,2
14.94,49.3821175,-0.617882475,0.470302642,0.911822363,0.799112529,2
14.96,49.3821176,-0.617882383,0.470302675,0.911822255,0.799111263,2
14.98,49.3821177,-0.617882292,0.470302707,0.911822148,0.799109996,2
15,49.3821178,-0.617882204,0.470302738,0.911822044,0.79910873,2
15.02,49.3821179,-0.617882118,0.470302769,0.911821943,0.799107463,2
15.04,49.382118,-0.617882033,0.470302798,0.911821844,0.799106197,2
15.06,49.382118,-0.61788195,0.470302826,0.911821747,0.799104931,2
15.08,49.3821181,-0.61788187,0.470302854,0.911821652,0.799103664,2
15.1,49.3821182,-0.617881791,0.47030288,0.91182156,0.799102398,2
15.12,49.3821183,-0.617881714,0.470302906,0.91182147,0.799101131,2
15.14,49.3821184,-0.617881638,0.47030293,0.911821382,0.799099865,2
15.16,49.3821184,-0.617881565,0.470302954,0.911821296,0.799098599,2
15.18,49.3821185,-0.617881493,0.470302977,0.911821212,0.799097332,2
15.2,49.3821186,-0.617881423,0.470302999,0.911821129,0.799096066,2
15.22,49.3821186,-0.617881354,0.470303021,0.911821049,0.799094799,2
15.24,49.3821187,-0.617881287,0.470303041,0.911820971,0.799093533,2
15.26,49.3821188,-0.617881221,0.470303061,0.911820895,0.799092266,2
15.28,49.3821188,-0.617881157,0.47030308,0.91182082,0.799091,2
15.3,49.3821189,-0.617881095,0.470303099,0.911820747,0.799089734,2
15.32,49.382119,-0.617881034,0.470303116,0.911820676,0.799088467,2
15.34,49.382119,-0.617880974,0.470303134,0.911820607,0.799087201,2
15.36,49.3821191,-0.617880916,0.47030315,0.911820539,0.799085934,2
15.38,49.3821191,-0.617880859,0.470303166,0.911820473,0.799084668,2
15.4,49.3821192,-0.617880803,0.470303181,0.911820408,0.799083402,2
15.42,49.3821193,-0.617880749,0.470303196,0.911820345,0.799082135,2
15.44,49.3821193,-0.617880696,0.47030321,0.911820284,0.799080869,2
15.46,49.3821194,-0.617880644,0.470303223,0.911820223,0.799079602,2
15.48,49.3821194,-0.617880594,0.470303236,0.911820165,0.799078336,2
15.5,49.3821195,-0.617880544,0.470303248,0.911820108,0.799077069,2
15.52,49.3821195,-0.617880496,0.47030326,0.911820052,0.799075803,2
15.54,49.3821196,-0.617880449,0.470303272,0.911819998,0.799074537,2
15.56,49.3821196,-0.617880403,0.470303283,0.911819944,0.79907327,2
15.58,49.3821196,-0.617880358,0.470303293,0.911819893,0.799072004,2
15.6,49.3821197,-0.617880314,0.470303303,0.911819842,0.799070737,2
15.62,49.3821197,-0.617880272,0.470303312,0.911819793,0.799069471,2
15.64,49.3821198,-0.61788023,0.470303321,0.911819745,0.799068205,2
15.66,49.3821198,-0.617880189,0.47030333,0.911819698,0.799066938,2
15.68,49.3821199,-0.617880149,0.470303338,0.911819652,0.799065672,2
15.7,49.3821199,-0.617880111,0.470303346,0.911819608,0.799064405,2
15.72,49.3821199,-0.617880073,0.470303354,0.911819564,0.799063139,2
15.74,49.38212,-0.617880036,0.470303361,0.911819522,0.799061872,2
15.76,49.38212,-0.61788,0.470303367,0.91181948,0.799060606,2
15.78,49.38212,-0.617879965,0.470303374,0.91181944,0.79905934,2
15.8,49.3821201,-0.61787993,0.47030338,0.911819401,0.799058073,2
15.82,49.3821201,-0.617879897,0.470303385,0.911819362,0.799056807,2
15.84,49.3821201,-0.617879864,0.470303391,0.911819325,0.79905554,2
15.86,49.3821202,-0.617879832,0.470303396,0.911819289,0.799054274,2
15.88,49.3821202,-0.617879801,0.4703034,0.911819253,0.799053008,2
15.9,49.3821202,-0.617879771,0.470303405,0.911819219,0.799051741,2
15.92,49.3821203,-0.617879741,0.470303409,0.911819185,0.799050475,2
15.94,49.3821203,-0.617879713,0.470303413,0.911819152,0.799049208,2
15.96,49.3821203,-0.617879684,0.470303416,0.91181912,0.799047942,2
15.98,49.3821203,-0.617879657,0.47030342,0.911819089,0.799046675,2
16,49.3821204,-0.61787963,0.470303423,0.911819059,0.799045409,2
16.02,49.3821204,-0.617879604,0.470303425,0.911819029,0.799044143,2
16.04,49.3821204,-0.617879579,0.470303428,0.911819,0.799042876,2
16.06,49.3821204,-0.617879554,0.47030343,0.911818972,0.79904161,2
16.08,49.3821205,-0.61787953,0.470303432,0.911818945,0.799040343,2
16.1,49.3821205,-0.617879506,0.470303434,0.911818918,0.799039077,2
16.12,49.3821205,-0.617879483,0.470303436,0.911818892,0.799037811,2
16.14,49.3821205,-0.617879461,0.470303438,0.911818867,0.799036544,2
16.16,49.3821206,-0.617879439,0.470303439,0.911818843,0.799035278,2
16.18,49.3821206,-0.617879418,0.47030344,0.911818819,0.799034011,2
16.2,49.3821206,-0.617879397,0.470303441,0.911818796,0.799032745,2
16.22,49.3821206,-0.617879377,0.470303442,0.911818773,0.799031478,2
16.24,49.3821206,-0.617879358,0.470303442,0.911818751,0.799030212,2
16.26,49.3821207,-0.617879339,0.470303443,0.91181873,0.799028946,2
16.28,49.3821207,-0.61787932,0.470303443,0.911818709,0.799027679,2
16.3,49.3821207,-0.617879302,0.470303443,0.911818688,0.799026413,2
16.32,49.3821207,-0.617879284,0.470303443,0.911818669,0.799025146,2
16.34,49.3821207,-0.617879267,0.470303443,0.911818649,0.79902388,2
16.36,49.3821207,-0.61787925,0.470303443,0.911818631,0.799022614,2
16.38,49.3821208,-0.617879234,0.470303442,0.911818613,0.799021347,2
16.4,49.3821208,-0.617879218,0.470303442,0.911818595,0.799020081,2
16.42,49.3821208,-0.617879202,0.470303441,0.911818578,0.799018814,2
16.44,49.3821208,-0.617879187,0.47030344,0.911818561,0.799017548,2
16.46,49.3821208,-0.617879173,0.470303439,0.911818545,0.799016282,2
16.48,49.3821208,-0.617879158,0.470303438,0.911818529,0.799015015,2
16.5,49.3821209,-0.617879145,0.470303437,0.911818514,0.799013749,2
16.52,49.3821209,-0.617879131,0.470303436,0.911818499,0.799012482,2
16.54,49.3821209,-0.617879118,0.470303435,0.911818485,0.799011216,2
16.56,49.3821209,-0.617879105,0.470303433,0.911818471,0.799009949,2
16.58,49.3821209,-0.617879093,0.470303432,0.911818457,0.799008683,2
16.6,49.3821209,-0.617879081,0.47030343,0.911818444,0.799007417,2
16.62,49.3821209,-0.617879069,0.470303429,0.911818431,0.79900615,2
16.64,49.3821209,-0.617879058,0.470303427,0.911818418,0.799004884,2
16.66,49.382121,-0.617879046,0.470303425,0.911818406,0.799003617,2
16.68,49.382121,-0.617879036,0.470303423,0.911818394,0.799002351,2
16.7,49.382121,-0.617879025,0.470303421,0.911818383,0.799001085,2
16.72,49.382121,-0.617879015,0.470303419,0.911818372,0.798999818,2
16.74,49.382121,-0.617879005,0.470303417,0.911818361,0.798998552,2
16.76,49.382121,-0.617878995,0.470303415,0.911818351,0.798997285,2
16.78,49.382121,-0.617878986,0.470303413,0.911818341,0.798996019,2
16.8,49.382121,-0.617878977,0.470303411,0.911818331,0.798994752,2
16.82,49.382121,-0.617878968,0.470303408,0.911818321,0.798993486,2
16.84,49.382121,-0.61787896,0.470303406,0.911818312,0.79899222,2
16.86,49.382121,-0.617878951,0.470303404,0.911818303,0.798990953,2
16.88,49.3821211,-0.617878943,0.470303401,0.911818295,0.798989687,2
16.9,49.3821211,-0.617878935,0.470303399,0.911818286,0.79898842,2
16.92,49.3821211,-0.617878928,0.470303396,0.911818278,0.798987154,2
16.94,49.3821211,-0.61787892,0.470303394,0.91181827,0.798985888,2
16.96,49.3821211,-0.617878913,0.470303391,0.911818263,0.798984621,2
16.98,49.3821211,-0.617878906,0.470303388,0.911818255,0.798983355,2
17,49.3821211,-0.617878899,0.470303386,0.911818248,0.798982088,2
17.02,49.3821211,-0.617878893,0.470303383,0.911818241,0.798980822,2
17.04,49.3821211,-0.617878886,0.47030338,0.911818235,0.798979555,2
17.06,49.3821211,-0.61787888,0.470303378,0.911818228,0.798978289,2
17.08,49.3821211,-0.617878874,0.470303375,0.911818222,0.798977023,2
17.1,49.3821211,-0.617878869,0.470303372,0.911818216,0.798975756,2
17.12,49.3821211,-0.617878863,0.470303369,0.91181821,0.79897449,2
17.14,49.3821211,-0.617878857,0.470303367,0.911818205,0.798973223,2
17.16,49.3821211,-0.617878852,0.470303364,0.911818199,0.798971957,2
17.18,49.3821212,-0.617878847,0.470303361,0.911818194,0.798970691,2
17.2,49.3821212,-0.617878842,0.470303358,0.911818189,0.798969424,2
17.22,49.3821212,-0.617878837,0.470303355,0.911818184,0.798968158,2
17.24,49.3821212,-0.617878833,0.470303353,0.911818179,0.798966891,2
17.26,49.3821212,-0.617878828,0.47030335,0.911818175,0.798965625,2
17.28,49.3821212,-0.617878824,0.470303347,0.911818171,0.798964359,2
17.3,49.3821212,-0.61787882,0.470303344,0.911818166,0.798963092,2
17.32,49.3821212,-0.617878816,0.470303341,0.911818162,0.798961826,2
17.34,49.3821212,-0.617878812,0.470303338,0.911818158,0.798960559,2
17.36,49.3821212,-0.617878808,0.470303335,0.911818155,0.798959293,2
17.38,49.3821212,-0.617878804,0.470303332,0.911818151,0.798958026,2
17.4,49.3821212,-0.617878801,0.470303329,0.911818148,0.79895676,2
17.42,49.3821212,-0.617878798,0.470303327,0.911818144,0.798955494,2
17.44,49.3821212,-0.617878794,0.470303324,0.911818141,0.798954227,2
17.46,49.3821212,-0.617878791,0.470303321,0.911818138,0.798952961,2
17.48,49.3821212,-0.617878788,0.470303318,0.911818135,0.798951694,2
17.5,49.3821212,-0.617878785,0.470303315,0.911818132,0.798950428,2
17.52,49.3821212,-0.617878782,0.470303312,0.91181813,0.798949162,2
17.54,49.3821212,-0.61787878,0.470303309,0.911818127,0.798947895,2
17.56,49.3821212,-0.617878777,0.470303306,0.911818125,0.798946629,2
17.58,49.3821212,-0.617878774,0.470303304,0.911818122,0.798945362,2
17.6,49.3821212,-0.617878772,0.470303301,0.91181812,0.798944096,2
17.62,49.3821212,-0.61787877,0.470303298,0.911818118,0.798942829,2
17.64,49.3821212,-0.617878767,0.470303295,0.911818116,0.798941563,2
17.66,49.3821212,-0.617878765,0.470303292,0.911818114,0.798940297,2
17.68,49.3821212,-0.617878763,0.47030329,0.911818112,0.79893903,2
17.7,49.3821212,-0.617878761,0.470303287,0.91181811,0.798937764,2
17.72,49.3821212,-0.617878759,0.470303284,0.911818108,0.798936497,2
17.74,49.3821212,-0.617878757,0.470303281,0.911818107,0.798935231,2
17.76,49.3821212,-0.617878756,0.470303278,0.911818105,0.798933965,2
17.78,49.3821212,-0.617878754,0.470303276,0.911818104,0.798932698,2
17.8,49.3821212,-0.617878752,0.470303273,0.911818102,0.798931432,2
17.82,49.3821212,-0.617878751,0.47030327,0.911818101,0.798930165,2
17.84,49.3821213,-0.617878749,0.470303268,0.9118181,0.798928899,2
17.86,49.3821213,-0.617878748,0.470303265,0.911818099,0.798927633,2
17.88,49.3821213,-0.617878746,0.470303262,0.911818098,0.798926366,2
17.9,49.3821213,-0.617878745,0.47030326,0.911818097,0.7989251,2
17.92,49.3821213,-0.617878744,0.470303257,0.911818096,0.798923833,2
17.94,49.3821213,-0.617878743,0.470303254,0.911818095,0.798922567,2
17.96,49.3821213,-0.617878742,0.470303252,0.911818094,0.7989213,2
17.98,49.3821213,-0.617878741,0.470303249,0.911818093,0.798920034,2
18,49.3821213,-0.61787874,0.470303247,0.911818093,0.798918768,2
18.02,49.3821213,-0.617878739,0.470303244,0.911818092,0.798917501,2
18.04,49.3821213,-0.617878738,0.470303241,0.911818091,0.798916235,2
18.06,49.3821213,-0.617878737,0.470303239,0.911818091,0.798914968,2
18.08,49.3821213,-0.617878736,0.470303236,0.91181809,0.798913702,2
18.1,49.3821213,-0.617878735,0.470303234,0.91181809,0.798912436,2
18.12,49.3821213,-0.617878735,0.470303232,0.91181809,0.798911169,2
18.14,49.3821213,-0.617878734,0.470303229,0.911818089,0.798909903,2
18.16,49.3821213,-0.617878733,0.470303227,0.911818089,0.798908636,2
18.18,49.3821213,-0.617878733,0.470303224,0.911818089,0.79890737,2
18.2,49.3821213,-0.617878732,0.470303222,0.911818089,0.798906103,2
18.22,49.3821213,-0.617878732,0.47030322,0.911818088,0.798904837,2
18.24,49.3821213,-0.617878731,0.470303217,0.911818088,0.798903571,2
18.26,49.3821213,-0.617878731,0.470303215,0.911818088,0.798902304,2
18.28,49.3821213,-0.617878731,0.470303213,0.911818088,0.798901038,2
18.3,49.3821213,-0.61787873,0.47030321,0.911818088,0.798899771,2
18.32,49.3821213,-0.61787873,0.470303208,0.911818088,0.798898505,2
18.34,49.3821213,-0.61787873,0.470303206,0.911818088,0.798897239,2
18.36,49.3821213,-0.617878729,0.470303204,0.911818088,0.798895972,2
18.38,49.3821213,-0.617878729,0.470303201,0.911818088,0.798894706,2
18.4,49.3821213,-0.617878729,0.470303199,0.911818088,0.798893439,2
18.42,49.3821213,-0.617878729,0.470303197,0.911818088,0.798892173,2
18.44,49.3821213,-0.617878728,0.470303195,0.911818089,0.798890907,2
18.46,49.3821213,-0.617878728,0.470303193,0.911818089,0.79888964,2
18.48,49.3821213,-0.617878728,0.470303191,0.911818089,0.798888374,2
18.5,49.3821213,-0.617878728,0.470303189,0.911818089,0.798887107,2
18.52,49.3821213,-0.617878728,0.470303187,0.91181809,0.798885841,2
18.54,49.3821213,-0.617878728,0.470303184,0.91181809,0.798884574,2
18.56,49.3821213,-0.617878728,0.470303182,0.91181809,0.798883308,2
18.58,49.3821213,-0.617878728,0.47030318,0.911818091,0.798882042,2
18.6,49.3821213,-0.617878728,0.470303178,0.911818091,0.798880775,2
18.62,49.3821213,-0.617878728,0.470303177,0.911818091,0.798879509,2
18.64,49.3821213,-0.617878728,0.470303175,0.911818092,0.798878242,2
18.66,49.3821213,-0.617878728,0.470303173,0.911818092,0.798876976,2
18.68,49.3821213,-0.617878728,0.470303171,0.911818093,0.79887571,2
18.7,49.3821213,-0.617878729,0.470303169,0.911818093,0.798874443,2
18.72,49.3821213,-0.617878729,0.470303167,0.911818093,0.798873177,2
18.74,49.3821213,-0.617878729,0.470303165,0.911818094,0.79887191,2
18.76,49.3821213,-0.617878729,0.470303163,0.911818094,0.798870644,2
18.78,49.3821213,-0.617878729,0.470303162,0.911818095,0.798869377,2
18.8,49.3821213,-0.617878729,0.47030316,0.911818095,0.798868111,2
18.82,49.3821213,-0.61787873,0.470303158,0.911818096,0.798866845,2
18.84,49.3821213,-0.61787873,0.470303156,0.911818096,0.798865578,2
18.86,49.3821213,-0.61787873,0.470303155,0.911818097,0.798864312,2
18.88,49.3821213,-0.61787873,0.470303153,0.911818098,0.798863045,2
18.9,49.3821213,-0.617878731,0.470303151,0.911818098,0.798861779,2
18.92,49.3821213,-0.617878731,0.470303149,0.911818099,0.798860513,2
18.94,49.3821213,-0.617878731,0.470303148,0.911818099,0.798859246,2
18.96,49.3821213,-0.617878731,0.470303146,0.9118181,0.79885798,2
18.98,49.3821213,-0.617878732,0.470303145,0.9118181,0.798856713,2
19,49.3821213,-0.617878732,0.470303143,0.911818101,0.798855447,2
19.02,49.3821213,-0.617878732,0.470303141,0.911818102,0.798854181,2
19.04,49.3821213,-0.617878733,0.47030314,0.911818102,0.798852914,2
19.06,49.3821213,-0.617878733,0.470303138,0.911818103,0.798851648,2
19.08,49.3821213,-0.617878733,0.470303137,0.911818103,0.798850381,2
19.1,49.3821213,-0.617878734,0.470303135,0.911818104,0.798849115,2
19.12,49.3821213,-0.617878734,0.470303134,0.911818105,0.798847848,2
19.14,49.3821213,-0.617878734,0.470303132,0.911818105,0.798846582,2
19.16,49.3821213,-0.617878735,0.470303131,0.911818106,0.798845316,2
19.18,49.3821213,-0.617878735,0.470303129,0.911818107,0.798844049,2
19.2,49.3821213,-0.617878735,0.470303128,0.911818107,0.798842783,2
19.22,49.3821213,-0.617878736,0.470303127,0.911818108,0.798841516,2
19.24,49.3821213,-0.617878736,0.470303125,0.911818109,0.79884025,2
19.26,49.3821213,-0.617878737,0.470303124,0.911818109,0.798838984,2
19.28,49.3821213,-0.617878737,0.470303123,0.91181811,0.798837717,2
19.3,49.3821213,-0.617878737,0.470303121,0.911818111,0.798836451,2
19.32,49.3821213,-0.617878738,0.47030312,0.911818111,0.798835184,2
19.34,49.3821213,-0.617878738,0.470303119,0.911818112,0.798833918,2
19.36,49.3821213,-0.617878739,0.470303117,0.911818113,0.798832651,2
19.38,49.3821213,-0.617878739,0.470303116,0.911818113,0.798831385,2
19.4,49.3821213,-0.617878739,0.470303115,0.911818114,0.798830119,2
19.42,49.3821213,-0.61787874,0.470303114,0.911818114,0.798828852,2
19.44,49.3821213,-0.61787874,0.470303112,0.911818115,0.798827586,2
19.46,49.3821213,-0.617878741,0.470303111,0.911818116,0.798826319,2
19.48,49.3821213,-0.617878741,0.47030311,0.911818116,0.798825053,2
19.5,49.3821213,-0.617878741,0.470303109,0.911818117,0.798823787,2
19.52,49.3821213,-0.617878742,0.470303108,0.911818118,0.79882252,2
19.54,49.3821213,-0.617878742,0.470303107,0.911818118,0.798821254,2
19.56,49.3821213,-0.617878743,0.470303105,0.911818119,0.798819987,2
19.58,49.3821213,-0.617878743,0.470303104,0.91181812,0.798818721,2
19.6,49.3821213,-0.617878743,0.470303103,0.91181812,0.798817455,2
19.62,49.3821213,-0.617878744,0.470303102,0.911818121,0.798816188,2
19.64,49.3821213,-0.617878744,0.470303101,0.911818122,0.798814922,2
19.66,49.3821213,-0.617878745,0.4703031,0.911818122,0.798813655,2
19.68,49.3821213,-0.617878745,0.470303099,0.911818123,0.798812389,2
19.7,49.3821213,-0.617878746,0.470303098,0.911818124,0.798811122,2
19.72,49.3821213,-0.617878746,0.470303097,0.911818124,0.798809856,2
19.74,49.3821213,-0.617878746,0.470303096,0.911818125,0.79880859,2
19.76,49.3821213,-0.617878747,0.470303095,0.911818125,0.798807323,2
19.78,49.3821213,-0.617878747,0.470303094,0.911818126,0.798806057,2
19.8,49.3821213,-0.617878748,0.470303093,0.911818127,0.79880479,2
19.82,49.3821213,-0.617878748,0.470303092,0.911818127,0.798803524,2
19.84,49.3821213,-0.617878748,0.470303091,0.911818128,0.798802258,2
19.86,49.3821213,-0.617878749,0.47030309,0.911818128,0.798800991,2
19.88,49.3821213,-0.617878749,0.470303089,0.911818129,0.798799725,2
19.9,49.3821213,-0.61787875,0.470303088,0.91181813,0.798798458,2
19.92,49.3821212,-0.61787875,0.470303087,0.91181813,0.798797192,2
19.94,49.3821212,-0.617878751,0.470303087,0.911818131,0.798795925,2
19.96,49.3821212,-0.617878751,0.470303086,0.911818131,0.798794659,2
19.98,49.3821212,-0.617878751,0.470303085,0.911818132,0.798793393,2
20,49.3821212,-0.617878752,0.470303084,0.911818133,0.798792126,2
20.02,49.3821212,-0.617878752,0.470303083,0.911818133,0.79879086,2
20.04,49.3821212,-0.617878752,0.470303082,0.911818134,0.798789593,2
20.06,49.3821212,-0.617878753,0.470303082,0.911818134,0.798788327,2
20.08,49.3821212,-0.617878753,0.470303081,0.911818135,0.798787061,2
20.1,49.3821212,-0.617878754,0.47030308,0.911818136,0.798785794,2
20.12,49.3821212,-0.617878754,0.470303079,0.911818136,0.798784528,2
20.14,49.3821212,-0.617878754,0.470303078,0.911818137,0.798783261,2
20.16,49.3821212,-0.617878755,0.470303078,0.911818137,0.798781995,2
20.18,49.3821212,-0.617878755,0.470303077,0.911818138,0.798780728,2
20.2,49.3821212,-0.617878756,0.470303076,0.911818138,0.798779462,2
20.22,49.3821212,-0.617878756,0.470303076,0.911818139,0.798778196,2
20.24,49.3821212,-0.617878756,0.470303075,0.911818139,0.798776929,2
20.26,49.3821212,-0.617878757,0.470303074,0.91181814,0.798775663,2
20.28,49.3821212,-0.617878757,0.470303073,0.91181814,0.798774396,2
20.3,49.3821212,-0.617878757,0.470303073,0.911818141,0.79877313,2
20.32,49.3821212,-0.617878758,0.470303072,0.911818141,0.798771864,2
20.34,49.3821212,-0.617878758,0.470303071,0.911818142,0.798770597,2
20.36,49.3821212,-0.617878759,0.470303071,0.911818142,0.798769331,2
20.38,49.3821212,-0.617878759,0.47030307,0.911818143,0.798768064,2
20.4,49.3821212,-0.617878759,0.47030307,0.911818143,0.798766798,2
20.42,49.3821212,-0.61787876,0.470303069,0.911818144,0.798765532,2
20.44,49.3821212,-0.61787876,0.470303068,0.911818144,0.798764265,2
20.46,49.3821212,-0.61787876,0.470303068,0.911818145,0.798762999,2
20.48,49.3821212,-0.617878761,0.470303067,0.911818145,0.798761732,2
20.5,49.3821212,-0.617878761,0.470303067,0.911818146,0.798760466,2
20.52,49.3821212,-0.617878761,0.470303066,0.911818146,0.798759199,2
20.54,49.3821212,-0.617878762,0.470303065,0.911818147,0.798757933,2
20.56,49.3821212,-0.617878762,0.470303065,0.911818147,0.798756667,2
20.58,49.3821212,-0.617878762,0.470303064,0.911818148,0.7987554,2
20.6,49.3821212,-0.617878763,0.470303064,0.911818148,0.798754134,2
20.62,49.3821212,-0.617878763,0.470303063,0.911818149,0.798752867,2
20.64,49.3821212,-0.617878763,0.470303063,0.911818149,0.798751601,2
20.66,49.3821212,-0.617878764,0.470303062,0.911818149,0.798750335,2
20.68,49.3821212,-0.617878764,0.470303062,0.91181815,0.798749068,2
20.7,49.3821212,-0.617878764,0.470303061,0.91181815,0.798747802,2
20.72,49.3821212,-0.617878764,0.470303061,0.911818151,0.798746535,2
20.74,49.3821212,-0.617878765,0.47030306,0.911818151,0.798745269,2
20.76,49.3821212,-0.617878765,0.47030306,0.911818152,0.798744002,2
20.78,49.3821212,-0.617878765,0.470303059,0.911818152,0.798742736,2
20.8,49.3821212,-0.617878766,0.470303059,0.911818152,0.79874147,2
20.82,49.3821212,-0.617878766,0.470303058,0.911818153,0.798740203,2
20.84,49.3821212,-0.617878766,0.470303058,0.911818153,0.798738937,2
20.86,49.3821212,-0.617878767,0.470303057,0.911818154,0.79873767,2
20.88,49.3821212,-0.617878767,0.470303057,0.911818154,0.798736404,2
20.9,49.3821212,-0.617878767,0.470303056,0.911818154,0.798735138,2
20.92,49.3821212,-0.617878767,0.470303056,0.911818155,0.798733871,2
20.94,49.3821212,-0.617878768,0.470303056,0.911818155,0.798732605,2
20.96,49.3821212,-0.617878768,0.470303055,0.911818155,0.798731338,2
20.98,49.3821212,-0.617878768,0.470303055,0.911818156,0.798730072,2
21,49.3821212,-0.617878768,0.470303054,0.911818156,0.798728806,2
21.02,49.3821212,-0.617878769,0.470303054,0.911818157,0.798727539,2
21.04,49.3821212,-0.617878769,0.470303054,0.911818157,0.798726273,2
21.06,49.3821212,-0.617878769,0.470303053,0.911818157,0.798725006,2
21.08,49.3821212,-0.617878769,0.470303053,0.911818158,0.79872374,2
21.1,49.3821212,-0.61787877,0.470303052,0.911818158,0.798722473,2
21.12,49.3821212,-0.61787877,0.470303052,0.911818158,0.798721207,2
21.14,49.3821212,-0.61787877,0.470303052,0.911818159,0.798719941,2
21.16,49.3821212,-0.61787877,0.470303051,0.911818159,0.798718674,2
21.18,49.3821212,-0.617878771,0.470303051,0.911818159,0.798717408,2
21.2,49.3821212,-0.617878771,0.470303051,0.91181816,0.798716141,2
21.22,49.3821212,-0.617878771,0.47030305,0.91181816,0.798714875,2
21.24,49.3821212,-0.617878771,0.47030305,0.91181816,0.798713609,2
21.26,49.3821212,-0.617878772,0.47030305,0.911818161,0.798712342,2
21.28,49.3821212,-0.617878772,0.470303049,0.911818161,0.798711076,2
21.3,49.3821212,-0.617878772,0.470303049,0.911818161,0.798709809,2
21.32,49.3821212,-0.617878772,0.470303049,0.911818161,0.798708543,2
21.34,49.3821212,-0.617878773,0.470303048,0.911818162,0.798707276,2
21.36,49.3821212,-0.617878773,0.470303048,0.911818162,0.79870601,2
21.38,49.3821212,-0.617878773,0.470303048,0.911818162,0.798704744,2
21.4,49.3821212,-0.617878773,0.470303048,0.911818163,0.798703477,2
21.42,49.3821212,-0.617878773,0.470303047,0.911818163,0.798702211,2
21.44,49.3821212,-0.617878774,0.470303047,0.911818163,0.798700944,2
21.46,49.3821212,-0.617878774,0.470303047,0.911818163,0.798699678,2
21.48,49.3821212,-0.617878774,0.470303046,0.911818164,0.798698412,2
21.5,49.3821212,-0.617878774,0.470303046,0.911818164,0.798697145,2
21.52,49.3821212,-0.617878774,0.470303046,0.911818164,0.798695879,2
21.54,49.3821212,-0.617878775,0.470303046,0.911818164,0.798694612,2
21.56,49.3821212,-0.617878775,0.470303045,0.911818165,0.798693346,2
21.58,49.3821212,-0.617878775,0.470303045,0.911818165,0.79869208,2
21.6,49.3821212,-0.617878775,0.470303045,0.911818165,0.798690813,2
21.62,49.3821212,-0.617878775,0.470303045,0.911818165,0.798689547,2
21.64,49.3821212,-0.617878776,0.470303044,0.911818166,0.79868828,2
21.66,49.3821212,-0.617878776,0.470303044,0.911818166,0.798687014,2
21.68,49.3821212,-0.617878776,0.470303044,0.911818166,0.798685747,2
21.7,49.3821212,-0.617878776,0.470303044,0.911818166,0.798684481,2
21.72,49.3821212,-0.617878776,0.470303043,0.911818167,0.798683215,2
21.74,49.3821212,-0.617878776,0.470303043,0.911818167,0.798681948,2
21.76,49.3821212,-0.617878777,0.470303043,0.911818167,0.798680682,2
21.78,49.3821212,-0.617878777,0.470303043,0.911818167,0.798679415,2
21.8,49.3821212,-0.617878777,0.470303043,0.911818168,0.798678149,2
21.82,49.3821212,-0.617878777,0.470303042,0.911818168,0.798676883,2
21.84,49.3821212,-0.617878777,0.470303042,0.911818168,0.798675616,2
21.86,49.3821212,-0.617878777,0.470303042,0.911818168,0.79867435,2
21.88,49.3821212,-0.617878778,0.470303042,0.911818168,0.798673083,2
21.9,49.3821212,-0.617878778,0.470303042,0.911818169,0.798671817,2
21.92,49.3821212,-0.617878778,0.470303041,0.911818169,0.79867055,2
21.94,49.3821212,-0.617878778,0.470303041,0.911818169,0.798669284,2
21.96,49.3821212,-0.617878778,0.470303041,0.911818169,0.798668018,2
21.98,49.3821212,-0.617878778,0.470303041,0.911818169,0.798666751,2
22,49.3821212,-0.617878778,0.470303041,0.91181817,0.798665485,2
22.02,49.3821212,-0.617878779,0.47030304,0.91181817,0.798664218,2
22.04,49.3821212,-0.617878779,0.47030304,0.91181817,0.798662952,2
22.06,49.3821212,-0.617878779,0.47030304,0.91181817,0.798661686,2
22.08,49.3821212,-0.617878779,0.47030304,0.91181817,0.798660419,2
22.1,49.3821212,-0.617878779,0.47030304,0.911818171,0.798659153,2
22.12,49.3821212,-0.617878779,0.47030304,0.911818171,0.798657886,2
22.14,49.3821212,-0.617878779,0.470303039,0.911818171,0.79865662,2
22.16,49.3821212,-0.61787878,0.470303039,0.911818171,0.798655353,2
22.18,49.3821212,-0.61787878,0.470303039,0.911818171,0.798654087,2
22.2,49.3821212,-0.61787878,0.470303039,0.911818171,0.798652821,2
22.22,49.3821212,-0.61787878,0.470303039,0.911818172,0.798651554,2
22.24,49.3821212,-0.61787878,0.470303039,0.911818172,0.798650288,2
22.26,49.3821212,-0.61787878,0.470303038,0.911818172,0.798649021,2
22.28,49.3821212,-0.61787878,0.470303038,0.911818172,0.798647755,2
22.3,49.3821212,-0.61787878,0.470303038,0.911818172,0.798646489,2
22.32,49.3821212,-0.61787878,0.470303038,0.911818172,0.798645222,2
22.34,49.3821212,-0.617878781,0.470303038,0.911818172,0.798643956,2
22.36,49.3821212,-0.617878781,0.470303038,0.911818173,0.798642689,2
22.38,49.3821212,-0.617878781,0.470303038,0.911818173,0.798641423,2
22.4,49.3821212,-0.617878781,0.470303038,0.911818173,0.798640157,2
22.42,49.3821212,-0.617878781,0.470303037,0.911818173,0.79863889,2
22.44,49.3821212,-0.617878781,0.470303037,0.911818173,0.798637624,2
22.46,49.3821212,-0.617878781,0.470303037,0.911818173,0.798636357,2
22.48,49.3821212,-0.617878781,0.470303037,0.911818173,0.798635091,2
22.5,49.3821212,-0.617878781,0.470303037,0.911818174,0.798633824,2
22.52,49.3821212,-0.617878782,0.470303037,0.911818174,0.798632558,2
22.54,49.3821212,-0.617878782,0.470303037,0.911818174,0.798631292,2
22.56,49.3821212,-0.617878782,0.470303037,0.911818174,0.798630025,2
22.58,49.3821212,-0.617878782,0.470303036,0.911818174,0.798628759,2
22.6,49.3821212,-0.617878782,0.470303036,0.911818174,0.798627492,2
22.62,49.3821212,-0.617878782,0.470303036,0.911818174,0.798626226,2
22.64,49.3821212,-0.617878782,0.470303036,0.911818174,0.79862496,2
22.66,49.3821212,-0.617878782,0.470303036,0.911818175,0.798623693,2
22.68,49.3821212,-0.617878782,0.470303036,0.911818175,0.798622427,2
22.7,49.3821212,-0.617878782,0.470303036,0.911818175,0.79862116,2
22.72,49.3821212,-0.617878782,0.470303036,0.911818175,0.798619894,2
22.74,49.3821212,-0.617878783,0.470303036,0.911818175,0.798618627,2
22.76,49.3821212,-0.617878783,0.470303036,0.911818175,0.798617361,2
22.78,49.3821212,-0.617878783,0.470303035,0.911818175,0.798616095,2
22.8,49.3821212,-0.617878783,0.470303035,0.911818175,0.798614828,2
22.82,49.3821212,-0.617878783,0.470303035,0.911818175,0.798613562,2
22.84,49.3821212,-0.617878783,0.470303035,0.911818176,0.798612295,2
22.86,49.3821212,-0.617878783,0.470303035,0.911818176,0.798611029,2
22.88,49.3821212,-0.617878783,0.470303035,0.911818176,0.798609763,2
22.9,49.3821212,-0.617878783,0.470303035,0.911818176,0.798608496,2
22.92,49.3821212,-0.617878783,0.470303035,0.911818176,0.79860723,2
22.94,49.3821212,-0.617878783,0.470303035,0.911818176,0.798605963,2
22.96,49.3821212,-0.617878783,0.470303035,0.911818176,0.798604697,2
22.98,49.3821212,-0.617878784,0.470303035,0.911818176,0.798603431,2
23,49.3821212,-0.617878784,0.470303034,0.911818176,0.798602164,2
23.02,49.3821212,-0.617878784,0.470303034,0.911818176,0.798600898,2
23.04,49.3821212,-0.617878784,0.470303034,0.911818177,0.798599631,2
23.06,49.3821212,-0.617878784,0.470303034,0.911818177,0.798598365,2
23.08,49.3821212,-0.617878784,0.470303034,0.911818177,0.798597098,2
23.1,49.3821212,-0.617878784,0.470303034,0.911818177,0.798595832,2
23.12,49.3821212,-0.617878784,0.470303034,0.911818177,0.798594566,2
23.14,49.3821212,-0.617878784,0.470303034,0.911818177,0.798593299,2
23.16,49.3821212,-0.617878784,0.470303034,0.911818177,0.798592033,2
23.18,49.3821212,-0.617878784,0.470303034,0.911818177,0.798590766,2
23.2,49.3821212,-0.617878784,0.470303034,0.911818177,0.7985895,2
23.22,49.3821212,-0.617878784,0.470303034,0.911818177,0.798588234,2
23.24,49.3821212,-0.617878784,0.470303034,0.911818177,0.798586967,2
23.26,49.3821212,-0.617878784,0.470303034,0.911818177,0.798585701,2
23.28,49.3821212,-0.617878784,0.470303034,0.911818177,0.798584434,2
23.3,49.3821212,-0.617878785,0.470303033,0.911818178,0.798583168,2
23.32,49.3821212,-0.617878785,0.470303033,0.911818178,0.798581901,2
23.34,49.3821212,-0.617878785,0.470303033,0.911818178,0.798580635,2
23.36,49.3821212,-0.617878785,0.470303033,0.911818178,0.798579369,2
23.38,49.3821212,-0.617878785,0.470303033,0.911818178,0.798578102,2
23.4,49.3821212,-0.617878785,0.470303033,0.911818178,0.798576836,2
23.42,49.3821212,-0.617878785,0.470303033,0.911818178,0.798575569,2
23.44,49.3821212,-0.617878785,0.470303033,0.911818178,0.798574303,2
23.46,49.3821212,-0.617878785,0.470303033,0.911818178,0.798573037,2
23.48,49.3821212,-0.617878785,0.470303033,0.911818178,0.79857177,2
23.5,49.3821212,-0.617878785,0.470303033,0.911818178,0.798570504,2
23.52,49.3821212,-0.617878785,0.470303033,0.911818178,0.798569237,2
23.54,49.3821212,-0.617878785,0.470303033,0.911818178,0.798567971,2
23.56,49.3821212,-0.617878785,0.470303033,0.911818178,0.798566705,2
23.58,49.3821212,-0.617878785,0.470303033,0.911818178,0.798565438,2
23.6,49.3821212,-0.617878785,0.470303033,0.911818179,0.798564172,2
23.62,49.3821212,-0.617878785,0.470303033,0.911818179,0.798562905,2
23.64,49.3821212,-0.617878785,0.470303033,0.911818179,0.798561639,2
23.66,49.3821212,-0.617878785,0.470303033,0.911818179,0.798560372,2
23.68,49.3821212,-0.617878785,0.470303033,0.911818179,0.798559106,2
23.7,49.3821212,-0.617878785,0.470303032,0.911818179,0.79855784,2
23.72,49.3821212,-0.617878786,0.470303032,0.911818179,0.798556573,2
23.74,49.3821212,-0.617878786,0.470303032,0.911818179,0.798555307,2
23.76,49.3821212,-0.617878786,0.470303032,0.911818179,0.79855404,2
23.78,49.3821212,-0.617878786,0.470303032,0.911818179,0.798552774,2
23.8,49.3821212,-0.617878786,0.470303032,0.911818179,0.798551508,2
23.82,49.3821212,-0.617878786,0.470303032,0.911818179,0.798550241,2
23.84,49.3821212,-0.617878786,0.470303032,0.911818179,0.798548975,2
23.86,49.3821212,-0.617878786,0.470303032,0.911818179,0.798547708,2
23.88,49.3821212,-0.617878786,0.470303032,0.911818179,0.798546442,2
23.9,49.3821212,-0.617878786,0.470303032,0.911818179,0.798545175,2
23.92,49.3821212,-0.617878786,0.470303032,0.911818179,0.798543909,2
23.94,49.3821212,-0.617878786,0.470303032,0.911818179,0.798542643,2
23.96,49.3821212,-0.617878786,0.470303032,0.911818179,0.798541376,2
23.98,49.3821212,-0.617878786,0.470303032,0.911818179,0.79854011,2
24,49.3821212,-0.617878786,0.470303032,0.911818179,0.798538843,2
24.02,49.3821212,-0.617878786,0.470303032,0.91181818,0.798537577,2
24.04,49.3821212,-0.617878786,0.470303032,0.91181818,0.798536311,2
24.06,49.3821212,-0.617878786,0.470303032,0.91181818,0.798535044,2
24.08,49.3821212,-0.617878786,0.470303032,0.91181818,0.798533778,2
24.1,49.3821212,-0.617878786,0.470303032,0.91181818,0.798532511,2
24.12,49.3821212,-0.617878786,0.470303032,0.91181818,0.798531245,2
24.14,49.3821212,-0.617878786,0.470303032,0.91181818,0.798529978,2
24.16,49.3821212,-0.617878786,0.470303032,0.91181818,0.798528712,2
24.18,49.3821212,-0.617878786,0.470303032,0.91181818,0.798527446,2
24.2,49.3821212,-0.617878786,0.470303032,0.91181818,0.798526179,2
24.22,49.3821212,-0.617878786,0.470303032,0.91181818,0.798524913,2
24.24,49.3821212,-0.617878786,0.470303032,0.91181818,0.798523646,2
24.26,49.3821212,-0.617878786,0.470303032,0.91181818,0.79852238,2
24.28,49.3821212,-0.617878786,0.470303032,0.91181818,0.798521114,2
24.3,49.3821212,-0.617878786,0.470303032,0.91181818,0.798519847,2
24.32,49.3821212,-0.617878786,0.470303032,0.91181818,0.798518581,2
24.34,49.3821212,-0.617878787,0.470303031,0.91181818,0.798517314,2
24.36,49.3821212,-0.617878787,0.470303031,0.91181818,0.798516048,2
24.38,49.3821212,-0.617878787,0.470303031,0.91181818,0.798514782,2
24.4,49.3821212,-0.617878787,0.470303031,0.91181818,0.798513515,2
24.42,49.3821212,-0.617878787,0.470303031,0.91181818,0.798512249,2
24.44,49.3821212,-0.617878787,0.470303031,0.91181818,0.798510982,2
24.46,49.3821212,-0.617878787,0.470303031,0.91181818,0.798509716,2
24.48,49.3821212,-0.617878787,0.470303031,0.91181818,0.798508449,2
24.5,49.3821212,-0.617878787,0.470303031,0.91181818,0.798507183,2
24.52,49.3821212,-0.617878787,0.470303031,0.91181818,0.798505917,2
24.54,49.3821212,-0.617878787,0.470303031,0.91181818,0.79850465,2
24.56,49.3821212,-0.617878787,0.470303031,0.91181818,0.798503384,2
24.58,49.3821212,-0.617878787,0.470303031,0.91181818,0.798502117,2
24.6,49.3821212,-0.617878787,0.470303031,0.91181818,0.798500851,2
24.62,49.3821212,-0.617878787,0.470303031,0.91181818,0.798499585,2
24.64,49.3821212,-0.617878787,0.470303031,0.91181818,0.798498318,2
24.66,49.3821212,-0.617878787,0.470303031,0.911818181,0.798497052,2
24.68,49.3821212,-0.617878787,0.470303031,0.911818181,0.798495785,2
24.7,49.3821212,-0.617878787,0.470303031,0.911818181,0.798494519,2
24.72,49.3821212,-0.617878787,0.470303031,0.911818181,0.798493252,2
24.74,49.3821212,-0.617878787,0.470303031,0.911818181,0.798491986,2
24.76,49.3821212,-0.617878787,0.470303031,0.911818181,0.79849072,2
24.78,49.3821212,-0.617878787,0.470303031,0.911818181,0.798489453,2
24.8,49.3821212,-0.617878787,0.470303031,0.911818181,0.798488187,2
24.82,49.3821212,-0.617878787,0.470303031,0.911818181,0.79848692,2
24.84,49.3821212,-0.617878787,0.470303031,0.911818181,0.798485654,2
24.86,49.3821212,-0.617878787,0.470303031,0.911818181,0.798484388,2
24.88,49.3821212,-0.617878787,0.470303031,0.911818181,0.798483121,2
24.9,49.3821212,-0.617878787,0.470303031,0.911818181,0.798481855,2
24.92,49.3821212,-0.617878787,0.470303031,0.911818181,0.798480588,2
24.94,49.3821212,-0.617878787,0.470303031,0.911818181,0.798479322,2
24.96,49.3821212,-0.617878787,0.470303031,0.911818181,0.798478056,2
24.98,49.3821212,-0.617878787,0.470303031,0.911818181,0.798476789,2
25,49.3821212,-0.617878787,0.470303031,0.911818181,0.798475523,2
25.02,49.3821212,-0.617878787,0.470303031,0.911818181,0.798474256,2
25.04,49.3821212,-0.617878787,0.470303031,0.911818181,0.79847299,2
25.06,49.3821212,-0.617878787,0.470303031,0.911818181,0.798471723,2
25.08,49.3821212,-0.617878787,0.470303031,0.911818181,0.798470457,2
25.1,49.3821212,-0.617878787,0.470303031,0.911818181,0.798469191,2
25.12,49.3821212,-0.617878787,0.470303031,0.911818181,0.798467924,2
25.14,49.3821212,-0.617878787,0.470303031,0.911818181,0.798466658,2
25.16,49.3821212,-0.617878787,0.470303031,0.911818181,0.798465391,2
25.18,49.3821212,-0.617878787,0.470303031,0.911818181,0.798464125,2
25.2,49.3821212,-0.617878787,0.470303031,0.911818181,0.798462859,2
25.22,49.3821212,-0.617878787,0.470303031,0.911818181,0.798461592,2
25.24,49.3821212,-0.617878787,0.470303031,0.911818181,0.798460326,2
25.26,49.3821212,-0.617878787,0.470303031,0.911818181,0.798459059,2
25.28,49.3821212,-0.617878787,0.470303031,0.911818181,0.798457793,2
25.3,49.3821212,-0.617878787,0.470303031,0.911818181,0.798456526,2
25.32,49.3821212,-0.617878787,0.470303031,0.911818181,0.79845526,2
25.34,49.3821212,-0.617878787,0.470303031,0.911818181,0.798453994,2
25.36,49.3821212,-0.617878787,0.470303031,0.911818181,0.798452727,2
25.38,49.3821212,-0.617878787,0.470303031,0.911818181,0.798451461,2
25.4,49.3821212,-0.617878787,0.470303031,0.911818181,0.798450194,2
25.42,49.3821212,-0.617878787,0.470303031,0.911818181,0.798448928,2
25.44,49.3821212,-0.617878787,0.470303031,0.911818181,0.798447662,2
25.46,49.3821212,-0.617878787,0.470303031,0.911818181,0.798446395,2
25.48,49.3821212,-0.617878787,0.470303031,0.911818181,0.798445129,2
25.5,49.3821212,-0.617878787,0.470303031,0.911818181,0.798443862,2
25.52,49.3821212,-0.617878787,0.470303031,0.911818181,0.798442596,2
25.54,49.3821212,-0.617878787,0.470303031,0.911818181,0.79844133,2
25.56,49.3821212,-0.617878787,0.470303031,0.911818181,0.798440063,2
25.58,49.3821212,-0.617878787,0.470303031,0.911818181,0.798438797,2
25.6,49.3821212,-0.617878787,0.470303031,0.911818181,0.79843753,2
25.62,49.3821212,-0.617878787,0.470303031,0.911818181,0.798436264,2
25.64,49.3821212,-0.617878787,0.470303031,0.911818181,0.798434997,2
25.66,49.3821212,-0.617878787,0.470303031,0.911818181,0.798433731,2
25.68,49.3821212,-0.617878787,0.470303031,0.911818181,0.798432465,2
25.7,49.3821212,-0.617878787,0.470303031,0.911818181,0.798431198,2
25.72,49.3821212,-0.617878787,0.470303031,0.911818181,0.798429932,2
25.74,49.3821212,-0.617878787,0.470303031,0.911818181,0.798428665,2
25.76,49.3821212,-0.617878788,0.470303031,0.911818181,0.798427399,2
25.78,49.3821212,-0.617878788,0.470303031,0.911818181,0.798426133,2
25.8,49.3821212,-0.617878788,0.470303031,0.911818181,0.798424866,2
25.82,49.3821212,-0.617878788,0.470303031,0.911818181,0.7984236,2
25.84,49.3821212,-0.617878788,0.470303031,0.911818181,0.798422333,2
25.86,49.3821212,-0.617878788,0.470303031,0.911818181,0.798421067,2
25.88,49.3821212,-0.617878788,0.470303031,0.911818181,0.7984198,2
25.9,49.3821212,-0.617878788,0.470303031,0.911818181,0.798418534,2
25.92,49.3821212,-0.617878788,0.470303031,0.911818181,0.798417268,2
25.94,49.3821212,-0.617878788,0.470303031,0.911818181,0.798416001,2
25.96,49.3821212,-0.617878788,0.470303031,0.911818181,0.798414735,2
25.98,49.3821212,-0.617878788,0.470303031,0.911818181,0.798413468,2
26,49.3821212,-0.617878788,0.470303031,0.911818181,0.798412202,2
26.02,49.3821212,-0.617878788,0.470303031,0.911818181,0.798410936,2
26.04,49.3821212,-0.617878788,0.470303031,0.911818181,0.798409669,2
26.06,49.3821212,-0.617878788,0.470303031,0.911818181,0.798408403,2
26.08,49.3821212,-0.617878788,0.470303031,0.911818181,0.798407136,2
26.1,49.3821212,-0.617878788,0.47030303,0.911818181,0.79840587,2
26.12,49.3821212,-0.617878788,0.47030303,0.911818181,0.798404603,2
26.14,49.3821212,-0.617878788,0.47030303,0.911818181,0.798403337,2
26.16,49.3821212,-0.617878788,0.47030303,0.911818181,0.798402071,2
26.18,49.3821212,-0.617878788,0.47030303,0.911818182,0.798400804,2
26.2,49.3821212,-0.617878788,0.47030303,0.911818182,0.798399538,2
26.22,49.3821212,-0.617878788,0.47030303,0.911818182,0.798398271,2
26.24,49.3821212,-0.617878788,0.47030303,0.911818182,0.798397005,2
26.26,49.3821212,-0.617878788,0.47030303,0.911818182,0.798395739,2
26.28,49.3821212,-0.617878788,0.47030303,0.911818182,0.798394472,2
26.3,49.3821212,-0.617878788,0.47030303,0.911818182,0.798393206,2
26.32,49.3821212,-0.617878788,0.47030303,0.911818182,0.798391939,2
26.34,49.3821212,-0.617878788,0.47030303,0.911818182,0.798390673,2
26.36,49.3821212,-0.617878788,0.47030303,0.911818182,0.798389407,2
26.38,49.3821212,-0.617878788,0.47030303,0.911818182,0.79838814,2
26.4,49.3821212,-0.617878788,0.47030303,0.911818182,0.798386874,2
26.42,49.3821212,-0.617878788,0.47030303,0.911818182,0.798385607,2
26.44,49.3821212,-0.617878788,0.47030303,0.911818182,0.798384341,2
26.46,49.3821212,-0.617878788,0.47030303,0.911818182,0.798383074,2
26.48,49.3821212,-0.617878788,0.47030303,0.911818182,0.798381808,2
26.5,49.3821212,-0.617878788,0.47030303,0.911818182,0.798380542,2
26.52,49.3821212,-0.617878788,0.47030303,0.911818182,0.798379275,2
26.54,49.3821212,-0.617878788,0.47030303,0.911818182,0.798378009,2
26.56,49.3821212,-0.617878788,0.47030303,0.911818182,0.798376742,2
26.58,49.3821212,-0.617878788,0.47030303,0.911818182,0.798375476,2
26.6,49.3821212,-0.617878788,0.47030303,0.911818182,0.79837421,2
26.62,49.3821212,-0.617878788,0.47030303,0.911818182,0.798372943,2
26.64,49.3821212,-0.617878788,0.47030303,0.911818182,0.798371677,2
26.66,49.3821212,-0.617878788,0.47030303,0.911818182,0.79837041,2
26.68,49.3821212,-0.617878788,0.47030303,0.911818182,0.798369144,2
26.7,49.3821212,-0.617878788,0.47030303,0.911818182,0.798367877,2
26.72,49.3821212,-0.617878788,0.47030303,0.911818182,0.798366611,2
26.74,49.3821212,-0.617878788,0.47030303,0.911818182,0.798365345,2
26.76,49.3821212,-0.617878788,0.47030303,0.911818182,0.798364078,2
26.78,49.3821212,-0.617878788,0.47030303,0.911818182,0.798362812,2
26.8,49.3821212,-0.617878788,0.47030303,0.911818182,0.798361545,2
26.82,49.3821212,-0.617878788,0.47030303,0.911818182,0.798360279,2
26.84,49.3821212,-0.617878788,0.47030303,0.911818182,0.798359013,2
26.86,49.3821212,-0.617878788,0.47030303,0.911818182,0.798357746,2
26.88,49.3821212,-0.617878788,0.47030303,0.911818182,0.79835648,2
26.9,49.3821212,-0.617878788,0.47030303,0.911818182,0.798355213,2
26.92,49.3821212,-0.617878788,0.47030303,0.911818182,0.798353947,2
26.94,49.3821212,-0.617878788,0.47030303,0.911818182,0.798352681,2
26.96,49.3821212,-0.617878788,0.47030303,0.911818182,0.798351414,2
26.98,49.3821212,-0.617878788,0.47030303,0.911818182,0.798350148,2
27,49.3821212,-0.617878788,0.47030303,0.911818182,0.798348881,2
27.02,49.3821212,-0.617878788,0.47030303,0.911818182,0.798347615,2
27.04,49.3821212,-0.617878788,0.47030303,0.911818182,0.798346348,2
27.06,49.3821212,-0.617878788,0.47030303,0.911818182,0.798345082,2
27.08,49.3821212,-0.617878788,0.47030303,0.911818182,0.798343816,2
27.1,49.3821212,-0.617878788,0.47030303,0.911818182,0.798342549,2
27.12,49.3821212,-0.617878788,0.47030303,0.911818182,0.798341283,2
27.14,49.3821212,-0.617878788,0.47030303,0.911818182,0.798340016,2
27.16,49.3821212,-0.617878788,0.47030303,0.911818182,0.79833875,2
27.18,49.3821212,-0.617878788,0.47030303,0.911818182,0.798337484,2
27.2,49.3821212,-0.617878788,0.47030303,0.911818182,0.798336217,2
27.22,49.3821212,-0.617878788,0.47030303,0.911818182,0.798334951,2
27.24,49.3821212,-0.617878788,0.47030303,0.911818182,0.798333684,2
27.26,49.3821212,-0.617878788,0.47030303,0.911818182,0.798332418,2
27.28,49.3821212,-0.617878788,0.47030303,0.911818182,0.798331151,2
27.3,49.3821212,-0.617878788,0.47030303,0.911818182,0.798329885,2
27.32,49.3821212,-0.617878788,0.47030303,0.911818182,0.798328619,2
27.34,49.3821212,-0.617878788,0.47030303,0.911818182,0.798327352,2
27.36,49.3821212,-0.617878788,0.47030303,0.911818182,0.798326086,2
27.38,49.3821212,-0.617878788,0.47030303,0.911818182,0.798324819,2
27.4,49.3821212,-0.617878788,0.47030303,0.911818182,0.798323553,2
27.42,49.3821212,-0.617878788,0.47030303,0.911818182,0.798322287,2
27.44,49.3821212,-0.617878788,0.47030303,0.911818182,0.79832102,2
27.46,49.3821212,-0.617878788,0.47030303,0.911818182,0.798319754,2
27.48,49.3821212,-0.617878788,0.47030303,0.911818182,0.798318487,2
27.5,49.3821212,-0.617878788,0.47030303,0.911818182,0.798317221,2
27.52,49.3821212,-0.617878788,0.47030303,0.911818182,0.798315955,2
27.54,49.3821212,-0.617878788,0.47030303,0.911818182,0.798314688,2
27.56,49.3821212,-0.617878788,0.47030303,0.911818182,0.798313422,2
27.58,49.3821212,-0.617878788,0.47030303,0.911818182,0.798312155,2
27.6,49.3821212,-0.617878788,0.47030303,0.911818182,0.798310889,2
27.62,49.3821212,-0.617878788,0.47030303,0.911818182,0.798309622,2
27.64,49.3821212,-0.617878788,0.47030303,0.911818182,0.798308356,2
27.66,49.3821212,-0.617878788,0.47030303,0.911818182,0.79830709,2
27.68,49.3821212,-0.617878788,0.47030303,0.911818182,0.798305823,2
27.7,49.3821212,-0.617878788,0.47030303,0.911818182,0.798304557,2
27.72,49.3821212,-0.617878788,0.47030303,0.911818182,0.79830329,2
27.74,49.3821212,-0.617878788,0.47030303,0.911818182,0.798302024,2
27.76,49.3821212,-0.617878788,0.47030303,0.911818182,0.798300758,2
27.78,49.3821212,-0.617878788,0.47030303,0.911818182,0.798299491,2
27.8,49.3821212,-0.617878788,0.47030303,0.911818182,0.798298225,2
27.82,49.3821212,-0.617878788,0.47030303,0.911818182,0.798296958,2
27.84,49.3821212,-0.617878788,0.47030303,0.911818182,0.798295692,2
27.86,49.3821212,-0.617878788,0.47030303,0.911818182,0.798294425,2
27.88,49.3821212,-0.617878788,0.47030303,0.911818182,0.798293159,2
27.9,49.3821212,-0.617878788,0.47030303,0.911818182,0.798291893,2
27.92,49.3821212,-0.617878788,0.47030303,0.911818182,0.798290626,2
27.94,49.3821212,-0.617878788,0.47030303,0.911818182,0.79828936,2
27.96,49.3821212,-0.617878788,0.47030303,0.911818182,0.798288093,2
27.98,49.3821212,-0.617878788,0.47030303,0.911818182,0.798286827,2
28,49.3821212,-0.617878788,0.47030303,0.911818182,0.798285561,2
28.02,49.3821212,-0.617878788,0.47030303,0.911818182,0.798284294,2
28.04,49.3821212,-0.617878788,0.47030303,0.911818182,0.798283028,2
28.06,49.3821212,-0.617878788,0.47030303,0.911818182,0.798281761,2
28.08,49.3821212,-0.617878788,0.47030303,0.911818182,0.798280495,2
28.1,49.3821212,-0.617878788,0.47030303,0.911818182,0.798279228,2
28.12,49.3821212,-0.617878788,0.47030303,0.911818182,0.798277962,2
28.14,49.3821212,-0.617878788,0.47030303,0.911818182,0.798276696,2
28.16,49.3821212,-0.617878788,0.47030303,0.911818182,0.798275429,2
28.18,49.3821212,-0.617878788,0.47030303,0.911818182,0.798274163,2
28.2,49.3821212,-0.617878788,0.47030303,0.911818182,0.798272896,2
28.22,49.3821212,-0.617878788,0.47030303,0.911818182,0.79827163,2
28.24,49.3821212,-0.617878788,0.47030303,0.911818182,0.798270364,2
28.26,49.3821212,-0.617878788,0.47030303,0.911818182,0.798269097,2
28.28,49.3821212,-0.617878788,0.47030303,0.911818182,0.798267831,2
28.3,49.3821212,-0.617878788,0.47030303,0.911818182,0.798266564,2
28.32,49.3821212,-0.617878788,0.47030303,0.911818182,0.798265298,2
28.34,49.3821212,-0.617878788,0.47030303,0.911818182,0.798264032,2
28.36,49.3821212,-0.617878788,0.47030303,0.911818182,0.798262765,2
28.38,49.3821212,-0.617878788,0.47030303,0.911818182,0.798261499,2
28.4,49.3821212,-0.617878788,0.47030303,0.911818182,0.798260232,2
28.42,49.3821212,-0.617878788,0.47030303,0.911818182,0.798258966,2
28.44,49.3821212,-0.617878788,0.47030303,0.911818182,0.798257699,2
28.46,49.3821212,-0.617878788,0.47030303,0.911818182,0.798256433,2
28.48,49.3821212,-0.617878788,0.47030303,0.911818182,0.798255167,2
28.5,49.3821212,-0.617878788,0.47030303,0.911818182,0.7982539,2
28.52,49.3821212,-0.617878788,0.47030303,0.911818182,0.798252634,2
28.54,49.3821212,-0.617878788,0.47030303,0.911818182,0.798251367,2
28.56,49.3821212,-0.617878788,0.47030303,0.911818182,0.798250101,2
28.58,49.3821212,-0.617878788,0.47030303,0.911818182,0.798248835,2
28.6,49.3821212,-0.617878788,0.47030303,0.911818182,0.798247568,2
28.62,49.3821212,-0.617878788,0.47030303,0.911818182,0.798246302,2
28.64,49.3821212,-0.617878788,0.47030303,0.911818182,0.798245035,2
28.66,49.3821212,-0.617878788,0.47030303,0.911818182,0.798243769,2
28.68,49.3821212,-0.617878788,0.47030303,0.911818182,0.798242502,2
28.7,49.3821212,-0.617878788,0.47030303,0.911818182,0.798241236,2
28.72,49.3821212,-0.617878788,0.47030303,0.911818182,0.79823997,2
28.74,49.3821212,-0.617878788,0.47030303,0.911818182,0.798238703,2
28.76,49.3821212,-0.617878788,0.47030303,0.911818182,0.798237437,2
28.78,49.3821212,-0.617878788,0.47030303,0.911818182,0.79823617,2
28.8,49.3821212,-0.617878788,0.47030303,0.911818182,0.798234904,2
28.82,49.3821212,-0.617878788,0.47030303,0.911818182,0.798233638,2
28.84,49.3821212,-0.617878788,0.47030303,0.911818182,0.798232371,2
28.86,49.3821212,-0.617878788,0.47030303,0.911818182,0.798231105,2
28.88,49.3821212,-0.617878788,0.47030303,0.911818182,0.798229838,2
28.9,49.3821212,-0.617878788,0.47030303,0.911818182,0.798228572,2
28.92,49.3821212,-0.617878788,0.47030303,0.911818182,0.798227306,2
28.94,49.3821212,-0.617878788,0.47030303,0.911818182,0.798226039,2
28.96,49.3821212,-0.617878788,0.47030303,0.911818182,0.798224773,2
28.98,49.3821212,-0.617878788,0.47030303,0.911818182,0.798223506,2
29,49.3821212,-0.617878788,0.47030303,0.911818182,0.79822224,2
29.02,49.3821212,-0.617878788,0.47030303,0.911818182,0.798220973,2
29.04,49.3821212,-0.617878788,0.47030303,0.911818182,0.798219707,2
29.06,49.3821212,-0.617878788,0.47030303,0.911818182,0.798218441,2
29.08,49.3821212,-0.617878788,0.47030303,0.911818182,0.798217174,2
29.1,49.3821212,-0.617878788,0.47030303,0.911818182,0.798215908,2
29.12,49.3821212,-0.617878788,0.47030303,0.911818182,0.798214641,2
29.14,49.3821212,-0.617878788,0.47030303,0.911818182,0.798213375,2
29.16,49.3821212,-0.617878788,0.47030303,0.911818182,0.798212109,2
29.18,49.3821212,-0.617878788,0.47030303,0.911818182,0.798210842,2
29.2,49.3821212,-0.617878788,0.47030303,0.911818182,0.798209576,2
29.22,49.3821212,-0.617878788,0.47030303,0.911818182,0.798208309,2
29.24,49.3821212,-0.617878788,0.47030303,0.911818182,0.798207043,2
29.26,49.3821212,-0.617878788,0.47030303,0.911818182,0.798205776,2
29.28,49.3821212,-0.617878788,0.47030303,0.911818182,0.79820451,2
29.3,49.3821212,-0.617878788,0.47030303,0.911818182,0.798203244,2
29.32,49.3821212,-0.617878788,0.47030303,0.911818182,0.798201977,2
29.34,49.3821212,-0.617878788,0.47030303,0.911818182,0.798200711,2
29.36,49.3821212,-0.617878788,0.47030303,0.911818182,0.798199444,2
29.38,49.3821212,-0.617878788,0.47030303,0.911818182,0.798198178,2
29.4,49.3821212,-0.617878788,0.47030303,0.911818182,0.798196912,2
29.42,49.3821212,-0.617878788,0.47030303,0.911818182,0.798195645,2
29.44,49.3821212,-0.617878788,0.47030303,0.911818182,0.798194379,2
29.46,49.3821212,-0.617878788,0.47030303,0.911818182,0.798193112,2
29.48,49.3821212,-0.617878788,0.47030303,0.911818182,0.798191846,2
29.5,49.3821212,-0.617878788,0.47030303,0.911818182,0.79819058,2
29.52,49.3821212,-0.617878788,0.47030303,0.911818182,0.798189313,2
29.54,49.3821212,-0.617878788,0.47030303,0.911818182,0.798188047,2
29.56,49.3821212,-0.617878788,0.47030303,0.911818182,0.79818678,2
29.58,49.3821212,-0.617878788,0.47030303,0.911818182,0.798185514,2
29.6,49.3821212,-0.617878788,0.47030303,0.911818182,0.798184247,2
29.62,49.3821212,-0.617878788,0.47030303,0.911818182,0.798182981,2
29.64,49.3821212,-0.617878788,0.47030303,0.911818182,0.798181715,2
29.66,49.3821212,-0.617878788,0.47030303,0.911818182,0.798180448,2
29.68,49.3821212,-0.617878788,0.47030303,0.911818182,0.798179182,2
29.7,49.3821212,-0.617878788,0.47030303,0.911818182,0.798177915,2
29.72,49.3821212,-0.617878788,0.47030303,0.911818182,0.798176649,2
29.74,49.3821212,-0.617878788,0.47030303,0.911818182,0.798175383,2
29.76,49.3821212,-0.617878788,0.47030303,0.911818182,0.798174116,2
29.78,49.3821212,-0.617878788,0.47030303,0.911818182,0.79817285,2
29.8,49.3821212,-0.617878788,0.47030303,0.911818182,0.798171583,2
29.82,49.3821212,-0.617878788,0.47030303,0.911818182,0.798170317,2
29.84,49.3821212,-0.617878788,0.47030303,0.911818182,0.79816905,2
29.86,49.3821212,-0.617878788,0.47030303,0.911818182,0.798167784,2
29.88,49.3821212,-0.617878788,0.47030303,0.911818182,0.798166518,2
29.9,49.3821212,-0.617878788,0.47030303,0.911818182,0.798165251,2
29.92,49.3821212,-0.617878788,0.47030303,0.911818182,0.798163985,2
29.94,49.3821212,-0.617878788,0.47030303,0.911818182,0.798162718,2
29.96,49.3821212,-0.617878788,0.47030303,0.911818182,0.798161452,2
29.98,49.3821212,-0.617878788,0.47030303,0.911818182,0.798160186,2
30,49.3821212,-0.617878788,0.47030303,0.911818182,0.798158919,2
30.02,49.3821212,-0.617878788,0.47030303,0.911818182,0.798157653,2
30.04,49.3821212,-0.617878788,0.47030303,0.911818182,0.798156386,2
30.06,49.3821212,-0.617878788,0.47030303,0.911818182,0.79815512,2
30.08,49.3821212,-0.617878788,0.47030303,0.911818182,0.798153853,2
30.1,49.3821212,-0.617878788,0.47030303,0.911818182,0.798152587,2
30.12,49.3821212,-0.617878788,0.47030303,0.911818182,0.798151321,2
30.14,49.3821212,-0.617878788,0.47030303,0.911818182,0.798150054,2
30.16,49.3821212,-0.617878788,0.47030303,0.911818182,0.798148788,2
30.18,49.3821212,-0.617878788,0.47030303,0.911818182,0.798147521,2
30.2,49.3821212,-0.617878788,0.47030303,0.911818182,0.798146255,2
30.22,49.3821212,-0.617878788,0.47030303,0.911818182,0.798144989,2
30.24,49.3821212,-0.617878788,0.47030303,0.911818182,0.798143722,2
30.26,49.3821212,-0.617878788,0.47030303,0.911818182,0.798142456,2
30.28,49.3821212,-0.617878788,0.47030303,0.911818182,0.798141189,2
30.3,49.3821212,-0.617878788,0.47030303,0.911818182,0.798139923,2
30.32,49.3821212,-0.617878788,0.47030303,0.911818182,0.798138657,2
30.34,49.3821212,-0.617878788,0.47030303,0.911818182,0.79813739,2
30.36,49.3821212,-0.617878788,0.47030303,0.911818182,0.798136124,2
30.38,49.3821212,-0.617878788,0.47030303,0.911818182,0.798134857,2
30.4,49.3821212,-0.617878788,0.47030303,0.911818182,0.798133591,2
30.42,49.3821212,-0.617878788,0.47030303,0.911818182,0.798132324,2
30.44,49.3821212,-0.617878788,0.47030303,0.911818182,0.798131058,2
30.46,49.3821212,-0.617878788,0.47030303,0.911818182,0.798129792,2
30.48,49.3821212,-0.617878788,0.47030303,0.911818182,0.798128525,2
30.5,49.3821212,-0.617878788,0.47030303,0.911818182,0.798127259,2
30.52,49.3821212,-0.617878788,0.47030303,0.911818182,0.798125992,2
30.54,49.3821212,-0.617878788,0.47030303,0.911818182,0.798124726,2
30.56,49.3821212,-0.617878788,0.47030303,0.911818182,0.79812346,2
30.58,49.3821212,-0.617878788,0.47030303,0.911818182,0.798122193,2
30.6,49.3821212,-0.617878788,0.47030303,0.911818182,0.798120927,2
30.62,49.3821212,-0.617878788,0.47030303,0.911818182,0.79811966,2
30.64,49.3821212,-0.617878788,0.47030303,0.911818182,0.798118394,2
30.66,49.3821212,-0.617878788,0.47030303,0.911818182,0.798117127,2
30.68,49.3821212,-0.617878788,0.47030303,0.911818182,0.798115861,2
30.7,49.3821212,-0.617878788,0.47030303,0.911818182,0.798114595,2
30.72,49.3821212,-0.617878788,0.47030303,0.911818182,0.798113328,2
30.74,49.3821212,-0.617878788,0.47030303,0.911818182,0.798112062,2
30.76,49.3821212,-0.617878788,0.47030303,0.911818182,0.798110795,2
30.78,49.3821212,-0.617878788,0.47030303,0.911818182,0.798109529,2
30.8,49.3821212,-0.617878788,0.47030303,0.911818182,0.798108263,2
30.82,49.3821212,-0.617878788,0.47030303,0.911818182,0.798106996,2
30.84,49.3821212,-0.617878788,0.47030303,0.911818182,0.79810573,2
30.86,49.3821212,-0.617878788,0.47030303,0.911818182,0.798104463,2
30.88,49.3821212,-0.617878788,0.47030303,0.911818182,0.798103197,2
30.9,49.3821212,-0.617878788,0.47030303,0.911818182,0.798101931,2
30.92,49.3821212,-0.617878788,0.47030303,0.911818182,0.798100664,2
30.94,49.3821212,-0.617878788,0.47030303,0.911818182,0.798099398,2
30.96,49.3821212,-0.617878788,0.47030303,0.911818182,0.798098131,2
30.98,49.3821212,-0.617878788,0.47030303,0.911818182,0.798096865,2
31,49.3821212,-0.617878788,0.47030303,0.911818182,0.798095598,2
31.02,49.3821212,-0.617878788,0.47030303,0.911818182,0.798094332,2
31.04,49.3821212,-0.617878788,0.47030303,0.911818182,0.798093066,2
31.06,49.3821212,-0.617878788,0.47030303,0.911818182,0.798091799,2
31.08,49.3821212,-0.617878788,0.47030303,0.911818182,0.798090533,2
31.1,49.3821212,-0.617878788,0.47030303,0.911818182,0.798089266,2
31.12,49.3821212,-0.617878788,0.47030303,0.911818182,0.798088,2
31.14,49.3821212,-0.617878788,0.47030303,0.911818182,0.798086734,2
31.16,49.3821212,-0.617878788,0.47030303,0.911818182,0.798085467,2
31.18,49.3821212,-0.617878788,0.47030303,0.911818182,0.798084201,2
31.2,49.3821212,-0.617878788,0.47030303,0.911818182,0.798082934,2
31.22,49.3821212,-0.617878788,0.47030303,0.911818182,0.798081668,2
31.24,49.3821212,-0.617878788,0.47030303,0.911818182,0.798080401,2
31.26,49.3821212,-0.617878788,0.47030303,0.911818182,0.798079135,2
31.28,49.3821212,-0.617878788,0.47030303,0.911818182,0.798077869,2
31.3,49.3821212,-0.617878788,0.47030303,0.911818182,0.798076602,2
31.32,49.3821212,-0.617878788,0.47030303,0.911818182,0.798075336,2
31.34,49.3821212,-0.617878788,0.47030303,0.911818182,0.798074069,2
31.36,49.3821212,-0.617878788,0.47030303,0.911818182,0.798072803,2
31.38,49.3821212,-0.617878788,0.47030303,0.911818182,0.798071537,2
31.4,49.3821212,-0.617878788,0.47030303,0.911818182,0.79807027,2
31.42,49.3821212,-0.617878788,0.47030303,0.911818182,0.798069004,2
31.44,49.3821212,-0.617878788,0.47030303,0.911818182,0.798067737,2
31.46,49.3821212,-0.617878788,0.47030303,0.911818182,0.798066471,2
31.48,49.3821212,-0.617878788,0.47030303,0.911818182,0.798065205,2
31.5,49.3821212,-0.617878788,0.47030303,0.911818182,0.798063938,2
31.52,49.3821212,-0.617878788,0.47030303,0.911818182,0.798062672,2
31.54,49.3821212,-0.617878788,0.47030303,0.911818182,0.798061405,2
31.56,49.3821212,-0.617878788,0.47030303,0.911818182,0.798060139,2
31.58,49.3821212,-0.617878788,0.47030303,0.911818182,0.798058872,2
31.6,49.3821212,-0.617878788,0.47030303,0.911818182,0.798057606,2
31.62,49.3821212,-0.617878788,0.47030303,0.911818182,0.79805634,2
31.64,49.3821212,-0.617878788,0.47030303,0.911818182,0.798055073,2
31.66,49.3821212,-0.617878788,0.47030303,0.911818182,0.798053807,2
31.68,49.3821212,-0.617878788,0.47030303,0.911818182,0.79805254,2
31.7,49.3821212,-0.617878788,0.47030303,0.911818182,0.798051274,2
31.72,49.3821212,-0.617878788,0.47030303,0.911818182,0.798050008,2
31.74,49.3821212,-0.617878788,0.47030303,0.911818182,0.798048741,2
31.76,49.3821212,-0.617878788,0.47030303,0.911818182,0.798047475,2
31.78,49.3821212,-0.617878788,0.47030303,0.911818182,0.798046208,2
31.8,49.3821212,-0.617878788,0.47030303,0.911818182,0.798044942,2
31.82,49.3821212,-0.617878788,0.47030303,0.911818182,0.798043675,2
31.84,49.3821212,-0.617878788,0.47030303,0.911818182,0.798042409,2
31.86,49.3821212,-0.617878788,0.47030303,0.911818182,0.798041143,2
31.88,49.3821212,-0.617878788,0.47030303,0.911818182,0.798039876,2
31.9,49.3821212,-0.617878788,0.47030303,0.911818182,0.79803861,2
31.92,49.3821212,-0.617878788,0.47030303,0.911818182,0.798037343,2
31.94,49.3821212,-0.617878788,0.47030303,0.911818182,0.798036077,2
31.96,49.3821212,-0.617878788,0.47030303,0.911818182,0.798034811,2
31.98,49.3821212,-0.617878788,0.47030303,0.911818182,0.798033544,2
32,49.3821212,-0.617878788,0.47030303,0.911818182,0.798032278,2
32.02,49.3821212,-0.617878788,0.47030303,0.911818182,0.798031011,2
32.04,49.3821212,-0.617878788,0.47030303,0.911818182,0.798029745,2
32.06,49.3821212,-0.617878788,0.47030303,0.911818182,0.798028478,2
32.08,49.3821212,-0.617878788,0.47030303,0.911818182,0.798027212,2
32.1,49.3821212,-0.617878788,0.47030303,0.911818182,0.798025946,2
32.12,49.3821212,-0.617878788,0.47030303,0.911818182,0.798024679,2
32.14,49.3821212,-0.617878788,0.47030303,0.911818182,0.798023413,2
32.16,49.3821212,-0.617878788,0.47030303,0.911818182,0.798022146,2
32.18,49.3821212,-0.617878788,0.47030303,0.911818182,0.79802088,2
32.2,49.3821212,-0.617878788,0.47030303,0.911818182,0.798019614,2
32.22,49.3821212,-0.617878788,0.47030303,0.911818182,0.798018347,2
32.24,49.3821212,-0.617878788,0.47030303,0.911818182,0.798017081,2
32.26,49.3821212,-0.617878788,0.47030303,0.911818182,0.798015814,2
32.28,49.3821212,-0.617878788,0.47030303,0.911818182,0.798014548,2
32.3,49.3821212,-0.617878788,0.47030303,0.911818182,0.798013282,2
32.32,49.3821212,-0.617878788,0.47030303,0.911818182,0.798012015,2
32.34,49.3821212,-0.617878788,0.47030303,0.911818182,0.798010749,2
32.36,49.3821212,-0.617878788,0.47030303,0.911818182,0.798009482,2
32.38,49.3821212,-0.617878788,0.47030303,0.911818182,0.798008216,2
32.4,49.3821212,-0.617878788,0.47030303,0.911818182,0.798006949,2
32.42,49.3821212,-0.617878788,0.47030303,0.911818182,0.798005683,2
32.44,49.3821212,-0.617878788,0.47030303,0.911818182,0.798004417,2
32.46,49.3821212,-0.617878788,0.47030303,0.911818182,0.79800315,2
32.48,49.3821212,-0.617878788,0.47030303,0.911818182,0.798001884,2
32.5,49.3821212,-0.617878788,0.47030303,0.911818182,0.798000617,2
32.52,49.3821212,-0.617878788,0.47030303,0.911818182,0.797999351,2
32.54,49.3821212,-0.617878788,0.47030303,0.911818182,0.797998085,2
32.56,49.3821212,-0.617878788,0.47030303,0.911818182,0.797996818,2
32.58,49.3821212,-0.617878788,0.47030303,0.911818182,0.797995552,2
32.6,49.3821212,-0.617878788,0.47030303,0.911818182,0.797994285,2
32.62,49.3821212,-0.617878788,0.47030303,0.911818182,0.797993019,2
32.64,49.3821212,-0.617878788,0.47030303,0.911818182,0.797991752,2
32.66,49.3821212,-0.617878788,0.47030303,0.911818182,0.797990486,2
32.68,49.3821212,-0.617878788,0.47030303,0.911818182,0.79798922,2
32.7,49.3821212,-0.617878788,0.47030303,0.911818182,0.797987953,2
32.72,49.3821212,-0.617878788,0.47030303,0.911818182,0.797986687,2
32.74,49.3821212,-0.617878788,0.47030303,0.911818182,0.79798542,2
32.76,49.3821212,-0.617878788,0.47030303,0.911818182,0.797984154,2
32.78,49.3821212,-0.617878788,0.47030303,0.911818182,0.797982888,2
32.8,49.3821212,-0.617878788,0.47030303,0.911818182,0.797981621,2
32.82,49.3821212,-0.617878788,0.47030303,0.911818182,0.797980355,2
32.84,49.3821212,-0.617878788,0.47030303,0.911818182,0.797979088,2
32.86,49.3821212,-0.617878788,0.47030303,0.911818182,0.797977822,2
32.88,49.3821212,-0.617878788,0.47030303,0.911818182,0.797976556,2
32.9,49.3821212,-0.617878788,0.47030303,0.911818182,0.797975289,2
32.92,49.3821212,-0.617878788,0.47030303,0.911818182,0.797974023,2
32.94,49.3821212,-0.617878788,0.47030303,0.911818182,0.797972756,2
32.96,49.3821212,-0.617878788,0.47030303,0.911818182,0.79797149,2
32.98,49.3821212,-0.617878788,0.47030303,0.911818182,0.797970223,2
33,49.3821212,-0.617878788,0.47030303,0.911818182,0.797968957,2
33.02,49.3821212,-0.617878788,0.47030303,0.911818182,0.797967691,2
33.04,49.3821212,-0.617878788,0.47030303,0.911818182,0.797966424,2
33.06,49.3821212,-0.617878788,0.47030303,0.911818182,0.797965158,2
33.08,49.3821212,-0.617878788,0.47030303,0.911818182,0.797963891,2
33.1,49.3821212,-0.617878788,0.47030303,0.911818182,0.797962625,2
33.12,49.3821212,-0.617878788,0.47030303,0.911818182,0.797961359,2
33.14,49.3821212,-0.617878788,0.47030303,0.911818182,0.797960092,2
33.16,49.3821212,-0.617878788,0.47030303,0.911818182,0.797958826,2
33.18,49.3821212,-0.617878788,0.47030303,0.911818182,0.797957559,2
33.2,49.3821212,-0.617878788,0.47030303,0.911818182,0.797956293,2
33.22,49.3821212,-0.617878788,0.47030303,0.911818182,0.797955026,2
33.24,49.3821212,-0.617878788,0.47030303,0.911818182,0.79795376,2
33.26,49.3821212,-0.617878788,0.47030303,0.911818182,0.797952494,2
33.28,49.3821212,-0.617878788,0.47030303,0.911818182,0.797951227,2
33.3,49.3821212,-0.617878788,0.47030303,0.911818182,0.797949961,2
33.32,49.3821212,-0.617878788,0.47030303,0.911818182,0.797948694,2
33.34,49.3821212,-0.617878788,0.47030303,0.911818182,0.797947428,2
33.36,49.3821212,-0.617878788,0.47030303,0.911818182,0.797946162,2
33.38,49.3821212,-0.617878788,0.47030303,0.911818182,0.797944895,2
33.4,49.3821212,-0.617878788,0.47030303,0.911818182,0.797943629,2
33.42,49.3821212,-0.617878788,0.47030303,0.911818182,0.797942362,2
33.44,49.3821212,-0.617878788,0.47030303,0.911818182,0.797941096,2
33.46,49.3821212,-0.617878788,0.47030303,0.911818182,0.79793983,2
33.48,49.3821212,-0.617878788,0.47030303,0.911818182,0.797938563,2
33.5,49.3821212,-0.617878788,0.47030303,0.911818182,0.797937297,2
33.52,49.3821212,-0.617878788,0.47030303,0.911818182,0.79793603,2
33.54,49.3821212,-0.617878788,0.47030303,0.911818182,0.797934764,2
33.56,49.3821212,-0.617878788,0.47030303,0.911818182,0.797933497,2
33.58,49.3821212,-0.617878788,0.47030303,0.911818182,0.797932231,2
33.6,49.3821212,-0.617878788,0.47030303,0.911818182,0.797930965,2
33.62,49.3821212,-0.617878788,0.47030303,0.911818182,0.797929698,2
33.64,49.3821212,-0.617878788,0.47030303,0.911818182,0.797928432,2
33.66,49.3821212,-0.617878788,0.47030303,0.911818182,0.797927165,2
33.68,49.3821212,-0.617878788,0.47030303,0.911818182,0.797925899,2
33.7,49.3821212,-0.617878788,0.47030303,0.911818182,0.797924633,2
33.72,49.3821212,-0.617878788,0.47030303,0.911818182,0.797923366,2
33.74,49.3821212,-0.617878788,0.47030303,0.911818182,0.7979221,2
33.76,49.3821212,-0.617878788,0.47030303,0.911818182,0.797920833,2
33.78,49.3821212,-0.617878788,0.47030303,0.911818182,0.797919567,2
33.8,49.3821212,-0.617878788,0.47030303,0.911818182,0.7979183,2
33.82,49.3821212,-0.617878788,0.47030303,0.911818182,0.797917034,2
33.84,49.3821212,-0.617878788,0.47030303,0.911818182,0.797915768,2
33.86,49.3821212,-0.617878788,0.47030303,0.911818182,0.797914501,2
33.88,49.3821212,-0.617878788,0.47030303,0.911818182,0.797913235,2
33.9,49.3821212,-0.617878788,0.47030303,0.911818182,0.797911968,2
33.92,49.3821212,-0.617878788,0.47030303,0.911818182,0.797910702,2
33.94,49.3821212,-0.617878788,0.47030303,0.911818182,0.797909436,2
33.96,49.3821212,-0.617878788,0.47030303,0.911818182,0.797908169,2
33.98,49.3821212,-0.617878788,0.47030303,0.911818182,0.797906903,2
34,49.3821212,-0.617878788,0.47030303,0.911818182,0.797905636,2
34.02,49.3821212,-0.617878788,0.47030303,0.911818182,0.79790437,2
34.04,49.3821212,-0.617878788,0.47030303,0.911818182,0.797903103,2
34.06,49.3821212,-0.617878788,0.47030303,0.911818182,0.797901837,2
34.08,49.3821212,-0.617878788,0.47030303,0.911818182,0.797900571,2
34.1,49.3821212,-0.617878788,0.47030303,0.911818182,0.797899304,2
34.12,49.3821212,-0.617878788,0.47030303,0.911818182,0.797898038,2
34.14,49.3821212,-0.617878788,0.47030303,0.911818182,0.797896771,2
34.16,49.3821212,-0.617878788,0.47030303,0.911818182,0.797895505,2
34.18,49.3821212,-0.617878788,0.47030303,0.911818182,0.797894239,2
34.2,49.3821212,-0.617878788,0.47030303,0.911818182,0.797892972,2
34.22,49.3821212,-0.617878788,0.47030303,0.911818182,0.797891706,2
34.24,49.3821212,-0.617878788,0.47030303,0.911818182,0.797890439,2
34.26,49.3821212,-0.617878788,0.47030303,0.911818182,0.797889173,2
34.28,49.3821212,-0.617878788,0.47030303,0.911818182,0.797887907,2
34.3,49.3821212,-0.617878788,0.47030303,0.911818182,0.79788664,2
34.32,49.3821212,-0.617878788,0.47030303,0.911818182,0.797885374,2
34.34,49.3821212,-0.617878788,0.47030303,0.911818182,0.797884107,2
34.36,49.3821212,-0.617878788,0.47030303,0.911818182,0.797882841,2
34.38,49.3821212,-0.617878788,0.47030303,0.911818182,0.797881574,2
34.4,49.3821212,-0.617878788,0.47030303,0.911818182,0.797880308,2
34.42,49.3821212,-0.617878788,0.47030303,0.911818182,0.797879042,2
34.44,49.3821212,-0.617878788,0.47030303,0.911818182,0.797877775,2
34.46,49.3821212,-0.617878788,0.47030303,0.911818182,0.797876509,2
34.48,49.3821212,-0.617878788,0.47030303,0.911818182,0.797875242,2
34.5,49.3821212,-0.617878788,0.47030303,0.911818182,0.797873976,2
34.52,49.3821212,-0.617878788,0.47030303,0.911818182,0.79787271,2
34.54,49.3821212,-0.617878788,0.47030303,0.911818182,0.797871443,2
34.56,49.3821212,-0.617878788,0.47030303,0.911818182,0.797870177,2
34.58,49.3821212,-0.617878788,0.47030303,0.911818182,0.79786891,2
34.6,49.3821212,-0.617878788,0.47030303,0.911818182,0.797867644,2
34.62,49.3821212,-0.617878788,0.47030303,0.911818182,0.797866377,2
34.64,49.3821212,-0.617878788,0.47030303,0.911818182,0.797865111,2
34.66,49.3821212,-0.617878788,0.47030303,0.911818182,0.797863845,2
34.68,49.3821212,-0.617878788,0.47030303,0.911818182,0.797862578,2
34.7,49.3821212,-0.617878788,0.47030303,0.911818182,0.797861312,2
34.72,49.3821212,-0.617878788,0.47030303,0.911818182,0.797860045,2
34.74,49.3821212,-0.617878788,0.47030303,0.911818182,0.797858779,2
34.76,49.3821212,-0.617878788,0.47030303,0.911818182,0.797857513,2
34.78,49.3821212,-0.617878788,0.47030303,0.911818182,0.797856246,2
34.8,49.3821212,-0.617878788,0.47030303,0.911818182,0.79785498,2
34.82,49.3821212,-0.617878788,0.47030303,0.911818182,0.797853713,2
34.84,49.3821212,-0.617878788,0.47030303,0.911818182,0.797852447,2
34.86,49.3821212,-0.617878788,0.47030303,0.911818182,0.797851181,2
34.88,49.3821212,-0.617878788,0.47030303,0.911818182,0.797849914,2
34.9,49.3821212,-0.617878788,0.47030303,0.911818182,0.797848648,2
34.92,49.3821212,-0.617878788,0.47030303,0.911818182,0.797847381,2
34.94,49.3821212,-0.617878788,0.47030303,0.911818182,0.797846115,2
34.96,49.3821212,-0.617878788,0.47030303,0.911818182,0.797844848,2
34.98,49.3821212,-0.617878788,0.47030303,0.911818182,0.797843582,2
35,49.3821212,-0.617878788,0.47030303,0.911818182,0.797842316,2
35.02,49.3821212,-0.617878788,0.47030303,0.911818182,0.797841049,2
35.04,49.3821212,-0.617878788,0.47030303,0.911818182,0.797839783,2
35.06,49.3821212,-0.617878788,0.47030303,0.911818182,0.797838516,2
35.08,49.3821212,-0.617878788,0.47030303,0.911818182,0.79783725,2
35.1,49.3821212,-0.617878788,0.47030303,0.911818182,0.797835984,2
35.12,49.3821212,-0.617878788,0.47030303,0.911818182,0.797834717,2
35.14,49.3821212,-0.617878788,0.47030303,0.911818182,0.797833451,2
35.16,49.3821212,-0.617878788,0.47030303,0.911818182,0.797832184,2
35.18,49.3821212,-0.617878788,0.47030303,0.911818182,0.797830918,2
35.2,49.3821212,-0.617878788,0.47030303,0.911818182,0.797829651,2
35.22,49.3821212,-0.617878788,0.47030303,0.911818182,0.797828385,2
35.24,49.3821212,-0.617878788,0.47030303,0.911818182,0.797827119,2
35.26,49.3821212,-0.617878788,0.47030303,0.911818182,0.797825852,2
35.28,49.3821212,-0.617878788,0.47030303,0.911818182,0.797824586,2
35.3,49.3821212,-0.617878788,0.47030303,0.911818182,0.797823319,2
35.32,49.3821212,-0.617878788,0.47030303,0.911818182,0.797822053,2
35.34,49.3821212,-0.617878788,0.47030303,0.911818182,0.797820787,2
35.36,49.3821212,-0.617878788,0.47030303,0.911818182,0.79781952,2
35.38,49.3821212,-0.617878788,0.47030303,0.911818182,0.797818254,2
35.4,49.3821212,-0.617878788,0.47030303,0.911818182,0.797816987,2
35.42,49.3821212,-0.617878788,0.47030303,0.911818182,0.797815721,2
35.44,49.3821212,-0.617878788,0.47030303,0.911818182,0.797814455,2
35.46,49.3821212,-0.617878788,0.47030303,0.911818182,0.797813188,2
35.48,49.3821212,-0.617878788,0.47030303,0.911818182,0.797811922,2
35.5,49.3821212,-0.617878788,0.47030303,0.911818182,0.797810655,2
35.52,49.3821212,-0.617878788,0.47030303,0.911818182,0.797809389,2
35.54,49.3821212,-0.617878788,0.47030303,0.911818182,0.797808122,2
35.56,49.3821212,-0.617878788,0.47030303,0.911818182,0.797806856,2
35.58,49.3821212,-0.617878788,0.47030303,0.911818182,0.79780559,2
35.6,49.3821212,-0.617878788,0.47030303,0.911818182,0.797804323,2
35.62,49.3821212,-0.617878788,0.47030303,0.911818182,0.797803057,2
35.64,49.3821212,-0.617878788,0.47030303,0.911818182,0.79780179,2
35.66,49.3821212,-0.617878788,0.47030303,0.911818182,0.797800524,2
35.68,49.3821212,-0.617878788,0.47030303,0.911818182,0.797799258,2
35.7,49.3821212,-0.617878788,0.47030303,0.911818182,0.797797991,2
35.72,49.3821212,-0.617878788,0.47030303,0.911818182,0.797796725,2
35.74,49.3821212,-0.617878788,0.47030303,0.911818182,0.797795458,2
35.76,49.3821212,-0.617878788,0.47030303,0.911818182,0.797794192,2
35.78,49.3821212,-0.617878788,0.47030303,0.911818182,0.797792925,2
35.8,49.3821212,-0.617878788,0.47030303,0.911818182,0.797791659,2
35.82,49.3821212,-0.617878788,0.47030303,0.911818182,0.797790393,2
35.84,49.3821212,-0.617878788,0.47030303,0.911818182,0.797789126,2
35.86,49.3821212,-0.617878788,0.47030303,0.911818182,0.79778786,2
35.88,49.3821212,-0.617878788,0.47030303,0.911818182,0.797786593,2
35.9,49.3821212,-0.617878788,0.47030303,0.911818182,0.797785327,2
35.92,49.3821212,-0.617878788,0.47030303,0.911818182,0.797784061,2
35.94,49.3821212,-0.617878788,0.47030303,0.911818182,0.797782794,2
35.96,49.3821212,-0.617878788,0.47030303,0.911818182,0.797781528,2
35.98,49.3821212,-0.617878788,0.47030303,0.911818182,0.797780261,2
36,49.3821212,-0.617878788,0.47030303,0.911818182,0.797778995,2
36.02,49.3821212,-0.617878788,0.47030303,0.911818182,0.797777728,2
36.04,49.3821212,-0.617878788,0.47030303,0.911818182,0.797776462,2
36.06,49.3821212,-0.617878788,0.47030303,0.911818182,0.797775196,2
36.08,49.3821212,-0.617878788,0.47030303,0.911818182,0.797773929,2
36.1,49.3821212,-0.617878788,0.47030303,0.911818182,0.797772663,2
36.12,49.3821212,-0.617878788,0.47030303,0.911818182,0.797771396,2
36.14,49.3821212,-0.617878788,0.47030303,0.911818182,0.79777013,2
36.16,49.3821212,-0.617878788,0.47030303,0.911818182,0.797768864,2
36.18,49.3821212,-0.617878788,0.47030303,0.911818182,0.797767597,2
36.2,49.3821212,-0.617878788,0.47030303,0.911818182,0.797766331,2
36.22,49.3821212,-0.617878788,0.47030303,0.911818182,0.797765064,2
36.24,49.3821212,-0.617878788,0.47030303,0.911818182,0.797763798,2
36.26,49.3821212,-0.617878788,0.47030303,0.911818182,0.797762532,2
36.28,49.3821212,-0.617878788,0.47030303,0.911818182,0.797761265,2
36.3,49.3821212,-0.617878788,0.47030303,0.911818182,0.797759999,2
36.32,49.3821212,-0.617878788,0.47030303,0.911818182,0.797758732,2
36.34,49.3821212,-0.617878788,0.47030303,0.911818182,0.797757466,2
36.36,49.3821212,-0.617878788,0.47030303,0.911818182,0.797756199,2
36.38,49.3821212,-0.617878788,0.47030303,0.911818182,0.797754933,2
36.4,49.3821212,-0.617878788,0.47030303,0.911818182,0.797753667,2
36.42,49.3821212,-0.617878788,0.47030303,0.911818182,0.7977524,2
36.44,49.3821212,-0.617878788,0.47030303,0.911818182,0.797751134,2
36.46,49.3821212,-0.617878788,0.47030303,0.911818182,0.797749867,2
36.48,49.3821212,-0.617878788,0.47030303,0.911818182,0.797748601,2
36.5,49.3821212,-0.617878788,0.47030303,0.911818182,0.797747335,2
36.52,49.3821212,-0.617878788,0.47030303,0.911818182,0.797746068,2
36.54,49.3821212,-0.617878788,0.47030303,0.911818182,0.797744802,2
36.56,49.3821212,-0.617878788,0.47030303,0.911818182,0.797743535,2
36.58,49.3821212,-0.617878788,0.47030303,0.911818182,0.797742269,2
36.6,49.3821212,-0.617878788,0.47030303,0.911818182,0.797741002,2
36.62,49.3821212,-0.617878788,0.47030303,0.911818182,0.797739736,2
36.64,49.3821212,-0.617878788,0.47030303,0.911818182,0.79773847,2
36.66,49.3821212,-0.617878788,0.47030303,0.911818182,0.797737203,2
36.68,49.3821212,-0.617878788,0.47030303,0.911818182,0.797735937,2
36.7,49.3821212,-0.617878788,0.47030303,0.911818182,0.79773467,2
36.72,49.3821212,-0.617878788,0.47030303,0.911818182,0.797733404,2
36.74,49.3821212,-0.617878788,0.47030303,0.911818182,0.797732138,2
36.76,49.3821212,-0.617878788,0.47030303,0.911818182,0.797730871,2
36.78,49.3821212,-0.617878788,0.47030303,0.911818182,0.797729605,2
36.8,49.3821212,-0.617878788,0.47030303,0.911818182,0.797728338,2
36.82,49.3821212,-0.617878788,0.47030303,0.911818182,0.797727072,2
36.84,49.3821212,-0.617878788,0.47030303,0.911818182,0.797725806,2
36.86,49.3821212,-0.617878788,0.47030303,0.911818182,0.797724539,2
36.88,49.3821212,-0.617878788,0.47030303,0.911818182,0.797723273,2
36.9,49.3821212,-0.617878788,0.47030303,0.911818182,0.797722006,2
36.92,49.3821212,-0.617878788,0.47030303,0.911818182,0.79772074,2
36.94,49.3821212,-0.617878788,0.47030303,0.911818182,0.797719473,2
36.96,49.3821212,-0.617878788,0.47030303,0.911818182,0.797718207,2
36.98,49.3821212,-0.617878788,0.47030303,0.911818182,0.797716941,2
37,49.3821212,-0.617878788,0.47030303,0.911818182,0.797715674,2
37.02,49.3821212,-0.617878788,0.47030303,0.911818182,0.797714408,2
37.04,49.3821212,-0.617878788,0.47030303,0.911818182,0.797713141,2
37.06,49.3821212,-0.617878788,0.47030303,0.911818182,0.797711875,2
37.08,49.3821212,-0.617878788,0.47030303,0.911818182,0.797710609,2
37.1,49.3821212,-0.617878788,0.47030303,0.911818182,0.797709342,2
37.12,49.3821212,-0.617878788,0.47030303,0.911818182,0.797708076,2
37.14,49.3821212,-0.617878788,0.47030303,0.911818182,0.797706809,2
37.16,49.3821212,-0.617878788,0.47030303,0.911818182,0.797705543,2
37.18,49.3821212,-0.617878788,0.47030303,0.911818182,0.797704276,2
37.2,49.3821212,-0.617878788,0.47030303,0.911818182,0.79770301,2
37.22,49.3821212,-0.617878788,0.47030303,0.911818182,0.797701744,2
37.24,49.3821212,-0.617878788,0.47030303,0.911818182,0.797700477,2
37.26,49.3821212,-0.617878788,0.47030303,0.911818182,0.797699211,2
37.28,49.3821212,-0.617878788,0.47030303,0.911818182,0.797697944,2
37.3,49.3821212,-0.617878788,0.47030303,0.911818182,0.797696678,2
37.32,49.3821212,-0.617878788,0.47030303,0.911818182,0.797695412,2
37.34,49.3821212,-0.617878788,0.47030303,0.911818182,0.797694145,2
37.36,49.3821212,-0.617878788,0.47030303,0.911818182,0.797692879,2
37.38,49.3821212,-0.617878788,0.47030303,0.911818182,0.797691612,2
37.4,49.3821212,-0.617878788,0.47030303,0.911818182,0.797690346,2
37.42,49.3821212,-0.617878788,0.47030303,0.911818182,0.79768908,2
37.44,49.3821212,-0.617878788,0.47030303,0.911818182,0.797687813,2
37.46,49.3821212,-0.617878788,0.47030303,0.911818182,0.797686547,2
37.48,49.3821212,-0.617878788,0.47030303,0.911818182,0.79768528,2
37.5,49.3821212,-0.617878788,0.47030303,0.911818182,0.797684014,2
37.52,49.3821212,-0.617878788,0.47030303,0.911818182,0.797682747,2
37.54,49.3821212,-0.617878788,0.47030303,0.911818182,0.797681481,2
37.56,49.3821212,-0.617878788,0.47030303,0.911818182,0.797680215,2
37.58,49.3821212,-0.617878788,0.47030303,0.911818182,0.797678948,2
37.6,49.3821212,-0.617878788,0.47030303,0.911818182,0.797677682,2
37.62,49.3821212,-0.617878788,0.47030303,0.911818182,0.797676415,2
37.64,49.3821212,-0.617878788,0.47030303,0.911818182,0.797675149,2
37.66,49.3821212,-0.617878788,0.47030303,0.911818182,0.797673883,2
37.68,49.3821212,-0.617878788,0.47030303,0.911818182,0.797672616,2
37.7,49.3821212,-0.617878788,0.47030303,0.911818182,0.79767135,2
37.72,49.3821212,-0.617878788,0.47030303,0.911818182,0.797670083,2
37.74,49.3821212,-0.617878788,0.47030303,0.911818182,0.797668817,2
37.76,49.3821212,-0.617878788,0.47030303,0.911818182,0.79766755,2
37.78,49.3821212,-0.617878788,0.47030303,0.911818182,0.797666284,2
37.8,49.3821212,-0.617878788,0.47030303,0.911818182,0.797665018,2
37.82,49.3821212,-0.617878788,0.47030303,0.911818182,0.797663751,2
37.84,49.3821212,-0.617878788,0.47030303,0.911818182,0.797662485,2
37.86,49.3821212,-0.617878788,0.47030303,0.911818182,0.797661218,2
37.88,49.3821212,-0.617878788,0.47030303,0.911818182,0.797659952,2
37.9,49.3821212,-0.617878788,0.47030303,0.911818182,0.797658686,2
37.92,49.3821212,-0.617878788,0.47030303,0.911818182,0.797657419,2
37.94,49.3821212,-0.617878788,0.47030303,0.911818182,0.797656153,2
37.96,49.3821212,-0.617878788,0.47030303,0.911818182,0.797654886,2
37.98,49.3821212,-0.617878788,0.47030303,0.911818182,0.79765362,2
38,49.3821212,-0.617878788,0.47030303,0.911818182,0.797652353,2
38.02,49.3821212,-0.617878788,0.47030303,0.911818182,0.797651087,2
38.04,49.3821212,-0.617878788,0.47030303,0.911818182,0.797649821,2
38.06,49.3821212,-0.617878788,0.47030303,0.911818182,0.797648554,2
38.08,49.3821212,-0.617878788,0.47030303,0.911818182,0.797647288,2
38.1,49.3821212,-0.617878788,0.47030303,0.911818182,0.797646021,2
38.12,49.3821212,-0.617878788,0.47030303,0.911818182,0.797644755,2
38.14,49.3821212,-0.617878788,0.47030303,0.911818182,0.797643489,2
38.16,49.3821212,-0.617878788,0.47030303,0.911818182,0.797642222,2
38.18,49.3821212,-0.617878788,0.47030303,0.911818182,0.797640956,2
38.2,49.3821212,-0.617878788,0.47030303,0.911818182,0.797639689,2
38.22,49.3821212,-0.617878788,0.47030303,0.911818182,0.797638423,2
38.24,49.3821212,-0.617878788,0.47030303,0.911818182,0.797637157,2
38.26,49.3821212,-0.617878788,0.47030303,0.911818182,0.79763589,2
38.28,49.3821212,-0.617878788,0.47030303,0.911818182,0.797634624,2
38.3,49.3821212,-0.617878788,0.47030303,0.911818182,0.797633357,2
38.32,49.3821212,-0.617878788,0.47030303,0.911818182,0.797632091,2
38.34,49.3821212,-0.617878788,0.47030303,0.911818182,0.797630824,2
38.36,49.3821212,-0.617878788,0.47030303,0.911818182,0.797629558,2
38.38,49.3821212,-0.617878788,0.47030303,0.911818182,0.797628292,2
38.4,49.3821212,-0.617878788,0.47030303,0.911818182,0.797627025,2
38.42,49.3821212,-0.617878788,0.47030303,0.911818182,0.797625759,2
38.44,49.3821212,-0.617878788,0.47030303,0.911818182,0.797624492,2
38.46,49.3821212,-0.617878788,0.47030303,0.911818182,0.797623226,2
38.48,49.3821212,-0.617878788,0.47030303,0.911818182,0.79762196,2
38.5,49.3821212,-0.617878788,0.47030303,0.911818182,0.797620693,2
38.52,49.3821212,-0.617878788,0.47030303,0.911818182,0.797619427,2
38.54,49.3821212,-0.617878788,0.47030303,0.911818182,0.79761816,2
38.56,49.3821212,-0.617878788,0.47030303,0.911818182,0.797616894,2
38.58,49.3821212,-0.617878788,0.47030303,0.911818182,0.797615627,2
38.6,49.3821212,-0.617878788,0.47030303,0.911818182,0.797614361,2
38.62,49.3821212,-0.617878788,0.47030303,0.911818182,0.797613095,2
38.64,49.3821212,-0.617878788,0.47030303,0.911818182,0.797611828,2
38.66,49.3821212,-0.617878788,0.47030303,0.911818182,0.797610562,2
38.68,49.3821212,-0.617878788,0.47030303,0.911818182,0.797609295,2
38.7,49.3821212,-0.617878788,0.47030303,0.911818182,0.797608029,2
38.72,49.3821212,-0.617878788,0.47030303,0.911818182,0.797606763,2
38.74,49.3821212,-0.617878788,0.47030303,0.911818182,0.797605496,2
38.76,49.3821212,-0.617878788,0.47030303,0.911818182,0.79760423,2
38.78,49.3821212,-0.617878788,0.47030303,0.911818182,0.797602963,2
38.8,49.3821212,-0.617878788,0.47030303,0.911818182,0.797601697,2
38.82,49.3821212,-0.617878788,0.47030303,0.911818182,0.797600431,2
38.84,49.3821212,-0.617878788,0.47030303,0.911818182,0.797599164,2
38.86,49.3821212,-0.617878788,0.47030303,0.911818182,0.797597898,2
38.88,49.3821212,-0.617878788,0.47030303,0.911818182,0.797596631,2
38.9,49.3821212,-0.617878788,0.47030303,0.911818182,0.797595365,2
38.92,49.3821212,-0.617878788,0.47030303,0.911818182,0.797594098,2
38.94,49.3821212,-0.617878788,0.47030303,0.911818182,0.797592832,2
38.96,49.3821212,-0.617878788,0.47030303,0.911818182,0.797591566,2
38.98,49.3821212,-0.617878788,0.47030303,0.911818182,0.797590299,2
39,49.3821212,-0.617878788,0.47030303,0.911818182,0.797589033,2
39.02,49.3821212,-0.617878788,0.47030303,0.911818182,0.797587766,2
39.04,49.3821212,-0.617878788,0.47030303,0.911818182,0.7975865,2
39.06,49.3821212,-0.617878788,0.47030303,0.911818182,0.797585234,2
39.08,49.3821212,-0.617878788,0.47030303,0.911818182,0.797583967,2
39.1,49.3821212,-0.617878788,0.47030303,0.911818182,0.797582701,2
39.12,49.3821212,-0.617878788,0.47030303,0.911818182,0.797581434,2
39.14,49.3821212,-0.617878788,0.47030303,0.911818182,0.797580168,2
39.16,49.3821212,-0.617878788,0.47030303,0.911818182,0.797578901,2
39.18,49.3821212,-0.617878788,0.47030303,0.911818182,0.797577635,2
39.2,49.3821212,-0.617878788,0.47030303,0.911818182,0.797576369,2
39.22,49.3821212,-0.617878788,0.47030303,0.911818182,0.797575102,2
39.24,49.3821212,-0.617878788,0.47030303,0.911818182,0.797573836,2
39.26,49.3821212,-0.617878788,0.47030303,0.911818182,0.797572569,2
39.28,49.3821212,-0.617878788,0.47030303,0.911818182,0.797571303,2
39.3,49.3821212,-0.617878788,0.47030303,0.911818182,0.797570037,2
39.32,49.3821212,-0.617878788,0.47030303,0.911818182,0.79756877,2
39.34,49.3821212,-0.617878788,0.47030303,0.911818182,0.797567504,2
39.36,49.3821212,-0.617878788,0.47030303,0.911818182,0.797566237,2
39.38,49.3821212,-0.617878788,0.47030303,0.911818182,0.797564971,2
39.4,49.3821212,-0.617878788,0.47030303,0.911818182,0.797563705,2
39.42,49.3821212,-0.617878788,0.47030303,0.911818182,0.797562438,2
39.44,49.3821212,-0.617878788,0.47030303,0.911818182,0.797561172,2
39.46,49.3821212,-0.617878788,0.47030303,0.911818182,0.797559905,2
39.48,49.3821212,-0.617878788,0.47030303,0.911818182,0.797558639,2
39.5,49.3821212,-0.617878788,0.47030303,0.911818182,0.797557372,2
39.52,49.3821212,-0.617878788,0.47030303,0.911818182,0.797556106,2
39.54,49.3821212,-0.617878788,0.47030303,0.911818182,0.79755484,2
39.56,49.3821212,-0.617878788,0.47030303,0.911818182,0.797553573,2
39.58,49.3821212,-0.617878788,0.47030303,0.911818182,0.797552307,2
39.6,49.3821212,-0.617878788,0.47030303,0.911818182,0.79755104,2
39.62,49.3821212,-0.617878788,0.47030303,0.911818182,0.797549774,2
39.64,49.3821212,-0.617878788,0.47030303,0.911818182,0.797548508,2
39.66,49.3821212,-0.617878788,0.47030303,0.911818182,0.797547241,2
39.68,49.3821212,-0.617878788,0.47030303,0.911818182,0.797545975,2
39.7,49.3821212,-0.617878788,0.47030303,0.911818182,0.797544708,2
39.72,49.3821212,-0.617878788,0.47030303,0.911818182,0.797543442,2
39.74,49.3821212,-0.617878788,0.47030303,0.911818182,0.797542175,2
39.76,49.3821212,-0.617878788,0.47030303,0.911818182,0.797540909,2
39.78,49.3821212,-0.617878788,0.47030303,0.911818182,0.797539643,2
39.8,49.3821212,-0.617878788,0.47030303,0.911818182,0.797538376,2
39.82,49.3821212,-0.617878788,0.47030303,0.911818182,0.79753711,2
39.84,49.3821212,-0.617878788,0.47030303,0.911818182,0.797535843,2
39.86,49.3821212,-0.617878788,0.47030303,0.911818182,0.797534577,2
39.88,49.3821212,-0.617878788,0.47030303,0.911818182,0.797533311,2
39.9,49.3821212,-0.617878788,0.47030303,0.911818182,0.797532044,2
39.92,49.3821212,-0.617878788,0.47030303,0.911818182,0.797530778,2
39.94,49.3821212,-0.617878788,0.47030303,0.911818182,0.797529511,2
39.96,49.3821212,-0.617878788,0.47030303,0.911818182,0.797528245,2
39.98,49.3821212,-0.617878788,0.47030303,0.911818182,0.797526978,2
40,49.3821212,-0.617878788,0.47030303,0.911818182,0.797525712,2
40.02,49.3821212,-0.617878788,0.47030303,0.911818182,0.797524446,2
40.04,49.3821212,-0.617878788,0.47030303,0.911818182,0.797523179,2
40.06,49.3821212,-0.617878788,0.47030303,0.911818182,0.797521913,2
40.08,49.3821212,-0.617878788,0.47030303,0.911818182,0.797520646,2
40.1,49.3821212,-0.617878788,0.47030303,0.911818182,0.79751938,2
40.12,49.3821212,-0.617878788,0.47030303,0.911818182,0.797518114,2
40.14,49.3821212,-0.617878788,0.47030303,0.911818182,0.797516847,2
40.16,49.3821212,-0.617878788,0.47030303,0.911818182,0.797515581,2
40.18,49.3821212,-0.617878788,0.47030303,0.911818182,0.797514314,2
40.2,49.3821212,-0.617878788,0.47030303,0.911818182,0.797513048,2
40.22,49.3821212,-0.617878788,0.47030303,0.911818182,0.797511782,2
40.24,49.3821212,-0.617878788,0.47030303,0.911818182,0.797510515,2
40.26,49.3821212,-0.617878788,0.47030303,0.911818182,0.797509249,2
40.28,49.3821212,-0.617878788,0.47030303,0.911818182,0.797507982,2
40.3,49.3821212,-0.617878788,0.47030303,0.911818182,0.797506716,2
40.32,49.3821212,-0.617878788,0.47030303,0.911818182,0.797505449,2
40.34,49.3821212,-0.617878788,0.47030303,0.911818182,0.797504183,2
40.36,49.3821212,-0.617878788,0.47030303,0.911818182,0.797502917,2
40.38,49.3821212,-0.617878788,0.47030303,0.911818182,0.79750165,2
40.4,49.3821212,-0.617878788,0.47030303,0.911818182,0.797500384,2
40.42,49.3821212,-0.617878788,0.47030303,0.911818182,0.797499117,2
40.44,49.3821212,-0.617878788,0.47030303,0.911818182,0.797497851,2
40.46,49.3821212,-0.617878788,0.47030303,0.911818182,0.797496585,2
40.48,49.3821212,-0.617878788,0.47030303,0.911818182,0.797495318,2
40.5,49.3821212,-0.617878788,0.47030303,0.911818182,0.797494052,2
40.52,49.3821212,-0.617878788,0.47030303,0.911818182,0.797492785,2
40.54,49.3821212,-0.617878788,0.47030303,0.911818182,0.797491519,2
40.56,49.3821212,-0.617878788,0.47030303,0.911818182,0.797490252,2
40.58,49.3821212,-0.617878788,0.47030303,0.911818182,0.797488986,2
40.6,49.3821212,-0.617878788,0.47030303,0.911818182,0.79748772,2
40.62,49.3821212,-0.617878788,0.47030303,0.911818182,0.797486453,2
40.64,49.3821212,-0.617878788,0.47030303,0.911818182,0.797485187,2
40.66,49.3821212,-0.617878788,0.47030303,0.911818182,0.79748392,2
40.68,49.3821212,-0.617878788,0.47030303,0.911818182,0.797482654,2
40.7,49.3821212,-0.617878788,0.47030303,0.911818182,0.797481388,2
40.72,49.3821212,-0.617878788,0.47030303,0.911818182,0.797480121,2
40.74,49.3821212,-0.617878788,0.47030303,0.911818182,0.797478855,2
40.76,49.3821212,-0.617878788,0.47030303,0.911818182,0.797477588,2
40.78,49.3821212,-0.617878788,0.47030303,0.911818182,0.797476322,2
40.8,49.3821212,-0.617878788,0.47030303,0.911818182,0.797475056,2
40.82,49.3821212,-0.617878788,0.47030303,0.911818182,0.797473789,2
40.84,49.3821212,-0.617878788,0.47030303,0.911818182,0.797472523,2
40.86,49.3821212,-0.617878788,0.47030303,0.911818182,0.797471256,2
40.88,49.3821212,-0.617878788,0.47030303,0.911818182,0.79746999,2
40.9,49.3821212,-0.617878788,0.47030303,0.911818182,0.797468723,2
40.92,49.3821212,-0.617878788,0.47030303,0.911818182,0.797467457,2
40.94,49.3821212,-0.617878788,0.47030303,0.911818182,0.797466191,2
40.96,49.3821212,-0.617878788,0.47030303,0.911818182,0.797464924,2
40.98,49.3821212,-0.617878788,0.47030303,0.911818182,0.797463658,2
41,49.3821212,-0.617878788,0.47030303,0.911818182,0.797462391,2
41.02,49.3821212,-0.617878788,0.47030303,0.911818182,0.797461125,2
41.04,49.3821212,-0.617878788,0.47030303,0.911818182,0.797459859,2
41.06,49.3821212,-0.617878788,0.47030303,0.911818182,0.797458592,2
41.08,49.3821212,-0.617878788,0.47030303,0.911818182,0.797457326,2
41.1,49.3821212,-0.617878788,0.47030303,0.911818182,0.797456059,2
41.12,49.3821212,-0.617878788,0.47030303,0.911818182,0.797454793,2
41.14,49.3821212,-0.617878788,0.47030303,0.911818182,0.797453526,2
41.16,49.3821212,-0.617878788,0.47030303,0.911818182,0.79745226,2
41.18,49.3821212,-0.617878788,0.47030303,0.911818182,0.797450994,2
41.2,49.3821212,-0.617878788,0.47030303,0.911818182,0.797449727,2
41.22,49.3821212,-0.617878788,0.47030303,0.911818182,0.797448461,2
41.24,49.3821212,-0.617878788,0.47030303,0.911818182,0.797447194,2
41.26,49.3821212,-0.617878788,0.47030303,0.911818182,0.797445928,2
41.28,49.3821212,-0.617878788,0.47030303,0.911818182,0.797444662,2
41.3,49.3821212,-0.617878788,0.47030303,0.911818182,0.797443395,2
41.32,49.3821212,-0.617878788,0.47030303,0.911818182,0.797442129,2
41.34,49.3821212,-0.617878788,0.47030303,0.911818182,0.797440862,2
41.36,49.3821212,-0.617878788,0.47030303,0.911818182,0.797439596,2
41.38,49.3821212,-0.617878788,0.47030303,0.911818182,0.79743833,2
41.4,49.3821212,-0.617878788,0.47030303,0.911818182,0.797437063,2
41.42,49.3821212,-0.617878788,0.47030303,0.911818182,0.797435797,2
41.44,49.3821212,-0.617878788,0.47030303,0.911818182,0.79743453,2
41.46,49.3821212,-0.617878788,0.47030303,0.911818182,0.797433264,2
41.48,49.3821212,-0.617878788,0.47030303,0.911818182,0.797431997,2
41.5,49.3821212,-0.617878788,0.47030303,0.911818182,0.797430731,2
41.52,49.3821212,-0.617878788,0.47030303,0.911818182,0.797429465,2
41.54,49.3821212,-0.617878788,0.47030303,0.911818182,0.797428198,2
41.56,49.3821212,-0.617878788,0.47030303,0.911818182,0.797426932,2
41.58,49.3821212,-0.617878788,0.47030303,0.911818182,0.797425665,2
41.6,49.3821212,-0.617878788,0.47030303,0.911818182,0.797424399,2
41.62,49.3821212,-0.617878788,0.47030303,0.911818182,0.797423133,2
41.64,49.3821212,-0.617878788,0.47030303,0.911818182,0.797421866,2
41.66,49.3821212,-0.617878788,0.47030303,0.911818182,0.7974206,2
41.68,49.3821212,-0.617878788,0.47030303,0.911818182,0.797419333,2
41.7,49.3821212,-0.617878788,0.47030303,0.911818182,0.797418067,2
41.72,49.3821212,-0.617878788,0.47030303,0.911818182,0.7974168,2
41.74,49.3821212,-0.617878788,0.47030303,0.911818182,0.797415534,2
41.76,49.3821212,-0.617878788,0.47030303,0.911818182,0.797414268,2
41.78,49.3821212,-0.617878788,0.47030303,0.911818182,0.797413001,2
41.8,49.3821212,-0.617878788,0.47030303,0.911818182,0.797411735,2
41.82,49.3821212,-0.617878788,0.47030303,0.911818182,0.797410468,2
41.84,49.3821212,-0.617878788,0.47030303,0.911818182,0.797409202,2
41.86,49.3821212,-0.617878788,0.47030303,0.911818182,0.797407936,2
41.88,49.3821212,-0.617878788,0.47030303,0.911818182,0.797406669,2
41.9,49.3821212,-0.617878788,0.47030303,0.911818182,0.797405403,2
41.92,49.3821212,-0.617878788,0.47030303,0.911818182,0.797404136,2
41.94,49.3821212,-0.617878788,0.47030303,0.911818182,0.79740287,2
41.96,49.3821212,-0.617878788,0.47030303,0.911818182,0.797401603,2
41.98,49.3821212,-0.617878788,0.47030303,0.911818182,0.797400337,2
42,49.3821212,-0.617878788,0.47030303,0.911818182,0.797399071,2
42.02,49.3821212,-0.617878788,0.47030303,0.911818182,0.797397804,2
42.04,49.3821212,-0.617878788,0.47030303,0.911818182,0.797396538,2
42.06,49.3821212,-0.617878788,0.47030303,0.911818182,0.797395271,2
42.08,49.3821212,-0.617878788,0.47030303,0.911818182,0.797394005,2
42.1,49.3821212,-0.617878788,0.47030303,0.911818182,0.797392739,2
42.12,49.3821212,-0.617878788,0.47030303,0.911818182,0.797391472,2
42.14,49.3821212,-0.617878788,0.47030303,0.911818182,0.797390206,2
42.16,49.3821212,-0.617878788,0.47030303,0.911818182,0.797388939,2
42.18,49.3821212,-0.617878788,0.47030303,0.911818182,0.797387673,2
42.2,49.3821212,-0.617878788,0.47030303,0.911818182,0.797386407,2
42.22,49.3821212,-0.617878788,0.47030303,0.911818182,0.79738514,2
42.24,49.3821212,-0.617878788,0.47030303,0.911818182,0.797383874,2
42.26,49.3821212,-0.617878788,0.47030303,0.911818182,0.797382607,2
42.28,49.3821212,-0.617878788,0.47030303,0.911818182,0.797381341,2
42.3,49.3821212,-0.617878788,0.47030303,0.911818182,0.797380074,2
42.32,49.3821212,-0.617878788,0.47030303,0.911818182,0.797378808,2
42.34,49.3821212,-0.617878788,0.47030303,0.911818182,0.797377542,2
42.36,49.3821212,-0.617878788,0.47030303,0.911818182,0.797376275,2
42.38,49.3821212,-0.617878788,0.47030303,0.911818182,0.797375009,2
42.4,49.3821212,-0.617878788,0.47030303,0.911818182,0.797373742,2
42.42,49.3821212,-0.617878788,0.47030303,0.911818182,0.797372476,2
42.44,49.3821212,-0.617878788,0.47030303,0.911818182,0.79737121,2
42.46,49.3821212,-0.617878788,0.47030303,0.911818182,0.797369943,2
42.48,49.3821212,-0.617878788,0.47030303,0.911818182,0.797368677,2
42.5,49.3821212,-0.617878788,0.47030303,0.911818182,0.79736741,2
42.52,49.3821212,-0.617878788,0.47030303,0.911818182,0.797366144,2
42.54,49.3821212,-0.617878788,0.47030303,0.911818182,0.797364877,2
42.56,49.3821212,-0.617878788,0.47030303,0.911818182,0.797363611,2
42.58,49.3821212,-0.617878788,0.47030303,0.911818182,0.797362345,2
42.6,49.3821212,-0.617878788,0.47030303,0.911818182,0.797361078,2
42.62,49.3821212,-0.617878788,0.47030303,0.911818182,0.797359812,2
42.64,49.3821212,-0.617878788,0.47030303,0.911818182,0.797358545,2
42.66,49.3821212,-0.617878788,0.47030303,0.911818182,0.797357279,2
42.68,49.3821212,-0.617878788,0.47030303,0.911818182,0.797356013,2
42.7,49.3821212,-0.617878788,0.47030303,0.911818182,0.797354746,2
42.72,49.3821212,-0.617878788,0.47030303,0.911818182,0.79735348,2
42.74,49.3821212,-0.617878788,0.47030303,0.911818182,0.797352213,2
42.76,49.3821212,-0.617878788,0.47030303,0.911818182,0.797350947,2
42.78,49.3821212,-0.617878788,0.47030303,0.911818182,0.797349681,2
42.8,49.3821212,-0.617878788,0.47030303,0.911818182,0.797348414,2
42.82,49.3821212,-0.617878788,0.47030303,0.911818182,0.797347148,2
42.84,49.3821212,-0.617878788,0.47030303,0.911818182,0.797345881,2
42.86,49.3821212,-0.617878788,0.47030303,0.911818182,0.797344615,2
42.88,49.3821212,-0.617878788,0.47030303,0.911818182,0.797343348,2
42.9,49.3821212,-0.617878788,0.47030303,0.911818182,0.797342082,2
42.92,49.3821212,-0.617878788,0.47030303,0.911818182,0.797340816,2
42.94,49.3821212,-0.617878788,0.47030303,0.911818182,0.797339549,2
42.96,49.3821212,-0.617878788,0.47030303,0.911818182,0.797338283,2
42.98,49.3821212,-0.617878788,0.47030303,0.911818182,0.797337016,2
43,49.3821212,-0.617878788,0.47030303,0.911818182,0.79733575,2
43.02,49.3821212,-0.617878788,0.47030303,0.911818182,0.797334484,2
43.04,49.3821212,-0.617878788,0.47030303,0.911818182,0.797333217,2
43.06,49.3821212,-0.617878788,0.47030303,0.911818182,0.797331951,2
43.08,49.3821212,-0.617878788,0.47030303,0.911818182,0.797330684,2
43.1,49.3821212,-0.617878788,0.47030303,0.911818182,0.797329418,2
43.12,49.3821212,-0.617878788,0.47030303,0.911818182,0.797328151,2
43.14,49.3821212,-0.617878788,0.47030303,0.911818182,0.797326885,2
43.16,49.3821212,-0.617878788,0.47030303,0.911818182,0.797325619,2
43.18,49.3821212,-0.617878788,0.47030303,0.911818182,0.797324352,2
43.2,49.3821212,-0.617878788,0.47030303,0.911818182,0.797323086,2
43.22,49.3821212,-0.617878788,0.47030303,0.911818182,0.797321819,2
43.24,49.3821212,-0.617878788,0.47030303,0.911818182,0.797320553,2
43.26,49.3821212,-0.617878788,0.47030303,0.911818182,0.797319287,2
43.28,49.3821212,-0.617878788,0.47030303,0.911818182,0.79731802,2
43.3,49.3821212,-0.617878788,0.47030303,0.911818182,0.797316754,2
43.32,49.3821212,-0.617878788,0.47030303,0.911818182,0.797315487,2
43.34,49.3821212,-0.617878788,0.47030303,0.911818182,0.797314221,2
43.36,49.3821212,-0.617878788,0.47030303,0.911818182,0.797312955,2
43.38,49.3821212,-0.617878788,0.47030303,0.911818182,0.797311688,2
43.4,49.3821212,-0.617878788,0.47030303,0.911818182,0.797310422,2
43.42,49.3821212,-0.617878788,0.47030303,0.911818182,0.797309155,2
43.44,49.3821212,-0.617878788,0.47030303,0.911818182,0.797307889,2
43.46,49.3821212,-0.617878788,0.47030303,0.911818182,0.797306622,2
43.48,49.3821212,-0.617878788,0.47030303,0.911818182,0.797305356,2
43.5,49.3821212,-0.617878788,0.47030303,0.911818182,0.79730409,2
43.52,49.3821212,-0.617878788,0.47030303,0.911818182,0.797302823,2
43.54,49.3821212,-0.617878788,0.47030303,0.911818182,0.797301557,2
43.56,49.3821212,-0.617878788,0.47030303,0.911818182,0.79730029,2
43.58,49.3821212,-0.617878788,0.47030303,0.911818182,0.797299024,2
43.6,49.3821212,-0.617878788,0.47030303,0.911818182,0.797297758,2
43.62,49.3821212,-0.617878788,0.47030303,0.911818182,0.797296491,2
43.64,49.3821212,-0.617878788,0.47030303,0.911818182,0.797295225,2
43.66,49.3821212,-0.617878788,0.47030303,0.911818182,0.797293958,2
43.68,49.3821212,-0.617878788,0.47030303,0.911818182,0.797292692,2
43.7,49.3821212,-0.617878788,0.47030303,0.911818182,0.797291425,2
43.72,49.3821212,-0.617878788,0.47030303,0.911818182,0.797290159,2
43.74,49.3821212,-0.617878788,0.47030303,0.911818182,0.797288893,2
43.76,49.3821212,-0.617878788,0.47030303,0.911818182,0.797287626,2
43.78,49.3821212,-0.617878788,0.47030303,0.911818182,0.79728636,2
43.8,49.3821212,-0.617878788,0.47030303,0.911818182,0.797285093,2
43.82,49.3821212,-0.617878788,0.47030303,0.911818182,0.797283827,2
43.84,49.3821212,-0.617878788,0.47030303,0.911818182,0.797282561,2
43.86,49.3821212,-0.617878788,0.47030303,0.911818182,0.797281294,2
43.88,49.3821212,-0.617878788,0.47030303,0.911818182,0.797280028,2
43.9,49.3821212,-0.617878788,0.47030303,0.911818182,0.797278761,2
43.92,49.3821212,-0.617878788,0.47030303,0.911818182,0.797277495,2
43.94,49.3821212,-0.617878788,0.47030303,0.911818182,0.797276228,2
43.96,49.3821212,-0.617878788,0.47030303,0.911818182,0.797274962,2
43.98,49.3821212,-0.617878788,0.47030303,0.911818182,0.797273696,2
44,49.3821212,-0.617878788,0.47030303,0.911818182,0.797272429,2
44.02,49.3821212,-0.617878788,0.47030303,0.911818182,0.797271163,2
44.04,49.3821212,-0.617878788,0.47030303,0.911818182,0.797269896,2
44.06,49.3821212,-0.617878788,0.47030303,0.911818182,0.79726863,2
44.08,49.3821212,-0.617878788,0.47030303,0.911818182,0.797267364,2
44.1,49.3821212,-0.617878788,0.47030303,0.911818182,0.797266097,2
44.12,49.3821212,-0.617878788,0.47030303,0.911818182,0.797264831,2
44.14,49.3821212,-0.617878788,0.47030303,0.911818182,0.797263564,2
44.16,49.3821212,-0.617878788,0.47030303,0.911818182,0.797262298,2
44.18,49.3821212,-0.617878788,0.47030303,0.911818182,0.797261032,2
44.2,49.3821212,-0.617878788,0.47030303,0.911818182,0.797259765,2
44.22,49.3821212,-0.617878788,0.47030303,0.911818182,0.797258499,2
44.24,49.3821212,-0.617878788,0.47030303,0.911818182,0.797257232,2
44.26,49.3821212,-0.617878788,0.47030303,0.911818182,0.797255966,2
44.28,49.3821212,-0.617878788,0.47030303,0.911818182,0.797254699,2
44.3,49.3821212,-0.617878788,0.47030303,0.911818182,0.797253433,2
44.32,49.3821212,-0.617878788,0.47030303,0.911818182,0.797252167,2
44.34,49.3821212,-0.617878788,0.47030303,0.911818182,0.7972509,2
44.36,49.3821212,-0.617878788,0.47030303,0.911818182,0.797249634,2
44.38,49.3821212,-0.617878788,0.47030303,0.911818182,0.797248367,2
44.4,49.3821212,-0.617878788,0.47030303,0.911818182,0.797247101,2
44.42,49.3821212,-0.617878788,0.47030303,0.911818182,0.797245835,2
44.44,49.3821212,-0.617878788,0.47030303,0.911818182,0.797244568,2
44.46,49.3821212,-0.617878788,0.47030303,0.911818182,0.797243302,2
44.48,49.3821212,-0.617878788,0.47030303,0.911818182,0.797242035,2
44.5,49.3821212,-0.617878788,0.47030303,0.911818182,0.797240769,2
44.52,49.3821212,-0.617878788,0.47030303,0.911818182,0.797239502,2
44.54,49.3821212,-0.617878788,0.47030303,0.911818182,0.797238236,2
44.56,49.3821212,-0.617878788,0.47030303,0.911818182,0.79723697,2
44.58,49.3821212,-0.617878788,0.47030303,0.911818182,0.797235703,2
44.6,49.3821212,-0.617878788,0.47030303,0.911818182,0.797234437,2
44.62,49.3821212,-0.617878788,0.47030303,0.911818182,0.79723317,2
44.64,49.3821212,-0.617878788,0.47030303,0.911818182,0.797231904,2
44.66,49.3821212,-0.617878788,0.47030303,0.911818182,0.797230638,2
44.68,49.3821212,-0.617878788,0.47030303,0.911818182,0.797229371,2
44.7,49.3821212,-0.617878788,0.47030303,0.911818182,0.797228105,2
44.72,49.3821212,-0.617878788,0.47030303,0.911818182,0.797226838,2
44.74,49.3821212,-0.617878788,0.47030303,0.911818182,0.797225572,2
44.76,49.3821212,-0.617878788,0.47030303,0.911818182,0.797224306,2
44.78,49.3821212,-0.617878788,0.47030303,0.911818182,0.797223039,2
44.8,49.3821212,-0.617878788,0.47030303,0.911818182,0.797221773,2
44.82,49.3821212,-0.617878788,0.47030303,0.911818182,0.797220506,2
44.84,49.3821212,-0.617878788,0.47030303,0.911818182,0.79721924,2
44.86,49.3821212,-0.617878788,0.47030303,0.911818182,0.797217973,2
44.88,49.3821212,-0.617878788,0.47030303,0.911818182,0.797216707,2
44.9,49.3821212,-0.617878788,0.47030303,0.911818182,0.797215441,2
44.92,49.3821212,-0.617878788,0.47030303,0.911818182,0.797214174,2
44.94,49.3821212,-0.617878788,0.47030303,0.911818182,0.797212908,2
44.96,49.3821212,-0.617878788,0.47030303,0.911818182,0.797211641,2
44.98,49.3821212,-0.617878788,0.47030303,0.911818182,0.797210375,2
45,49.3821212,-0.617878788,0.47030303,0.911818182,0.797209109,2
45.02,49.3821212,-0.617878788,0.47030303,0.911818182,0.797207842,2
45.04,49.3821212,-0.617878788,0.47030303,0.911818182,0.797206576,2
45.06,49.3821212,-0.617878788,0.47030303,0.911818182,0.797205309,2
45.08,49.3821212,-0.617878788,0.47030303,0.911818182,0.797204043,2
45.1,49.3821212,-0.617878788,0.47030303,0.911818182,0.797202776,2
45.12,49.3821212,-0.617878788,0.47030303,0.911818182,0.79720151,2
45.14,49.3821212,-0.617878788,0.47030303,0.911818182,0.797200244,2
45.16,49.3821212,-0.617878788,0.47030303,0.911818182,0.797198977,2
45.18,49.3821212,-0.617878788,0.47030303,0.911818182,0.797197711,2
45.2,49.3821212,-0.617878788,0.47030303,0.911818182,0.797196444,2
45.22,49.3821212,-0.617878788,0.47030303,0.911818182,0.797195178,2
45.24,49.3821212,-0.617878788,0.47030303,0.911818182,0.797193912,2
45.26,49.3821212,-0.617878788,0.47030303,0.911818182,0.797192645,2
45.28,49.3821212,-0.617878788,0.47030303,0.911818182,0.797191379,2
45.3,49.3821212,-0.617878788,0.47030303,0.911818182,0.797190112,2
45.32,49.3821212,-0.617878788,0.47030303,0.911818182,0.797188846,2
45.34,49.3821212,-0.617878788,0.47030303,0.911818182,0.79718758,2
45.36,49.3821212,-0.617878788,0.47030303,0.911818182,0.797186313,2
45.38,49.3821212,-0.617878788,0.47030303,0.911818182,0.797185047,2
45.4,49.3821212,-0.617878788,0.47030303,0.911818182,0.79718378,2
45.42,49.3821212,-0.617878788,0.47030303,0.911818182,0.797182514,2
45.44,49.3821212,-0.617878788,0.47030303,0.911818182,0.797181247,2
45.46,49.3821212,-0.617878788,0.47030303,0.911818182,0.797179981,2
45.48,49.3821212,-0.617878788,0.47030303,0.911818182,0.797178715,2
45.5,49.3821212,-0.617878788,0.47030303,0.911818182,0.797177448,2
45.52,49.3821212,-0.617878788,0.47030303,0.911818182,0.797176182,2
45.54,49.3821212,-0.617878788,0.47030303,0.911818182,0.797174915,2
45.56,49.3821212,-0.617878788,0.47030303,0.911818182,0.797173649,2
45.58,49.3821212,-0.617878788,0.47030303,0.911818182,0.797172383,2
45.6,49.3821212,-0.617878788,0.47030303,0.911818182,0.797171116,2
45.62,49.3821212,-0.617878788,0.47030303,0.911818182,0.79716985,2
45.64,49.3821212,-0.617878788,0.47030303,0.911818182,0.797168583,2
45.66,49.3821212,-0.617878788,0.47030303,0.911818182,0.797167317,2
45.68,49.3821212,-0.617878788,0.47030303,0.911818182,0.79716605,2
45.7,49.3821212,-0.617878788,0.47030303,0.911818182,0.797164784,2
45.72,49.3821212,-0.617878788,0.47030303,0.911818182,0.797163518,2
45.74,49.3821212,-0.617878788,0.47030303,0.911818182,0.797162251,2
45.76,49.3821212,-0.617878788,0.47030303,0.911818182,0.797160985,2
45.78,49.3821212,-0.617878788,0.47030303,0.911818182,0.797159718,2
45.8,49.3821212,-0.617878788,0.47030303,0.911818182,0.797158452,2
45.82,49.3821212,-0.617878788,0.47030303,0.911818182,0.797157186,2
45.84,49.3821212,-0.617878788,0.47030303,0.911818182,0.797155919,2
45.86,49.3821212,-0.617878788,0.47030303,0.911818182,0.797154653,2
45.88,49.3821212,-0.617878788,0.47030303,0.911818182,0.797153386,2
45.9,49.3821212,-0.617878788,0.47030303,0.911818182,0.79715212,2
45.92,49.3821212,-0.617878788,0.47030303,0.911818182,0.797150853,2
45.94,49.3821212,-0.617878788,0.47030303,0.911818182,0.797149587,2
45.96,49.3821212,-0.617878788,0.47030303,0.911818182,0.797148321,2
45.98,49.3821212,-0.617878788,0.47030303,0.911818182,0.797147054,2
46,49.3821212,-0.617878788,0.47030303,0.911818182,0.797145788,2
46.02,49.3821212,-0.617878788,0.47030303,0.911818182,0.797144521,2
46.04,49.3821212,-0.617878788,0.47030303,0.911818182,0.797143255,2
46.06,49.3821212,-0.617878788,0.47030303,0.911818182,0.797141989,2
46.08,49.3821212,-0.617878788,0.47030303,0.911818182,0.797140722,2
46.1,49.3821212,-0.617878788,0.47030303,0.911818182,0.797139456,2
46.12,49.3821212,-0.617878788,0.47030303,0.911818182,0.797138189,2
46.14,49.3821212,-0.617878788,0.47030303,0.911818182,0.797136923,2
46.16,49.3821212,-0.617878788,0.47030303,0.911818182,0.797135657,2
46.18,49.3821212,-0.617878788,0.47030303,0.911818182,0.79713439,2
46.2,49.3821212,-0.617878788,0.47030303,0.911818182,0.797133124,2
46.22,49.3821212,-0.617878788,0.47030303,0.911818182,0.797131857,2
46.24,49.3821212,-0.617878788,0.47030303,0.911818182,0.797130591,2
46.26,49.3821212,-0.617878788,0.47030303,0.911818182,0.797129324,2
46.28,49.3821212,-0.617878788,0.47030303,0.911818182,0.797128058,2
46.3,49.3821212,-0.617878788,0.47030303,0.911818182,0.797126792,2
46.32,49.3821212,-0.617878788,0.47030303,0.911818182,0.797125525,2
46.34,49.3821212,-0.617878788,0.47030303,0.911818182,0.797124259,2
46.36,49.3821212,-0.617878788,0.47030303,0.911818182,0.797122992,2
46.38,49.3821212,-0.617878788,0.47030303,0.911818182,0.797121726,2
46.4,49.3821212,-0.617878788,0.47030303,0.911818182,0.79712046,2
46.42,49.3821212,-0.617878788,0.47030303,0.911818182,0.797119193,2
46.44,49.3821212,-0.617878788,0.47030303,0.911818182,0.797117927,2
46.46,49.3821212,-0.617878788,0.47030303,0.911818182,0.79711666,2
46.48,49.3821212,-0.617878788,0.47030303,0.911818182,0.797115394,2
46.5,49.3821212,-0.617878788,0.47030303,0.911818182,0.797114127,2
46.52,49.3821212,-0.617878788,0.47030303,0.911818182,0.797112861,2
46.54,49.3821212,-0.617878788,0.47030303,0.911818182,0.797111595,2
46.56,49.3821212,-0.617878788,0.47030303,0.911818182,0.797110328,2
46.58,49.3821212,-0.617878788,0.47030303,0.911818182,0.797109062,2
46.6,49.3821212,-0.617878788,0.47030303,0.911818182,0.797107795,2
46.62,49.3821212,-0.617878788,0.47030303,0.911818182,0.797106529,2
46.64,49.3821212,-0.617878788,0.47030303,0.911818182,0.797105263,2
46.66,49.3821212,-0.617878788,0.47030303,0.911818182,0.797103996,2
46.68,49.3821212,-0.617878788,0.47030303,0.911818182,0.79710273,2
46.7,49.3821212,-0.617878788,0.47030303,0.911818182,0.797101463,2
46.72,49.3821212,-0.617878788,0.47030303,0.911818182,0.797100197,2
46.74,49.3821212,-0.617878788,0.47030303,0.911818182,0.797098931,2
46.76,49.3821212,-0.617878788,0.47030303,0.911818182,0.797097664,2
46.78,49.3821212,-0.617878788,0.47030303,0.911818182,0.797096398,2
46.8,49.3821212,-0.617878788,0.47030303,0.911818182,0.797095131,2
46.82,49.3821212,-0.617878788,0.47030303,0.911818182,0.797093865,2
46.84,49.3821212,-0.617878788,0.47030303,0.911818182,0.797092598,2
46.86,49.3821212,-0.617878788,0.47030303,0.911818182,0.797091332,2
46.88,49.3821212,-0.617878788,0.47030303,0.911818182,0.797090066,2
46.9,49.3821212,-0.617878788,0.47030303,0.911818182,0.797088799,2
46.92,49.3821212,-0.617878788,0.47030303,0.911818182,0.797087533,2
46.94,49.3821212,-0.617878788,0.47030303,0.911818182,0.797086266,2
46.96,49.3821212,-0.617878788,0.47030303,0.911818182,0.797085,2
46.98,49.3821212,-0.617878788,0.47030303,0.911818182,0.797083734,2
47,49.3821212,-0.617878788,0.47030303,0.911818182,0.797082467,2
47.02,49.3821212,-0.617878788,0.47030303,0.911818182,0.797081201,2
47.04,49.3821212,-0.617878788,0.47030303,0.911818182,0.797079934,2
47.06,49.3821212,-0.617878788,0.47030303,0.911818182,0.797078668,2
47.08,49.3821212,-0.617878788,0.47030303,0.911818182,0.797077401,2
47.1,49.3821212,-0.617878788,0.47030303,0.911818182,0.797076135,2
47.12,49.3821212,-0.617878788,0.47030303,0.911818182,0.797074869,2
47.14,49.3821212,-0.617878788,0.47030303,0.911818182,0.797073602,2
47.16,49.3821212,-0.617878788,0.47030303,0.911818182,0.797072336,2
47.18,49.3821212,-0.617878788,0.47030303,0.911818182,0.797071069,2
47.2,49.3821212,-0.617878788,0.47030303,0.911818182,0.797069803,2
47.22,49.3821212,-0.617878788,0.47030303,0.911818182,0.797068537,2
47.24,49.3821212,-0.617878788,0.47030303,0.911818182,0.79706727,2
47.26,49.3821212,-0.617878788,0.47030303,0.911818182,0.797066004,2
47.28,49.3821212,-0.617878788,0.47030303,0.911818182,0.797064737,2
47.3,49.3821212,-0.617878788,0.47030303,0.911818182,0.797063471,2
47.32,49.3821212,-0.617878788,0.47030303,0.911818182,0.797062205,2
47.34,49.3821212,-0.617878788,0.47030303,0.911818182,0.797060938,2
47.36,49.3821212,-0.617878788,0.47030303,0.911818182,0.797059672,2
47.38,49.3821212,-0.617878788,0.47030303,0.911818182,0.797058405,2
47.4,49.3821212,-0.617878788,0.47030303,0.911818182,0.797057139,2
47.42,49.3821212,-0.617878788,0.47030303,0.911818182,0.797055872,2
47.44,49.3821212,-0.617878788,0.47030303,0.911818182,0.797054606,2
47.46,49.3821212,-0.617878788,0.47030303,0.911818182,0.79705334,2
47.48,49.3821212,-0.617878788,0.47030303,0.911818182,0.797052073,2
47.5,49.3821212,-0.617878788,0.47030303,0.911818182,0.797050807,2
47.52,49.3821212,-0.617878788,0.47030303,0.911818182,0.79704954,2
47.54,49.3821212,-0.617878788,0.47030303,0.911818182,0.797048274,2
47.56,49.3821212,-0.617878788,0.47030303,0.911818182,0.797047008,2
47.58,49.3821212,-0.617878788,0.47030303,0.911818182,0.797045741,2
47.6,49.3821212,-0.617878788,0.47030303,0.911818182,0.797044475,2
47.62,49.3821212,-0.617878788,0.47030303,0.911818182,0.797043208,2
47.64,49.3821212,-0.617878788,0.47030303,0.911818182,0.797041942,2
47.66,49.3821212,-0.617878788,0.47030303,0.911818182,0.797040675,2
47.68,49.3821212,-0.617878788,0.47030303,0.911818182,0.797039409,2
47.7,49.3821212,-0.617878788,0.47030303,0.911818182,0.797038143,2
47.72,49.3821212,-0.617878788,0.47030303,0.911818182,0.797036876,2
47.74,49.3821212,-0.617878788,0.47030303,0.911818182,0.79703561,2
47.76,49.3821212,-0.617878788,0.47030303,0.911818182,0.797034343,2
47.78,49.3821212,-0.617878788,0.47030303,0.911818182,0.797033077,2
47.8,49.3821212,-0.617878788,0.47030303,0.911818182,0.797031811,2
47.82,49.3821212,-0.617878788,0.47030303,0.911818182,0.797030544,2
47.84,49.3821212,-0.617878788,0.47030303,0.911818182,0.797029278,2
47.86,49.3821212,-0.617878788,0.47030303,0.911818182,0.797028011,2
47.88,49.3821212,-0.617878788,0.47030303,0.911818182,0.797026745,2
47.9,49.3821212,-0.617878788,0.47030303,0.911818182,0.797025478,2
47.92,49.3821212,-0.617878788,0.47030303,0.911818182,0.797024212,2
47.94,49.3821212,-0.617878788,0.47030303,0.911818182,0.797022946,2
47.96,49.3821212,-0.617878788,0.47030303,0.911818182,0.797021679,2
47.98,49.3821212,-0.617878788,0.47030303,0.911818182,0.797020413,2
48,49.3821212,-0.617878788,0.47030303,0.911818182,0.797019146,2
48.02,49.3821212,-0.617878788,0.47030303,0.911818182,0.79701788,2
48.04,49.3821212,-0.617878788,0.47030303,0.911818182,0.797016614,2
48.06,49.3821212,-0.617878788,0.47030303,0.911818182,0.797015347,2
48.08,49.3821212,-0.617878788,0.47030303,0.911818182,0.797014081,2
48.1,49.3821212,-0.617878788,0.47030303,0.911818182,0.797012814,2
48.12,49.3821212,-0.617878788,0.47030303,0.911818182,0.797011548,2
48.14,49.3821212,-0.617878788,0.47030303,0.911818182,0.797010282,2
48.16,49.3821212,-0.617878788,0.47030303,0.911818182,0.797009015,2
48.18,49.3821212,-0.617878788,0.47030303,0.911818182,0.797007749,2
48.2,49.3821212,-0.617878788,0.47030303,0.911818182,0.797006482,2
48.22,49.3821212,-0.617878788,0.47030303,0.911818182,0.797005216,2
48.24,49.3821212,-0.617878788,0.47030303,0.911818182,0.797003949,2
48.26,49.3821212,-0.617878788,0.47030303,0.911818182,0.797002683,2
48.28,49.3821212,-0.617878788,0.47030303,0.911818182,0.797001417,2
48.3,49.3821212,-0.617878788,0.47030303,0.911818182,0.79700015,2
48.32,49.3821212,-0.617878788,0.47030303,0.911818182,0.796998884,2
48.34,49.3821212,-0.617878788,0.47030303,0.911818182,0.796997617,2
48.36,49.3821212,-0.617878788,0.47030303,0.911818182,0.796996351,2
48.38,49.3821212,-0.617878788,0.47030303,0.911818182,0.796995085,2
48.4,49.3821212,-0.617878788,0.47030303,0.911818182,0.796993818,2
48.42,49.3821212,-0.617878788,0.47030303,0.911818182,0.796992552,2
48.44,49.3821212,-0.617878788,0.47030303,0.911818182,0.796991285,2
48.46,49.3821212,-0.617878788,0.47030303,0.911818182,0.796990019,2
48.48,49.3821212,-0.617878788,0.47030303,0.911818182,0.796988752,2
48.5,49.3821212,-0.617878788,0.47030303,0.911818182,0.796987486,2
48.52,49.3821212,-0.617878788,0.47030303,0.911818182,0.79698622,2
48.54,49.3821212,-0.617878788,0.47030303,0.911818182,0.796984953,2
48.56,49.3821212,-0.617878788,0.47030303,0.911818182,0.796983687,2
48.58,49.3821212,-0.617878788,0.47030303,0.911818182,0.79698242,2
48.6,49.3821212,-0.617878788,0.47030303,0.911818182,0.796981154,2
48.62,49.3821212,-0.617878788,0.47030303,0.911818182,0.796979888,2
48.64,49.3821212,-0.617878788,0.47030303,0.911818182,0.796978621,2
48.66,49.3821212,-0.617878788,0.47030303,0.911818182,0.796977355,2
48.68,49.3821212,-0.617878788,0.47030303,0.911818182,0.796976088,2
48.7,49.3821212,-0.617878788,0.47030303,0.911818182,0.796974822,2
48.72,49.3821212,-0.617878788,0.47030303,0.911818182,0.796973556,2
48.74,49.3821212,-0.617878788,0.47030303,0.911818182,0.796972289,2
48.76,49.3821212,-0.617878788,0.47030303,0.911818182,0.796971023,2
48.78,49.3821212,-0.617878788,0.47030303,0.911818182,0.796969756,2
48.8,49.3821212,-0.617878788,0.47030303,0.911818182,0.79696849,2
48.82,49.3821212,-0.617878788,0.47030303,0.911818182,0.796967223,2
48.84,49.3821212,-0.617878788,0.47030303,0.911818182,0.796965957,2
48.86,49.3821212,-0.617878788,0.47030303,0.911818182,0.796964691,2
48.88,49.3821212,-0.617878788,0.47030303,0.911818182,0.796963424,2
48.9,49.3821212,-0.617878788,0.47030303,0.911818182,0.796962158,2
48.92,49.3821212,-0.617878788,0.47030303,0.911818182,0.796960891,2
48.94,49.3821212,-0.617878788,0.47030303,0.911818182,0.796959625,2
48.96,49.3821212,-0.617878788,0.47030303,0.911818182,0.796958359,2
48.98,49.3821212,-0.617878788,0.47030303,0.911818182,0.796957092,2
49,49.3821212,-0.617878788,0.47030303,0.911818182,0.796955826,2
49.02,49.3821212,-0.617878788,0.47030303,0.911818182,0.796954559,2
49.04,49.3821212,-0.617878788,0.47030303,0.911818182,0.796953293,2
49.06,49.3821212,-0.617878788,0.47030303,0.911818182,0.796952026,2
49.08,49.3821212,-0.617878788,0.47030303,0.911818182,0.79695076,2
49.1,49.3821212,-0.617878788,0.47030303,0.911818182,0.796949494,2
49.12,49.3821212,-0.617878788,0.47030303,0.911818182,0.796948227,2
49.14,49.3821212,-0.617878788,0.47030303,0.911818182,0.796946961,2
49.16,49.3821212,-0.617878788,0.47030303,0.911818182,0.796945694,2
49.18,49.3821212,-0.617878788,0.47030303,0.911818182,0.796944428,2
49.2,49.3821212,-0.617878788,0.47030303,0.911818182,0.796943162,2
49.22,49.3821212,-0.617878788,0.47030303,0.911818182,0.796941895,2
49.24,49.3821212,-0.617878788,0.47030303,0.911818182,0.796940629,2
49.26,49.3821212,-0.617878788,0.47030303,0.911818182,0.796939362,2
49.28,49.3821212,-0.617878788,0.47030303,0.911818182,0.796938096,2
49.3,49.3821212,-0.617878788,0.47030303,0.911818182,0.79693683,2
49.32,49.3821212,-0.617878788,0.47030303,0.911818182,0.796935563,2
49.34,49.3821212,-0.617878788,0.47030303,0.911818182,0.796934297,2
49.36,49.3821212,-0.617878788,0.47030303,0.911818182,0.79693303,2
49.38,49.3821212,-0.617878788,0.47030303,0.911818182,0.796931764,2
49.4,49.3821212,-0.617878788,0.47030303,0.911818182,0.796930497,2
49.42,49.3821212,-0.617878788,0.47030303,0.911818182,0.796929231,2
49.44,49.3821212,-0.617878788,0.47030303,0.911818182,0.796927965,2
49.46,49.3821212,-0.617878788,0.47030303,0.911818182,0.796926698,2
49.48,49.3821212,-0.617878788,0.47030303,0.911818182,0.796925432,2
49.5,49.3821212,-0.617878788,0.47030303,0.911818182,0.796924165,2
49.52,49.3821212,-0.617878788,0.47030303,0.911818182,0.796922899,2
49.54,49.3821212,-0.617878788,0.47030303,0.911818182,0.796921633,2
49.56,49.3821212,-0.617878788,0.47030303,0.911818182,0.796920366,2
49.58,49.3821212,-0.617878788,0.47030303,0.911818182,0.7969191,2
49.6,49.3821212,-0.617878788,0.47030303,0.911818182,0.796917833,2
49.62,49.3821212,-0.617878788,0.47030303,0.911818182,0.796916567,2
49.64,49.3821212,-0.617878788,0.47030303,0.911818182,0.7969153,2
49.66,49.3821212,-0.617878788,0.47030303,0.911818182,0.796914034,2
49.68,49.3821212,-0.617878788,0.47030303,0.911818182,0.796912768,2
49.7,49.3821212,-0.617878788,0.47030303,0.911818182,0.796911501,2
49.72,49.3821212,-0.617878788,0.47030303,0.911818182,0.796910235,2
49.74,49.3821212,-0.617878788,0.47030303,0.911818182,0.796908968,2
49.76,49.3821212,-0.617878788,0.47030303,0.911818182,0.796907702,2
49.78,49.3821212,-0.617878788,0.47030303,0.911818182,0.796906436,2
49.8,49.3821212,-0.617878788,0.47030303,0.911818182,0.796905169,2
49.82,49.3821212,-0.617878788,0.47030303,0.911818182,0.796903903,2
49.84,49.3821212,-0.617878788,0.47030303,0.911818182,0.796902636,2
49.86,49.3821212,-0.617878788,0.47030303,0.911818182,0.79690137,2
49.88,49.3821212,-0.617878788,0.47030303,0.911818182,0.796900103,2
49.9,49.3821212,-0.617878788,0.47030303,0.911818182,0.796898837,2
49.92,49.3821212,-0.617878788,0.47030303,0.911818182,0.796897571,2
49.94,49.3821212,-0.617878788,0.47030303,0.911818182,0.796896304,2
49.96,49.3821212,-0.617878788,0.47030303,0.911818182,0.796895038,2
49.98,49.3821212,-0.617878788,0.47030303,0.911818182,0.796893771,2
50,49.3821212,-0.617878788,0.47030303,0.911818182,0.796892505,2
50.02,49.3821212,-0.617878788,0.47030303,0.911818182,0.796891239,2
50.04,49.3821212,-0.617878788,0.47030303,0.911818182,0.796889972,2
50.06,49.3821212,-0.617878788,0.47030303,0.911818182,0.796888706,2
50.08,49.3821212,-0.617878788,0.47030303,0.911818182,0.796887439,2
50.1,49.3821212,-0.617878788,0.47030303,0.911818182,0.796886173,2
50.12,49.3821212,-0.617878788,0.47030303,0.911818182,0.796884907,2
50.14,49.3821212,-0.617878788,0.47030303,0.911818182,0.79688364,2
50.16,49.3821212,-0.617878788,0.47030303,0.911818182,0.796882374,2
50.18,49.3821212,-0.617878788,0.47030303,0.911818182,0.796881107,2
50.2,49.3821212,-0.617878788,0.47030303,0.911818182,0.796879841,2
50.22,49.3821212,-0.617878788,0.47030303,0.911818182,0.796878574,2
50.24,49.3821212,-0.617878788,0.47030303,0.911818182,0.796877308,2
50.26,49.3821212,-0.617878788,0.47030303,0.911818182,0.796876042,2
50.28,49.3821212,-0.617878788,0.47030303,0.911818182,0.796874775,2
50.3,49.3821212,-0.617878788,0.47030303,0.911818182,0.796873509,2
50.32,49.3821212,-0.617878788,0.47030303,0.911818182,0.796872242,2
50.34,49.3821212,-0.617878788,0.47030303,0.911818182,0.796870976,2
50.36,49.3821212,-0.617878788,0.47030303,0.911818182,0.79686971,2
50.38,49.3821212,-0.617878788,0.47030303,0.911818182,0.796868443,2
50.4,49.3821212,-0.617878788,0.47030303,0.911818182,0.796867177,2
50.42,49.3821212,-0.617878788,0.47030303,0.911818182,0.79686591,2
50.44,49.3821212,-0.617878788,0.47030303,0.911818182,0.796864644,2
50.46,49.3821212,-0.617878788,0.47030303,0.911818182,0.796863377,2
50.48,49.3821212,-0.617878788,0.47030303,0.911818182,0.796862111,2
50.5,49.3821212,-0.617878788,0.47030303,0.911818182,0.796860845,2
50.52,49.3821212,-0.617878788,0.47030303,0.911818182,0.796859578,2
50.54,49.3821212,-0.617878788,0.47030303,0.911818182,0.796858312,2
50.56,49.3821212,-0.617878788,0.47030303,0.911818182,0.796857045,2
50.58,49.3821212,-0.617878788,0.47030303,0.911818182,0.796855779,2
50.6,49.3821212,-0.617878788,0.47030303,0.911818182,0.796854513,2
50.62,49.3821212,-0.617878788,0.47030303,0.911818182,0.796853246,2
50.64,49.3821212,-0.617878788,0.47030303,0.911818182,0.79685198,2
50.66,49.3821212,-0.617878788,0.47030303,0.911818182,0.796850713,2
50.68,49.3821212,-0.617878788,0.47030303,0.911818182,0.796849447,2
50.7,49.3821212,-0.617878788,0.47030303,0.911818182,0.796848181,2
50.72,49.3821212,-0.617878788,0.47030303,0.911818182,0.796846914,2
50.74,49.3821212,-0.617878788,0.47030303,0.911818182,0.796845648,2
50.76,49.3821212,-0.617878788,0.47030303,0.911818182,0.796844381,2
50.78,49.3821212,-0.617878788,0.47030303,0.911818182,0.796843115,2
50.8,49.3821212,-0.617878788,0.47030303,0.911818182,0.796841848,2
50.82,49.3821212,-0.617878788,0.47030303,0.911818182,0.796840582,2
50.84,49.3821212,-0.617878788,0.47030303,0.911818182,0.796839316,2
50.86,49.3821212,-0.617878788,0.47030303,0.911818182,0.796838049,2
50.88,49.3821212,-0.617878788,0.47030303,0.911818182,0.796836783,2
50.9,49.3821212,-0.617878788,0.47030303,0.911818182,0.796835516,2
50.92,49.3821212,-0.617878788,0.47030303,0.911818182,0.79683425,2
50.94,49.3821212,-0.617878788,0.47030303,0.911818182,0.796832984,2
50.96,49.3821212,-0.617878788,0.47030303,0.911818182,0.796831717,2
50.98,49.3821212,-0.617878788,0.47030303,0.911818182,0.796830451,2
51,49.3821212,-0.617878788,0.47030303,0.911818182,0.796829184,2
51.02,49.3821212,-0.617878788,0.47030303,0.911818182,0.796827918,2
51.04,49.3821212,-0.617878788,0.47030303,0.911818182,0.796826651,2
51.06,49.3821212,-0.617878788,0.47030303,0.911818182,0.796825385,2
51.08,49.3821212,-0.617878788,0.47030303,0.911818182,0.796824119,2
51.1,49.3821212,-0.617878788,0.47030303,0.911818182,0.796822852,2
51.12,49.3821212,-0.617878788,0.47030303,0.911818182,0.796821586,2
51.14,49.3821212,-0.617878788,0.47030303,0.911818182,0.796820319,2
51.16,49.3821212,-0.617878788,0.47030303,0.911818182,0.796819053,2
51.18,49.3821212,-0.617878788,0.47030303,0.911818182,0.796817787,2
51.2,49.3821212,-0.617878788,0.47030303,0.911818182,0.79681652,2
51.22,49.3821212,-0.617878788,0.47030303,0.911818182,0.796815254,2
51.24,49.3821212,-0.617878788,0.47030303,0.911818182,0.796813987,2
51.26,49.3821212,-0.617878788,0.47030303,0.911818182,0.796812721,2
51.28,49.3821212,-0.617878788,0.47030303,0.911818182,0.796811455,2
51.3,49.3821212,-0.617878788,0.47030303,0.911818182,0.796810188,2
51.32,49.3821212,-0.617878788,0.47030303,0.911818182,0.796808922,2
51.34,49.3821212,-0.617878788,0.47030303,0.911818182,0.796807655,2
51.36,49.3821212,-0.617878788,0.47030303,0.911818182,0.796806389,2
51.38,49.3821212,-0.617878788,0.47030303,0.911818182,0.796805122,2
51.4,49.3821212,-0.617878788,0.47030303,0.911818182,0.796803856,2
51.42,49.3821212,-0.617878788,0.47030303,0.911818182,0.79680259,2
51.44,49.3821212,-0.617878788,0.47030303,0.911818182,0.796801323,2
51.46,49.3821212,-0.617878788,0.47030303,0.911818182,0.796800057,2
51.48,49.3821212,-0.617878788,0.47030303,0.911818182,0.79679879,2
51.5,49.3821212,-0.617878788,0.47030303,0.911818182,0.796797524,2
51.52,49.3821212,-0.617878788,0.47030303,0.911818182,0.796796258,2
51.54,49.3821212,-0.617878788,0.47030303,0.911818182,0.796794991,2
51.56,49.3821212,-0.617878788,0.47030303,0.911818182,0.796793725,2
51.58,49.3821212,-0.617878788,0.47030303,0.911818182,0.796792458,2
51.6,49.3821212,-0.617878788,0.47030303,0.911818182,0.796791192,2
51.62,49.3821212,-0.617878788,0.47030303,0.911818182,0.796789925,2
51.64,49.3821212,-0.617878788,0.47030303,0.911818182,0.796788659,2
51.66,49.3821212,-0.617878788,0.47030303,0.911818182,0.796787393,2
51.68,49.3821212,-0.617878788,0.47030303,0.911818182,0.796786126,2
51.7,49.3821212,-0.617878788,0.47030303,0.911818182,0.79678486,2
51.72,49.3821212,-0.617878788,0.47030303,0.911818182,0.796783593,2
51.74,49.3821212,-0.617878788,0.47030303,0.911818182,0.796782327,2
51.76,49.3821212,-0.617878788,0.47030303,0.911818182,0.796781061,2
51.78,49.3821212,-0.617878788,0.47030303,0.911818182,0.796779794,2
51.8,49.3821212,-0.617878788,0.47030303,0.911818182,0.796778528,2
51.82,49.3821212,-0.617878788,0.47030303,0.911818182,0.796777261,2
51.84,49.3821212,-0.617878788,0.47030303,0.911818182,0.796775995,2
51.86,49.3821212,-0.617878788,0.47030303,0.911818182,0.796774728,2
51.88,49.3821212,-0.617878788,0.47030303,0.911818182,0.796773462,2
51.9,49.3821212,-0.617878788,0.47030303,0.911818182,0.796772196,2
51.92,49.3821212,-0.617878788,0.47030303,0.911818182,0.796770929,2
51.94,49.3821212,-0.617878788,0.47030303,0.911818182,0.796769663,2
51.96,49.3821212,-0.617878788,0.47030303,0.911818182,0.796768396,2
51.98,49.3821212,-0.617878788,0.47030303,0.911818182,0.79676713,2
52,49.3821212,-0.617878788,0.47030303,0.911818182,0.796765864,2
52.02,49.3821212,-0.617878788,0.47030303,0.911818182,0.796764597,2
52.04,49.3821212,-0.617878788,0.47030303,0.911818182,0.796763331,2
52.06,49.3821212,-0.617878788,0.47030303,0.911818182,0.796762064,2
52.08,49.3821212,-0.617878788,0.47030303,0.911818182,0.796760798,2
52.1,49.3821212,-0.617878788,0.47030303,0.911818182,0.796759532,2
52.12,49.3821212,-0.617878788,0.47030303,0.911818182,0.796758265,2
52.14,49.3821212,-0.617878788,0.47030303,0.911818182,0.796756999,2
52.16,49.3821212,-0.617878788,0.47030303,0.911818182,0.796755732,2
52.18,49.3821212,-0.617878788,0.47030303,0.911818182,0.796754466,2
52.2,49.3821212,-0.617878788,0.47030303,0.911818182,0.796753199,2
52.22,49.3821212,-0.617878788,0.47030303,0.911818182,0.796751933,2
52.24,49.3821212,-0.617878788,0.47030303,0.911818182,0.796750667,2
52.26,49.3821212,-0.617878788,0.47030303,0.911818182,0.7967494,2
52.28,49.3821212,-0.617878788,0.47030303,0.911818182,0.796748134,2
52.3,49.3821212,-0.617878788,0.47030303,0.911818182,0.796746867,2
52.32,49.3821212,-0.617878788,0.47030303,0.911818182,0.796745601,2
52.34,49.3821212,-0.617878788,0.47030303,0.911818182,0.796744335,2
52.36,49.3821212,-0.617878788,0.47030303,0.911818182,0.796743068,2
52.38,49.3821212,-0.617878788,0.47030303,0.911818182,0.796741802,2
52.4,49.3821212,-0.617878788,0.47030303,0.911818182,0.796740535,2
52.42,49.3821212,-0.617878788,0.47030303,0.911818182,0.796739269,2
52.44,49.3821212,-0.617878788,0.47030303,0.911818182,0.796738002,2
52.46,49.3821212,-0.617878788,0.47030303,0.911818182,0.796736736,2
52.48,49.3821212,-0.617878788,0.47030303,0.911818182,0.79673547,2
52.5,49.3821212,-0.617878788,0.47030303,0.911818182,0.796734203,2
52.52,49.3821212,-0.617878788,0.47030303,0.911818182,0.796732937,2
52.54,49.3821212,-0.617878788,0.47030303,0.911818182,0.79673167,2
52.56,49.3821212,-0.617878788,0.47030303,0.911818182,0.796730404,2
52.58,49.3821212,-0.617878788,0.47030303,0.911818182,0.796729138,2
52.6,49.3821212,-0.617878788,0.47030303,0.911818182,0.796727871,2
52.62,49.3821212,-0.617878788,0.47030303,0.911818182,0.796726605,2
52.64,49.3821212,-0.617878788,0.47030303,0.911818182,0.796725338,2
52.66,49.3821212,-0.617878788,0.47030303,0.911818182,0.796724072,2
52.68,49.3821212,-0.617878788,0.47030303,0.911818182,0.796722806,2
52.7,49.3821212,-0.617878788,0.47030303,0.911818182,0.796721539,2
52.72,49.3821212,-0.617878788,0.47030303,0.911818182,0.796720273,2
52.74,49.3821212,-0.617878788,0.47030303,0.911818182,0.796719006,2
52.76,49.3821212,-0.617878788,0.47030303,0.911818182,0.79671774,2
52.78,49.3821212,-0.617878788,0.47030303,0.911818182,0.796716473,2
52.8,49.3821212,-0.617878788,0.47030303,0.911818182,0.796715207,2
52.82,49.3821212,-0.617878788,0.47030303,0.911818182,0.796713941,2
52.84,49.3821212,-0.617878788,0.47030303,0.911818182,0.796712674,2
52.86,49.3821212,-0.617878788,0.47030303,0.911818182,0.796711408,2
52.88,49.3821212,-0.617878788,0.47030303,0.911818182,0.796710141,2
52.9,49.3821212,-0.617878788,0.47030303,0.911818182,0.796708875,2
52.92,49.3821212,-0.617878788,0.47030303,0.911818182,0.796707609,2
52.94,49.3821212,-0.617878788,0.47030303,0.911818182,0.796706342,2
52.96,49.3821212,-0.617878788,0.47030303,0.911818182,0.796705076,2
52.98,49.3821212,-0.617878788,0.47030303,0.911818182,0.796703809,2
53,49.3821212,-0.617878788,0.47030303,0.911818182,0.796702543,2
53.02,49.3821212,-0.617878788,0.47030303,0.911818182,0.796701276,2
53.04,49.3821212,-0.617878788,0.47030303,0.911818182,0.79670001,2
53.06,49.3821212,-0.617878788,0.47030303,0.911818182,0.796698744,2
53.08,49.3821212,-0.617878788,0.47030303,0.911818182,0.796697477,2
53.1,49.3821212,-0.617878788,0.47030303,0.911818182,0.796696211,2
53.12,49.3821212,-0.617878788,0.47030303,0.911818182,0.796694944,2
53.14,49.3821212,-0.617878788,0.47030303,0.911818182,0.796693678,2
53.16,49.3821212,-0.617878788,0.47030303,0.911818182,0.796692412,2
53.18,49.3821212,-0.617878788,0.47030303,0.911818182,0.796691145,2
53.2,49.3821212,-0.617878788,0.47030303,0.911818182,0.796689879,2
53.22,49.3821212,-0.617878788,0.47030303,0.911818182,0.796688612,2
53.24,49.3821212,-0.617878788,0.47030303,0.911818182,0.796687346,2
53.26,49.3821212,-0.617878788,0.47030303,0.911818182,0.79668608,2
53.28,49.3821212,-0.617878788,0.47030303,0.911818182,0.796684813,2
53.3,49.3821212,-0.617878788,0.47030303,0.911818182,0.796683547,2
53.32,49.3821212,-0.617878788,0.47030303,0.911818182,0.79668228,2
53.34,49.3821212,-0.617878788,0.47030303,0.911818182,0.796681014,2
53.36,49.3821212,-0.617878788,0.47030303,0.911818182,0.796679747,2
53.38,49.3821212,-0.617878788,0.47030303,0.911818182,0.796678481,2
53.4,49.3821212,-0.617878788,0.47030303,0.911818182,0.796677215,2
53.42,49.3821212,-0.617878788,0.47030303,0.911818182,0.796675948,2
53.44,49.3821212,-0.617878788,0.47030303,0.911818182,0.796674682,2
53.46,49.3821212,-0.617878788,0.47030303,0.911818182,0.796673415,2
53.48,49.3821212,-0.617878788,0.47030303,0.911818182,0.796672149,2
53.5,49.3821212,-0.617878788,0.47030303,0.911818182,0.796670883,2
53.52,49.3821212,-0.617878788,0.47030303,0.911818182,0.796669616,2
53.54,49.3821212,-0.617878788,0.47030303,0.911818182,0.79666835,2
53.56,49.3821212,-0.617878788,0.47030303,0.911818182,0.796667083,2
53.58,49.3821212,-0.617878788,0.47030303,0.911818182,0.796665817,2
53.6,49.3821212,-0.617878788,0.47030303,0.911818182,0.79666455,2
53.62,49.3821212,-0.617878788,0.47030303,0.911818182,0.796663284,2
53.64,49.3821212,-0.617878788,0.47030303,0.911818182,0.796662018,2
53.66,49.3821212,-0.617878788,0.47030303,0.911818182,0.796660751,2
53.68,49.3821212,-0.617878788,0.47030303,0.911818182,0.796659485,2
53.7,49.3821212,-0.617878788,0.47030303,0.911818182,0.796658218,2
53.72,49.3821212,-0.617878788,0.47030303,0.911818182,0.796656952,2
53.74,49.3821212,-0.617878788,0.47030303,0.911818182,0.796655686,2
53.76,49.3821212,-0.617878788,0.47030303,0.911818182,0.796654419,2
53.78,49.3821212,-0.617878788,0.47030303,0.911818182,0.796653153,2
53.8,49.3821212,-0.617878788,0.47030303,0.911818182,0.796651886,2
53.82,49.3821212,-0.617878788,0.47030303,0.911818182,0.79665062,2
53.84,49.3821212,-0.617878788,0.47030303,0.911818182,0.796649353,2
53.86,49.3821212,-0.617878788,0.47030303,0.911818182,0.796648087,2
53.88,49.3821212,-0.617878788,0.47030303,0.911818182,0.796646821,2
53.9,49.3821212,-0.617878788,0.47030303,0.911818182,0.796645554,2
53.92,49.3821212,-0.617878788,0.47030303,0.911818182,0.796644288,2
53.94,49.3821212,-0.617878788,0.47030303,0.911818182,0.796643021,2
53.96,49.3821212,-0.617878788,0.47030303,0.911818182,0.796641755,2
53.98,49.3821212,-0.617878788,0.47030303,0.911818182,0.796640489,2
54,49.3821212,-0.617878788,0.47030303,0.911818182,0.796639222,2
54.02,49.3821212,-0.617878788,0.47030303,0.911818182,0.796637956,2
54.04,49.3821212,-0.617878788,0.47030303,0.911818182,0.796636689,2
54.06,49.3821212,-0.617878788,0.47030303,0.911818182,0.796635423,2
54.08,49.3821212,-0.617878788,0.47030303,0.911818182,0.796634157,2
54.1,49.3821212,-0.617878788,0.47030303,0.911818182,0.79663289,2
54.12,49.3821212,-0.617878788,0.47030303,0.911818182,0.796631624,2
54.14,49.3821212,-0.617878788,0.47030303,0.911818182,0.796630357,2
54.16,49.3821212,-0.617878788,0.47030303,0.911818182,0.796629091,2
54.18,49.3821212,-0.617878788,0.47030303,0.911818182,0.796627824,2
54.2,49.3821212,-0.617878788,0.47030303,0.911818182,0.796626558,2
54.22,49.3821212,-0.617878788,0.47030303,0.911818182,0.796625292,2
54.24,49.3821212,-0.617878788,0.47030303,0.911818182,0.796624025,2
54.26,49.3821212,-0.617878788,0.47030303,0.911818182,0.796622759,2
54.28,49.3821212,-0.617878788,0.47030303,0.911818182,0.796621492,2
54.3,49.3821212,-0.617878788,0.47030303,0.911818182,0.796620226,2
54.32,49.3821212,-0.617878788,0.47030303,0.911818182,0.79661896,2
54.34,49.3821212,-0.617878788,0.47030303,0.911818182,0.796617693,2
54.36,49.3821212,-0.617878788,0.47030303,0.911818182,0.796616427,2
54.38,49.3821212,-0.617878788,0.47030303,0.911818182,0.79661516,2
54.4,49.3821212,-0.617878788,0.47030303,0.911818182,0.796613894,2
54.42,49.3821212,-0.617878788,0.47030303,0.911818182,0.796612627,2
54.44,49.3821212,-0.617878788,0.47030303,0.911818182,0.796611361,2
54.46,49.3821212,-0.617878788,0.47030303,0.911818182,0.796610095,2
54.48,49.3821212,-0.617878788,0.47030303,0.911818182,0.796608828,2
54.5,49.3821212,-0.617878788,0.47030303,0.911818182,0.796607562,2
54.52,49.3821212,-0.617878788,0.47030303,0.911818182,0.796606295,2
54.54,49.3821212,-0.617878788,0.47030303,0.911818182,0.796605029,2
54.56,49.3821212,-0.617878788,0.47030303,0.911818182,0.796603763,2
54.58,49.3821212,-0.617878788,0.47030303,0.911818182,0.796602496,2
54.6,49.3821212,-0.617878788,0.47030303,0.911818182,0.79660123,2
54.62,49.3821212,-0.617878788,0.47030303,0.911818182,0.796599963,2
54.64,49.3821212,-0.617878788,0.47030303,0.911818182,0.796598697,2
54.66,49.3821212,-0.617878788,0.47030303,0.911818182,0.796597431,2
54.68,49.3821212,-0.617878788,0.47030303,0.911818182,0.796596164,2
54.7,49.3821212,-0.617878788,0.47030303,0.911818182,0.796594898,2
54.72,49.3821212,-0.617878788,0.47030303,0.911818182,0.796593631,2
54.74,49.3821212,-0.617878788,0.47030303,0.911818182,0.796592365,2
54.76,49.3821212,-0.617878788,0.47030303,0.911818182,0.796591098,2
54.78,49.3821212,-0.617878788,0.47030303,0.911818182,0.796589832,2
54.8,49.3821212,-0.617878788,0.47030303,0.911818182,0.796588566,2
54.82,49.3821212,-0.617878788,0.47030303,0.911818182,0.796587299,2
54.84,49.3821212,-0.617878788,0.47030303,0.911818182,0.796586033,2
54.86,49.3821212,-0.617878788,0.47030303,0.911818182,0.796584766,2
54.88,49.3821212,-0.617878788,0.47030303,0.911818182,0.7965835,2
54.9,49.3821212,-0.617878788,0.47030303,0.911818182,0.796582234,2
54.92,49.3821212,-0.617878788,0.47030303,0.911818182,0.796580967,2
54.94,49.3821212,-0.617878788,0.47030303,0.911818182,0.796579701,2
54.96,49.3821212,-0.617878788,0.47030303,0.911818182,0.796578434,2
54.98,49.3821212,-0.617878788,0.47030303,0.911818182,0.796577168,2
55,49.3821212,-0.617878788,0.47030303,0.911818182,0.796575901,2
55.02,49.3821212,-0.617878788,0.47030303,0.911818182,0.796574635,2
55.04,49.3821212,-0.617878788,0.47030303,0.911818182,0.796573369,2
55.06,49.3821212,-0.617878788,0.47030303,0.911818182,0.796572102,2
55.08,49.3821212,-0.617878788,0.47030303,0.911818182,0.796570836,2
55.1,49.3821212,-0.617878788,0.47030303,0.911818182,0.796569569,2
55.12,49.3821212,-0.617878788,0.47030303,0.911818182,0.796568303,2
55.14,49.3821212,-0.617878788,0.47030303,0.911818182,0.796567037,2
55.16,49.3821212,-0.617878788,0.47030303,0.911818182,0.79656577,2
55.18,49.3821212,-0.617878788,0.47030303,0.911818182,0.796564504,2
55.2,49.3821212,-0.617878788,0.47030303,0.911818182,0.796563237,2
55.22,49.3821212,-0.617878788,0.47030303,0.911818182,0.796561971,2
55.24,49.3821212,-0.617878788,0.47030303,0.911818182,0.796560705,2
55.26,49.3821212,-0.617878788,0.47030303,0.911818182,0.796559438,2
55.28,49.3821212,-0.617878788,0.47030303,0.911818182,0.796558172,2
55.3,49.3821212,-0.617878788,0.47030303,0.911818182,0.796556905,2
55.32,49.3821212,-0.617878788,0.47030303,0.911818182,0.796555639,2
55.34,49.3821212,-0.617878788,0.47030303,0.911818182,0.796554372,2
55.36,49.3821212,-0.617878788,0.47030303,0.911818182,0.796553106,2
55.38,49.3821212,-0.617878788,0.47030303,0.911818182,0.79655184,2
55.4,49.3821212,-0.617878788,0.47030303,0.911818182,0.796550573,2
55.42,49.3821212,-0.617878788,0.47030303,0.911818182,0.796549307,2
55.44,49.3821212,-0.617878788,0.47030303,0.911818182,0.79654804,2
55.46,49.3821212,-0.617878788,0.47030303,0.911818182,0.796546774,2
55.48,49.3821212,-0.617878788,0.47030303,0.911818182,0.796545508,2
55.5,49.3821212,-0.617878788,0.47030303,0.911818182,0.796544241,2
55.52,49.3821212,-0.617878788,0.47030303,0.911818182,0.796542975,2
55.54,49.3821212,-0.617878788,0.47030303,0.911818182,0.796541708,2
55.56,49.3821212,-0.617878788,0.47030303,0.911818182,0.796540442,2
55.58,49.3821212,-0.617878788,0.47030303,0.911818182,0.796539175,2
55.6,49.3821212,-0.617878788,0.47030303,0.911818182,0.796537909,2
55.62,49.3821212,-0.617878788,0.47030303,0.911818182,0.796536643,2
55.64,49.3821212,-0.617878788,0.47030303,0.911818182,0.796535376,2
55.66,49.3821212,-0.617878788,0.47030303,0.911818182,0.79653411,2
55.68,49.3821212,-0.617878788,0.47030303,0.911818182,0.796532843,2
55.7,49.3821212,-0.617878788,0.47030303,0.911818182,0.796531577,2
55.72,49.3821212,-0.617878788,0.47030303,0.911818182,0.796530311,2
55.74,49.3821212,-0.617878788,0.47030303,0.911818182,0.796529044,2
55.76,49.3821212,-0.617878788,0.47030303,0.911818182,0.796527778,2
55.78,49.3821212,-0.617878788,0.47030303,0.911818182,0.796526511,2
55.8,49.3821212,-0.617878788,0.47030303,0.911818182,0.796525245,2
55.82,49.3821212,-0.617878788,0.47030303,0.911818182,0.796523978,2
55.84,49.3821212,-0.617878788,0.47030303,0.911818182,0.796522712,2
55.86,49.3821212,-0.617878788,0.47030303,0.911818182,0.796521446,2
55.88,49.3821212,-0.617878788,0.47030303,0.911818182,0.796520179,2
55.9,49.3821212,-0.617878788,0.47030303,0.911818182,0.796518913,2
55.92,49.3821212,-0.617878788,0.47030303,0.911818182,0.796517646,2
55.94,49.3821212,-0.617878788,0.47030303,0.911818182,0.79651638,2
55.96,49.3821212,-0.617878788,0.47030303,0.911818182,0.796515114,2
55.98,49.3821212,-0.617878788,0.47030303,0.911818182,0.796513847,2
56,49.3821212,-0.617878788,0.47030303,0.911818182,0.796512581,2
56.02,49.3821212,-0.617878788,0.47030303,0.911818182,0.796511314,2
56.04,49.3821212,-0.617878788,0.47030303,0.911818182,0.796510048,2
56.06,49.3821212,-0.617878788,0.47030303,0.911818182,0.796508782,2
56.08,49.3821212,-0.617878788,0.47030303,0.911818182,0.796507515,2
56.1,49.3821212,-0.617878788,0.47030303,0.911818182,0.796506249,2
56.12,49.3821212,-0.617878788,0.47030303,0.911818182,0.796504982,2
56.14,49.3821212,-0.617878788,0.47030303,0.911818182,0.796503716,2
56.16,49.3821212,-0.617878788,0.47030303,0.911818182,0.796502449,2
56.18,49.3821212,-0.617878788,0.47030303,0.911818182,0.796501183,2
56.2,49.3821212,-0.617878788,0.47030303,0.911818182,0.796499917,2
56.22,49.3821212,-0.617878788,0.47030303,0.911818182,0.79649865,2
56.24,49.3821212,-0.617878788,0.47030303,0.911818182,0.796497384,2
56.26,49.3821212,-0.617878788,0.47030303,0.911818182,0.796496117,2
56.28,49.3821212,-0.617878788,0.47030303,0.911818182,0.796494851,2
56.3,49.3821212,-0.617878788,0.47030303,0.911818182,0.796493585,2
56.32,49.3821212,-0.617878788,0.47030303,0.911818182,0.796492318,2
56.34,49.3821212,-0.617878788,0.47030303,0.911818182,0.796491052,2
56.36,49.3821212,-0.617878788,0.47030303,0.911818182,0.796489785,2
56.38,49.3821212,-0.617878788,0.47030303,0.911818182,0.796488519,2
56.4,49.3821212,-0.617878788,0.47030303,0.911818182,0.796487252,2
56.42,49.3821212,-0.617878788,0.47030303,0.911818182,0.796485986,2
56.44,49.3821212,-0.617878788,0.47030303,0.911818182,0.79648472,2
56.46,49.3821212,-0.617878788,0.47030303,0.911818182,0.796483453,2
56.48,49.3821212,-0.617878788,0.47030303,0.911818182,0.796482187,2
56.5,49.3821212,-0.617878788,0.47030303,0.911818182,0.79648092,2
56.52,49.3821212,-0.617878788,0.47030303,0.911818182,0.796479654,2
56.54,49.3821212,-0.617878788,0.47030303,0.911818182,0.796478388,2
56.56,49.3821212,-0.617878788,0.47030303,0.911818182,0.796477121,2
56.58,49.3821212,-0.617878788,0.47030303,0.911818182,0.796475855,2
56.6,49.3821212,-0.617878788,0.47030303,0.911818182,0.796474588,2
56.62,49.3821212,-0.617878788,0.47030303,0.911818182,0.796473322,2
56.64,49.3821212,-0.617878788,0.47030303,0.911818182,0.796472056,2
56.66,49.3821212,-0.617878788,0.47030303,0.911818182,0.796470789,2
56.68,49.3821212,-0.617878788,0.47030303,0.911818182,0.796469523,2
56.7,49.3821212,-0.617878788,0.47030303,0.911818182,0.796468256,2
56.72,49.3821212,-0.617878788,0.47030303,0.911818182,0.79646699,2
56.74,49.3821212,-0.617878788,0.47030303,0.911818182,0.796465723,2
56.76,49.3821212,-0.617878788,0.47030303,0.911818182,0.796464457,2
56.78,49.3821212,-0.617878788,0.47030303,0.911818182,0.796463191,2
56.8,49.3821212,-0.617878788,0.47030303,0.911818182,0.796461924,2
56.82,49.3821212,-0.617878788,0.47030303,0.911818182,0.796460658,2
56.84,49.3821212,-0.617878788,0.47030303,0.911818182,0.796459391,2
56.86,49.3821212,-0.617878788,0.47030303,0.911818182,0.796458125,2
56.88,49.3821212,-0.617878788,0.47030303,0.911818182,0.796456859,2
56.9,49.3821212,-0.617878788,0.47030303,0.911818182,0.796455592,2
56.92,49.3821212,-0.617878788,0.47030303,0.911818182,0.796454326,2
56.94,49.3821212,-0.617878788,0.47030303,0.911818182,0.796453059,2
56.96,49.3821212,-0.617878788,0.47030303,0.911818182,0.796451793,2
56.98,49.3821212,-0.617878788,0.47030303,0.911818182,0.796450526,2
57,49.3821212,-0.617878788,0.47030303,0.911818182,0.79644926,2
57.02,49.3821212,-0.617878788,0.47030303,0.911818182,0.796447994,2
57.04,49.3821212,-0.617878788,0.47030303,0.911818182,0.796446727,2
57.06,49.3821212,-0.617878788,0.47030303,0.911818182,0.796445461,2
57.08,49.3821212,-0.617878788,0.47030303,0.911818182,0.796444194,2
57.1,49.3821212,-0.617878788,0.47030303,0.911818182,0.796442928,2
57.12,49.3821212,-0.617878788,0.47030303,0.911818182,0.796441662,2
57.14,49.3821212,-0.617878788,0.47030303,0.911818182,0.796440395,2
57.16,49.3821212,-0.617878788,0.47030303,0.911818182,0.796439129,2
57.18,49.3821212,-0.617878788,0.47030303,0.911818182,0.796437862,2
57.2,49.3821212,-0.617878788,0.47030303,0.911818182,0.796436596,2
57.22,49.3821212,-0.617878788,0.47030303,0.911818182,0.79643533,2
57.24,49.3821212,-0.617878788,0.47030303,0.911818182,0.796434063,2
57.26,49.3821212,-0.617878788,0.47030303,0.911818182,0.796432797,2
57.28,49.3821212,-0.617878788,0.47030303,0.911818182,0.79643153,2
57.3,49.3821212,-0.617878788,0.47030303,0.911818182,0.796430264,2
57.32,49.3821212,-0.617878788,0.47030303,0.911818182,0.796428997,2
57.34,49.3821212,-0.617878788,0.47030303,0.911818182,0.796427731,2
57.36,49.3821212,-0.617878788,0.47030303,0.911818182,0.796426465,2
57.38,49.3821212,-0.617878788,0.47030303,0.911818182,0.796425198,2
57.4,49.3821212,-0.617878788,0.47030303,0.911818182,0.796423932,2
57.42,49.3821212,-0.617878788,0.47030303,0.911818182,0.796422665,2
57.44,49.3821212,-0.617878788,0.47030303,0.911818182,0.796421399,2
57.46,49.3821212,-0.617878788,0.47030303,0.911818182,0.796420133,2
57.48,49.3821212,-0.617878788,0.47030303,0.911818182,0.796418866,2
57.5,49.3821212,-0.617878788,0.47030303,0.911818182,0.7964176,2
57.52,49.3821212,-0.617878788,0.47030303,0.911818182,0.796416333,2
57.54,49.3821212,-0.617878788,0.47030303,0.911818182,0.796415067,2
57.56,49.3821212,-0.617878788,0.47030303,0.911818182,0.7964138,2
57.58,49.3821212,-0.617878788,0.47030303,0.911818182,0.796412534,2
57.6,49.3821212,-0.617878788,0.47030303,0.911818182,0.796411268,2
57.62,49.3821212,-0.617878788,0.47030303,0.911818182,0.796410001,2
57.64,49.3821212,-0.617878788,0.47030303,0.911818182,0.796408735,2
57.66,49.3821212,-0.617878788,0.47030303,0.911818182,0.796407468,2
57.68,49.3821212,-0.617878788,0.47030303,0.911818182,0.796406202,2
57.7,49.3821212,-0.617878788,0.47030303,0.911818182,0.796404936,2
57.72,49.3821212,-0.617878788,0.47030303,0.911818182,0.796403669,2
57.74,49.3821212,-0.617878788,0.47030303,0.911818182,0.796402403,2
57.76,49.3821212,-0.617878788,0.47030303,0.911818182,0.796401136,2
57.78,49.3821212,-0.617878788,0.47030303,0.911818182,0.79639987,2
57.8,49.3821212,-0.617878788,0.47030303,0.911818182,0.796398603,2
57.82,49.3821212,-0.617878788,0.47030303,0.911818182,0.796397337,2
57.84,49.3821212,-0.617878788,0.47030303,0.911818182,0.796396071,2
57.86,49.3821212,-0.617878788,0.47030303,0.911818182,0.796394804,2
57.88,49.3821212,-0.617878788,0.47030303,0.911818182,0.796393538,2
57.9,49.3821212,-0.617878788,0.47030303,0.911818182,0.796392271,2
57.92,49.3821212,-0.617878788,0.47030303,0.911818182,0.796391005,2
57.94,49.3821212,-0.617878788,0.47030303,0.911818182,0.796389739,2
57.96,49.3821212,-0.617878788,0.47030303,0.911818182,0.796388472,2
57.98,49.3821212,-0.617878788,0.47030303,0.911818182,0.796387206,2
58,49.3821212,-0.617878788,0.47030303,0.911818182,0.796385939,2
58.02,49.3821212,-0.617878788,0.47030303,0.911818182,0.796384673,2
58.04,49.3821212,-0.617878788,0.47030303,0.911818182,0.796383407,2
58.06,49.3821212,-0.617878788,0.47030303,0.911818182,0.79638214,2
58.08,49.3821212,-0.617878788,0.47030303,0.911818182,0.796380874,2
58.1,49.3821212,-0.617878788,0.47030303,0.911818182,0.796379607,2
58.12,49.3821212,-0.617878788,0.47030303,0.911818182,0.796378341,2
58.14,49.3821212,-0.617878788,0.47030303,0.911818182,0.796377074,2
58.16,49.3821212,-0.617878788,0.47030303,0.911818182,0.796375808,2
58.18,49.3821212,-0.617878788,0.47030303,0.911818182,0.796374542,2
58.2,49.3821212,-0.617878788,0.47030303,0.911818182,0.796373275,2
58.22,49.3821212,-0.617878788,0.47030303,0.911818182,0.796372009,2
58.24,49.3821212,-0.617878788,0.47030303,0.911818182,0.796370742,2
58.26,49.3821212,-0.617878788,0.47030303,0.911818182,0.796369476,2
58.28,49.3821212,-0.617878788,0.47030303,0.911818182,0.79636821,2
58.3,49.3821212,-0.617878788,0.47030303,0.911818182,0.796366943,2
58.32,49.3821212,-0.617878788,0.47030303,0.911818182,0.796365677,2
58.34,49.3821212,-0.617878788,0.47030303,0.911818182,0.79636441,2
58.36,49.3821212,-0.617878788,0.47030303,0.911818182,0.796363144,2
58.38,49.3821212,-0.617878788,0.47030303,0.911818182,0.796361877,2
58.4,49.3821212,-0.617878788,0.47030303,0.911818182,0.796360611,2
58.42,49.3821212,-0.617878788,0.47030303,0.911818182,0.796359345,2
58.44,49.3821212,-0.617878788,0.47030303,0.911818182,0.796358078,2
58.46,49.3821212,-0.617878788,0.47030303,0.911818182,0.796356812,2
58.48,49.3821212,-0.617878788,0.47030303,0.911818182,0.796355545,2
58.5,49.3821212,-0.617878788,0.47030303,0.911818182,0.796354279,2
58.52,49.3821212,-0.617878788,0.47030303,0.911818182,0.796353013,2
58.54,49.3821212,-0.617878788,0.47030303,0.911818182,0.796351746,2
58.56,49.3821212,-0.617878788,0.47030303,0.911818182,0.79635048,2
58.58,49.3821212,-0.617878788,0.47030303,0.911818182,0.796349213,2
58.6,49.3821212,-0.617878788,0.47030303,0.911818182,0.796347947,2
58.62,49.3821212,-0.617878788,0.47030303,0.911818182,0.796346681,2
58.64,49.3821212,-0.617878788,0.47030303,0.911818182,0.796345414,2
58.66,49.3821212,-0.617878788,0.47030303,0.911818182,0.796344148,2
58.68,49.3821212,-0.617878788,0.47030303,0.911818182,0.796342881,2
58.7,49.3821212,-0.617878788,0.47030303,0.911818182,0.796341615,2
58.72,49.3821212,-0.617878788,0.47030303,0.911818182,0.796340348,2
58.74,49.3821212,-0.617878788,0.47030303,0.911818182,0.796339082,2
58.76,49.3821212,-0.617878788,0.47030303,0.911818182,0.796337816,2
58.78,49.3821212,-0.617878788,0.47030303,0.911818182,0.796336549,2
58.8,49.3821212,-0.617878788,0.47030303,0.911818182,0.796335283,2
58.82,49.3821212,-0.617878788,0.47030303,0.911818182,0.796334016,2
58.84,49.3821212,-0.617878788,0.47030303,0.911818182,0.79633275,2
58.86,49.3821212,-0.617878788,0.47030303,0.911818182,0.796331484,2
58.88,49.3821212,-0.617878788,0.47030303,0.911818182,0.796330217,2
58.9,49.3821212,-0.617878788,0.47030303,0.911818182,0.796328951,2
58.92,49.3821212,-0.617878788,0.47030303,0.911818182,0.796327684,2
58.94,49.3821212,-0.617878788,0.47030303,0.911818182,0.796326418,2
58.96,49.3821212,-0.617878788,0.47030303,0.911818182,0.796325151,2
58.98,49.3821212,-0.617878788,0.47030303,0.911818182,0.796323885,2
59,49.3821212,-0.617878788,0.47030303,0.911818182,0.796322619,2
59.02,49.3821212,-0.617878788,0.47030303,0.911818182,0.796321352,2
59.04,49.3821212,-0.617878788,0.47030303,0.911818182,0.796320086,2
59.06,49.3821212,-0.617878788,0.47030303,0.911818182,0.796318819,2
59.08,49.3821212,-0.617878788,0.47030303,0.911818182,0.796317553,2
59.1,49.3821212,-0.617878788,0.47030303,0.911818182,0.796316287,2
59.12,49.3821212,-0.617878788,0.47030303,0.911818182,0.79631502,2
59.14,49.3821212,-0.617878788,0.47030303,0.911818182,0.796313754,2
59.16,49.3821212,-0.617878788,0.47030303,0.911818182,0.796312487,2
59.18,49.3821212,-0.617878788,0.47030303,0.911818182,0.796311221,2
59.2,49.3821212,-0.617878788,0.47030303,0.911818182,0.796309955,2
59.22,49.3821212,-0.617878788,0.47030303,0.911818182,0.796308688,2
59.24,49.3821212,-0.617878788,0.47030303,0.911818182,0.796307422,2
59.26,49.3821212,-0.617878788,0.47030303,0.911818182,0.796306155,2
59.28,49.3821212,-0.617878788,0.47030303,0.911818182,0.796304889,2
59.3,49.3821212,-0.617878788,0.47030303,0.911818182,0.796303622,2
59.32,49.3821212,-0.617878788,0.47030303,0.911818182,0.796302356,2
59.34,49.3821212,-0.617878788,0.47030303,0.911818182,0.79630109,2
59.36,49.3821212,-0.617878788,0.47030303,0.911818182,0.796299823,2
59.38,49.3821212,-0.617878788,0.47030303,0.911818182,0.796298557,2
59.4,49.3821212,-0.617878788,0.47030303,0.911818182,0.79629729,2
59.42,49.3821212,-0.617878788,0.47030303,0.911818182,0.796296024,2
59.44,49.3821212,-0.617878788,0.47030303,0.911818182,0.796294758,2
59.46,49.3821212,-0.617878788,0.47030303,0.911818182,0.796293491,2
59.48,49.3821212,-0.617878788,0.47030303,0.911818182,0.796292225,2
59.5,49.3821212,-0.617878788,0.47030303,0.911818182,0.796290958,2
59.52,49.3821212,-0.617878788,0.47030303,0.911818182,0.796289692,2
59.54,49.3821212,-0.617878788,0.47030303,0.911818182,0.796288425,2
59.56,49.3821212,-0.617878788,0.47030303,0.911818182,0.796287159,2
59.58,49.3821212,-0.617878788,0.47030303,0.911818182,0.796285893,2
59.6,49.3821212,-0.617878788,0.47030303,0.911818182,0.796284626,2
59.62,49.3821212,-0.617878788,0.47030303,0.911818182,0.79628336,2
59.64,49.3821212,-0.617878788,0.47030303,0.911818182,0.796282093,2
59.66,49.3821212,-0.617878788,0.47030303,0.911818182,0.796280827,2
59.68,49.3821212,-0.617878788,0.47030303,0.911818182,0.796279561,2
59.7,49.3821212,-0.617878788,0.47030303,0.911818182,0.796278294,2
59.72,49.3821212,-0.617878788,0.47030303,0.911818182,0.796277028,2
59.74,49.3821212,-0.617878788,0.47030303,0.911818182,0.796275761,2
59.76,49.3821212,-0.617878788,0.47030303,0.911818182,0.796274495,2
59.78,49.3821212,-0.617878788,0.47030303,0.911818182,0.796273228,2
59.8,49.3821212,-0.617878788,0.47030303,0.911818182,0.796271962,2
59.82,49.3821212,-0.617878788,0.47030303,0.911818182,0.796270696,2
59.84,49.3821212,-0.617878788,0.47030303,0.911818182,0.796269429,2
59.86,49.3821212,-0.617878788,0.47030303,0.911818182,0.796268163,2
59.88,49.3821212,-0.617878788,0.47030303,0.911818182,0.796266896,2
59.9,49.3821212,-0.617878788,0.47030303,0.911818182,0.79626563,2
59.92,49.3821212,-0.617878788,0.47030303,0.911818182,0.796264364,2
59.94,49.3821212,-0.617878788,0.47030303,0.911818182,0.796263097,2
59.96,49.3821212,-0.617878788,0.47030303,0.911818182,0.796261831,2
59.98,49.3821212,-0.617878788,0.47030303,0.911818182,0.796260564,2
60,49.3821212,-0.617878788,0.47030303,0.911818182,0.796259298,2
