time_s,frequency_hz,delta_frequency_hz,diesel_power_mw,storage_power_mw,storage_soc,power_deficit_mw,diesel_power_mw__diesel_slow,diesel_power_mw__diesel_fast,storage_power_mw__bess_1,storage_power_mw__bess_2,storage_soc__bess_1,storage_soc__bess_2
0,50,0,0,0,0.75,0,0,0,0,0,0.8,0.65
0.02,50,0,0,0,0.75,0,0,0,0,0,0.8,0.65
0.04,50,0,0,0,0.75,0,0,0,0,0,0.8,0.65
0.06,50,0,0,0,0.75,0,0,0,0,0,0.8,0.65
0.08,50,0,0,0,0.75,0,0,0,0,0,0.8,0.65
0.1,50,0,0,0,0.75,0,0,0,0,0,0.8,0.65
0.12,50,0,0,0,0.75,0,0,0,0,0,0.8,0.65
0.14,50,0,0,0,0.75,0,0,0,0,0,0.8,0.65
0.16,50,0,0,0,0.75,0,0,0,0,0,0.8,0.65
0.18,50,0,0,0,0.75,0,0,0,0,0,0.8,0.65
0.2,50,0,0,0,0.75,0,0,0,0,0,0.8,0.65
0.22,50,0,0,0,0.75,0,0,0,0,0,0.8,0.65
0.24,50,0,0,0,0.75,0,0,0,0,0,0.8,0.65
0.26,50,0,0,0,0.75,0,0,0,0,0,0.8,0.65
0.28,50,0,0,0,0.75,0,0,0,0,0,0.8,0.65
0.3,50,0,0,0,0.75,0,0,0,0,0,0.8,0.65
0.32,50,0,0,0,0.75,0,0,0,0,0,0.8,0.65
0.34,50,0,0,0,0.75,0,0,0,0,0,0.8,0.65
0.36,50,0,0,0,0.75,0,0,0,0,0,0.8,0.65
0.38,50,0,0,0,0.75,0,0,0,0,0,0.8,0.65
0.4,50,0,0,0,0.75,0,0,0,0,0,0.8,0.65
0.42,50,0,0,0,0.75,0,0,0,0,0,0.8,0.65
0.44,50,0,0,0,0.75,0,0,0,0,0,0.8,0.65
0.46,50,0,0,0,0.75,0,0,0,0,0,0.8,0.65
0.48,50,0,0,0,0.75,0,0,0,0,0,0.8,0.65
0.5,50,0,0,0,0.75,0,0,0,0,0,0.8,0.65
0.52,50,0,0,0,0.75,0,0,0,0,0,0.8,0.65
0.54,50,0,0,0,0.75,0,0,0,0,0,0.8,0.65
0.56,50,0,0,0,0.75,0,0,0,0,0,0.8,0.65
0.58,50,0,0,0,0.75,0,0,0,0,0,0.8,0.65
0.6,50,0,0,0,0.75,0,0,0,0,0,0.8,0.65
0.62,50,0,0,0,0.75,0,0,0,0,0,0.8,0.65
0.64,50,0,0,0,0.75,0,0,0,0,0,0.8,0.65
0.66,50,0,0,0,0.75,0,0,0,0,0,0.8,0.65
0.68,50,0,0,0,0.75,0,0,0,0,0,0.8,0.65
0.7,50,0,0,0,0.75,0,0,0,0,0,0.8,0.65
0.72,50,0,0,0,0.75,0,0,0,0,0,0.8,0.65
0.74,50,0,0,0,0.75,0,0,0,0,0,0.8,0.65
0.76,50,0,0,0,0.75,0,0,0,0,0,0.8,0.65
0.78,50,0,0,0,0.75,0,0,0,0,0,0.8,0.65
0.8,50,0,0,0,0.75,0,0,0,0,0,0.8,0.65
0.82,50,0,0,0,0.75,0,0,0,0,0,0.8,0.65
0.84,50,0,0,0,0.75,0,0,0,0,0,0.8,0.65
0.86,50,0,0,0,0.75,0,0,0,0,0,0.8,0.65
0.88,50,0,0,0,0.75,0,0,0,0,0,0.8,0.65
0.9,50,0,0,0,0.75,0,0,0,0,0,0.8,0.65
0.92,50,0,0,0,0.75,0,0,0,0,0,0.8,0.65
0.94,50,0,0,0,0.75,0,0,0,0,0,0.8,0.65
0.96,50,0,0,0,0.75,0,0,0,0,0,0.8,0.65
0.98,50,0,0,0,0.75,0,0,0,0,0,0.8,0.65
1,50,0,0,0,0.75,2,0,0,0,0,0.8,0.65
1.02,49.975,-0.025,0,0,0.75,2,0,0,0,0,0.8,0.65
1.04,49.9516659,-0.0483340625,0,0.108275,0.749999866,2,0,0,0.081875,0.0264,0.799999848,0.649999902
1.06,49.9296939,-0.0703060698,0.000204730365,0.193700619,0.749999627,2,6.72248958e-05,0.000137505469,0.143908711,0.0497919083,0.799999582,0.649999718
1.08,49.9088612,-0.0911387914,0.000652074887,0.262424135,0.749999303,2,0.000214565653,0.000437509235,0.191670574,0.0707535611,0.799999227,0.649999456
1.1,49.8890028,-0.110997164,0.00132606913,0.318865311,0.74999891,2,0.000437310783,0.000888758349,0.229139883,0.0897254283,0.799998803,0.649999123
1.12,49.8699956,-0.130004434,0.00221280942,0.366208431,0.749998457,2,0.00073138498,0.00148142444,0.259161618,0.107046813,0.799998323,0.649998727
1.14,49.8517463,-0.148253734,0.0032999593,0.406751629,0.749997955,2,0.00109319201,0.00220676729,0.283770041,0.122981588,0.799997797,0.649998271
1.16,49.8341836,-0.165816394,0.00457639192,0.44215705,0.749997409,2,0.00151950108,0.00305689084,0.304420026,0.137737025,0.799997233,0.649997761
1.18,49.8172521,-0.182747915,0.00603193014,0.473630043,0.749996825,2,0.00200736452,0.00402456562,0.322152431,0.151477612,0.799996637,0.6499972
1.2,49.8009077,-0.199092257,0.00765715666,0.502047559,0.749996205,2,0.00255405778,0.00510309888,0.337712303,0.164335256,0.799996011,0.649996592
1.22,49.7851151,-0.214884935,0.00944327483,0.528050202,0.749995553,2,0.00315703567,0.00628623916,0.351633361,0.176416841,0.79999536,0.649995938
1.24,49.7698448,-0.230155245,0.0113820057,0.552108242,0.749994871,2,0.00381390019,0.00756810552,0.364298374,0.187809868,0.799994686,0.649995243
1.26,49.7550721,-0.244927873,0.0134655115,0.574568997,0.749994162,2,0.00452237676,0.00894313477,0.375982311,0.198586685,0.799993989,0.649994507
1.28,49.7407759,-0.25922406,0.015686338,0.595690855,0.749993427,2,0.00528029645,0.0104060416,0.386883165,0.20880769,0.799993273,0.649993734
1.3,49.7269376,-0.273062445,0.0180373707,0.615667736,0.749992666,2,0.00608558269,0.011951788,0.397143972,0.218523764,0.799992537,0.649992924
1.32,49.7135403,-0.286459684,0.020511801,0.634646687,0.749991883,2,0.00693624111,0.0135755599,0.406868545,0.227778142,0.799991784,0.649992081
1.34,49.7005691,-0.299430892,0.0231030998,0.652740565,0.749991077,2,0.00783035167,0.0152727482,0.416132699,0.236607865,0.799991013,0.649991205
1.36,49.68801,-0.311989979,0.0258049966,0.670037181,0.74999025,2,0.0087660626,0.0170389341,0.424992273,0.245044908,0.799990226,0.649990297
1.38,49.6758501,-0.324149887,0.0286114621,0.686605917,0.749989402,2,0.00974158543,0.0188698767,0.433488845,0.253117072,0.799989424,0.649989359
1.4,49.6640772,-0.335922773,0.031516694,0.702502511,0.749988535,2,0.0107551911,0.0207615029,0.441653818,0.260848693,0.799988606,0.649988393
1.42,49.6526799,-0.347320143,0.0345151053,0.717772539,0.749987649,2,0.0118052067,0.0227098986,0.449511327,0.268261212,0.799987773,0.6499874
1.44,49.641647,-0.35835295,0.0376013139,0.732453945,0.749986745,2,0.0128900125,0.0247113014,0.457080311,0.275373634,0.799986927,0.64998638
1.46,49.6309683,-0.369031675,0.0407701334,0.746578893,0.749985823,2,0.0140080399,0.0267620935,0.464375994,0.282202899,0.799986067,0.649985335
1.48,49.6206336,-0.379366383,0.0440165652,0.760175125,0.749984884,2,0.0151577691,0.0288587961,0.471410931,0.288764194,0.799985194,0.649984265
1.5,49.6106332,-0.389366769,0.0473357915,0.773266962,0.74998393,2,0.0163377274,0.0309980641,0.478195756,0.295071205,0.799984308,0.649983172
1.52,49.6009578,-0.399042194,0.0507231678,0.785876044,0.74998296,2,0.0175464873,0.0331766805,0.484739715,0.301136329,0.799983411,0.649982057
1.54,49.5915983,-0.408401716,0.0541742177,0.798021887,0.749981974,2,0.0187826655,0.0353915522,0.491051039,0.306970848,0.799982501,0.64998092
1.56,49.5825459,-0.417454108,0.0576846266,0.809722295,0.749980975,2,0.0200449207,0.0376397059,0.497137212,0.312585083,0.799981581,0.649979762
1.58,49.5737921,-0.426207882,0.0612502362,0.820993675,0.749979961,2,0.0213319529,0.0399182833,0.503005161,0.317988514,0.799980649,0.649978585
1.6,49.5653287,-0.434671305,0.0648670398,0.831851277,0.749978934,2,0.0226425021,0.0422245377,0.508661388,0.323189889,0.799979707,0.649977388
1.62,49.5571476,-0.442852407,0.0685311771,0.842309377,0.749977894,2,0.0239753469,0.0445558302,0.514112062,0.328197315,0.799978755,0.649976172
1.64,49.549241,-0.450758997,0.0722389295,0.852381424,0.749976842,2,0.0253293034,0.0469096261,0.519363091,0.333018333,0.799977793,0.649974939
1.66,49.5416013,-0.458398674,0.0759867158,0.862080149,0.749975778,2,0.0267032244,0.0492834914,0.524420163,0.337659985,0.799976822,0.649973688
1.68,49.5342212,-0.465778831,0.079771088,0.871417654,0.749974702,2,0.028095998,0.05167509,0.529288781,0.342128874,0.799975842,0.649972421
1.7,49.5270933,-0.472906668,0.0835887268,0.88040549,0.749973615,2,0.0295065471,0.0540821797,0.533974285,0.346431205,0.799974853,0.649971138
1.72,49.5202108,-0.479789195,0.0874364379,0.889054708,0.749972517,2,0.0309338279,0.05650261,0.538481871,0.350572837,0.799973856,0.649969839
1.74,49.5135668,-0.486433242,0.0913111483,0.897375911,0.749971409,2,0.0323768294,0.0589343188,0.5428166,0.354559311,0.799972851,0.649968526
1.76,49.5071545,-0.492845462,0.095209902,0.905379293,0.749970292,2,0.0338345725,0.0613753295,0.546983407,0.358395886,0.799971838,0.649967199
1.78,49.5009677,-0.499032337,0.099129857,0.91307467,0.749969164,2,0.0353061087,0.0638237483,0.550987107,0.362087564,0.799970818,0.649965858
1.8,49.4949998,-0.505000185,0.103068282,0.920471514,0.749968028,2,0.0367905198,0.0662777617,0.554832399,0.365639115,0.79996979,0.649964504
1.82,49.4892448,-0.510755164,0.107022551,0.92757897,0.749966883,2,0.0382869171,0.0687356337,0.558523872,0.369055099,0.799968756,0.649963137
1.84,49.4836967,-0.516303274,0.110990143,0.934405883,0.749965729,2,0.0397944399,0.0711957036,0.562066003,0.37233988,0.799967715,0.649961758
1.86,49.4783496,-0.521650365,0.114968639,0.94096081,0.749964568,2,0.0413122556,0.0736563831,0.565463165,0.375497645,0.799966668,0.649960367
1.88,49.4731979,-0.526802139,0.118955713,0.947252041,0.749963398,2,0.0428395586,0.0761161544,0.568719624,0.378532417,0.799965615,0.649958965
1.9,49.4682358,-0.531764152,0.122949137,0.953287613,0.749962221,2,0.0443755694,0.0785735679,0.571839545,0.381448068,0.799964556,0.649957552
1.92,49.4634582,-0.536541824,0.126946774,0.959075317,0.749961037,2,0.0459195341,0.0810272396,0.57482699,0.384248327,0.799963491,0.649956129
1.94,49.4588596,-0.541140436,0.130946573,0.964622716,0.749959846,2,0.0474707239,0.0834758493,0.577685924,0.386936792,0.799962421,0.649954696
1.96,49.4544349,-0.545565134,0.134946572,0.96993715,0.749958649,2,0.049028434,0.0859181384,0.580420211,0.389516938,0.799961347,0.649953253
1.98,49.4501791,-0.549820936,0.138944891,0.975025747,0.749957445,2,0.0505919833,0.0883529079,0.583033623,0.391992124,0.799960267,0.649951802
2,49.4460873,-0.553912735,0.14293973,0.979895433,0.749956235,2,0.0521607135,0.0907790165,0.585529835,0.394365597,0.799959183,0.649950341
2.02,49.4421547,-0.557845297,0.146929367,0.984552937,0.74995502,2,0.0537339888,0.0931953784,0.587912431,0.396640505,0.799958094,0.649948872
2.04,49.4383767,-0.561623269,0.150912157,0.989004798,0.749953799,2,0.0553111949,0.0956009618,0.590184904,0.398819894,0.799957001,0.649947395
2.06,49.4347488,-0.565251179,0.154886526,0.993257376,0.749952573,2,0.056891739,0.0979947869,0.592350657,0.400906719,0.799955904,0.64994591
2.08,49.4312666,-0.568733442,0.158850973,0.997316851,0.749951341,2,0.0584750484,0.100375924,0.594413008,0.402903843,0.799954803,0.649944418
2.1,49.4279256,-0.572074358,0.162804064,1.00118923,0.749950105,2,0.0600605707,0.102743493,0.596375186,0.404814048,0.799953699,0.649942918
2.12,49.4247219,-0.575278118,0.166744432,1.00488037,0.749948865,2,0.0616477728,0.105096659,0.598240341,0.406640031,0.799952591,0.649941412
2.14,49.4216512,-0.578348808,0.170670775,1.00839595,0.74994762,2,0.0632361408,0.107434634,0.600011537,0.408384411,0.79995148,0.6499399
2.16,49.4187096,-0.581290406,0.174581852,1.01174149,0.749946371,2,0.0648251788,0.109756673,0.601691759,0.410049735,0.799950366,0.649938381
2.18,49.4158932,-0.58410679,0.178476482,1.01492239,0.749945118,2,0.0664144091,0.112062073,0.603283915,0.411638473,0.799949248,0.649936856
2.2,49.4131983,-0.586801737,0.182353544,1.01794386,0.749943861,2,0.0680033713,0.114350173,0.604790834,0.413153027,0.799948128,0.649935326
2.22,49.4106211,-0.589378928,0.186211971,1.020811,0.749942601,2,0.0695916218,0.11662035,0.606215271,0.414595733,0.799947006,0.649933791
2.24,49.4081581,-0.591841948,0.190050753,1.02352877,0.749941337,2,0.0711787338,0.118872019,0.607559907,0.41596886,0.799945881,0.64993225
2.26,49.4058057,-0.594194287,0.193868929,1.02610197,0.74994007,2,0.072764296,0.121104633,0.608827353,0.417274613,0.799944753,0.649930705
2.28,49.4035607,-0.596439348,0.197665593,1.02853529,0.749938801,2,0.0743479131,0.12331768,0.610020147,0.418515138,0.799943624,0.649929155
2.3,49.4014196,-0.598580441,0.201439885,1.03083328,0.749937528,2,0.0759292046,0.12551068,0.611140761,0.419692519,0.799942492,0.6499276
2.32,49.3993792,-0.600620794,0.205190994,1.03300038,0.749936253,2,0.0775078049,0.127683189,0.612191599,0.420808785,0.799941358,0.649926042
2.34,49.3974365,-0.602563545,0.208918154,1.0350409,0.749934975,2,0.0790833624,0.129834792,0.613174998,0.421865906,0.799940223,0.649924479
2.36,49.3955882,-0.604411755,0.212620645,1.03695904,0.749933695,2,0.0806555396,0.131965105,0.614093235,0.422865801,0.799939085,0.649922913
2.38,49.3938316,-0.6061684,0.216297787,1.03875885,0.749932412,2,0.0822240125,0.134073775,0.61494852,0.423810335,0.799937947,0.649921343
2.4,49.3921636,-0.607836379,0.219948945,1.04044432,0.749931128,2,0.0837884699,0.136160475,0.615743006,0.424701319,0.799936806,0.64991977
2.42,49.3905815,-0.609418514,0.22357352,1.0420193,0.749929841,2,0.0853486135,0.138224907,0.616478784,0.425540518,0.799935665,0.649918194
2.44,49.3890824,-0.610917552,0.227170954,1.04348753,0.749928553,2,0.0869041573,0.140266797,0.617157888,0.426329645,0.799934522,0.649916615
2.46,49.3876638,-0.612336165,0.230740726,1.04485266,0.749927263,2,0.0884548272,0.142285899,0.617782296,0.427070368,0.799933378,0.649915034
2.48,49.386323,-0.613676955,0.234282349,1.04611824,0.749925972,2,0.090000361,0.144281988,0.61835393,0.427764308,0.799932233,0.649913449
2.5,49.3850575,-0.614942455,0.237795373,1.0472877,0.749924679,2,0.0915405074,0.146254866,0.618874657,0.42841304,0.799931087,0.649911862
2.52,49.3838649,-0.616135127,0.241279379,1.04836439,0.749923384,2,0.0930750264,0.148204353,0.619346293,0.429018097,0.79992994,0.649910274
2.54,49.3827426,-0.617257369,0.244733982,1.04935157,0.749922089,2,0.0946036883,0.150130294,0.619770602,0.429580968,0.799928792,0.649908683
2.56,49.3816885,-0.618311511,0.248158827,1.0502524,0.749920792,2,0.0961262741,0.152032553,0.620149299,0.430103101,0.799927644,0.64990709
2.58,49.3807002,-0.619299823,0.251553588,1.05106995,0.749919495,2,0.0976425745,0.153911013,0.620484047,0.430585905,0.799926494,0.649905495
2.6,49.3797755,-0.620224511,0.254917968,1.05180721,0.749918196,2,0.09915239,0.155765578,0.620776466,0.431030746,0.799925345,0.649903898
2.62,49.3789123,-0.62108772,0.2582517,1.05246708,0.749916897,2,0.100655531,0.157596169,0.621028125,0.431438955,0.799924195,0.6499023
2.64,49.3781085,-0.621891537,0.26155454,1.05305238,0.749915597,2,0.102151815,0.159402724,0.621240552,0.431811824,0.799923044,0.649900701
2.66,49.377362,-0.622637991,0.264826271,1.05356583,0.749914296,2,0.103641072,0.161185199,0.621415226,0.432150608,0.799921894,0.649899101
2.68,49.3766709,-0.623329056,0.268066701,1.05401011,0.749912995,2,0.105123138,0.162943564,0.621553588,0.432456527,0.799920743,0.649897499
2.7,49.3760334,-0.62396665,0.271275662,1.0543878,0.749911693,2,0.106597857,0.164677805,0.621657033,0.432730767,0.799919591,0.649895896
2.72,49.3754474,-0.624552636,0.274453007,1.0547014,0.749910391,2,0.108065082,0.166387925,0.621726917,0.432974479,0.79991844,0.649894293
2.74,49.3749112,-0.625088829,0.277598612,1.05495334,0.749909088,2,0.109524674,0.168073938,0.621764555,0.433188781,0.799917289,0.649892688
2.76,49.374423,-0.625576989,0.280712374,1.05514599,0.749907786,2,0.110976502,0.169735872,0.621771226,0.43337476,0.799916137,0.649891083
2.78,49.3739812,-0.626018829,0.283794209,1.05528164,0.749906483,2,0.112420441,0.171373768,0.621748167,0.433533472,0.799914986,0.649889477
2.8,49.373584,-0.626416011,0.286844054,1.05536252,0.74990518,2,0.113856374,0.17298768,0.621696581,0.433665939,0.799913834,0.649887871
2.82,49.3732298,-0.626770153,0.289861862,1.05539079,0.749903877,2,0.11528419,0.174577672,0.621617634,0.433773157,0.799912683,0.649886265
2.84,49.3729172,-0.627082824,0.292847606,1.05536855,0.749902574,2,0.116703786,0.17614382,0.621512456,0.433856092,0.799911532,0.649884658
2.86,49.3726444,-0.62735555,0.295801276,1.05529783,0.749901271,2,0.118115065,0.177686211,0.621382146,0.433915681,0.799910382,0.649883051
2.88,49.3724102,-0.627589812,0.298722875,1.0551806,0.749899969,2,0.119517935,0.179204941,0.621227765,0.433952834,0.799909231,0.649881443
2.9,49.372213,-0.627787049,0.301612426,1.05501878,0.749898666,2,0.120912311,0.180700115,0.621050346,0.433968434,0.799908081,0.649879836
2.92,49.3720513,-0.627948659,0.304469964,1.05481423,0.749897364,2,0.122298115,0.18217185,0.620850889,0.433963338,0.799906931,0.649878229
2.94,49.371924,-0.628075997,0.30729554,1.05456874,0.749896062,2,0.123675272,0.183620267,0.620630361,0.433938378,0.799905782,0.649876622
2.96,49.3718296,-0.628170381,0.310089215,1.05428406,0.74989476,2,0.125043716,0.185045499,0.620389702,0.433894359,0.799904633,0.649875015
2.98,49.3717669,-0.62823309,0.312851068,1.05396189,0.749893459,2,0.126403383,0.186447685,0.620129822,0.433832064,0.799903485,0.649873408
3,49.3717346,-0.628265363,0.315581187,1.05360385,0.749892158,2,0.127754215,0.187826972,0.619851602,0.433752252,0.799902337,0.649871801
3.02,49.3717316,-0.628268406,0.318279672,1.05321156,0.749890858,2,0.12909616,0.189183513,0.619555897,0.433655659,0.79990119,0.649870195
3.04,49.3717566,-0.628243386,0.320946637,1.05278653,0.749889558,2,0.130429169,0.190517467,0.619243532,0.433542998,0.799900043,0.64986859
3.06,49.3718086,-0.628191438,0.323582202,1.05233027,0.749888259,2,0.131753201,0.191829002,0.618915309,0.433414961,0.799898897,0.649866984
3.08,49.3718863,-0.628113661,0.326186502,1.05184422,0.749886961,2,0.133068215,0.193118287,0.618572003,0.433272219,0.799897751,0.64986538
3.1,49.3719889,-0.628011122,0.328759678,1.05132979,0.749885663,2,0.134374177,0.194385502,0.618214364,0.433115421,0.799896606,0.649863775
3.12,49.3721151,-0.627884855,0.331301883,1.05078832,0.749884366,2,0.135671056,0.195630827,0.617843119,0.432945197,0.799895462,0.649862172
3.14,49.3722641,-0.627735864,0.333813276,1.05022113,0.749883069,2,0.136958827,0.196854449,0.61745897,0.432762158,0.799894319,0.649860569
3.16,49.3724349,-0.627565122,0.336294027,1.04962949,0.749881773,2,0.138237466,0.198056561,0.617062598,0.432566893,0.799893176,0.649858967
3.18,49.3726264,-0.627373571,0.338744312,1.04901464,0.749880478,2,0.139506955,0.199237357,0.616654659,0.432359977,0.799892034,0.649857366
3.2,49.3728379,-0.627162126,0.341164314,1.04837775,0.749879184,2,0.140767279,0.200397036,0.616235791,0.432141962,0.799890893,0.649855765
3.22,49.3730683,-0.626931671,0.343554226,1.04771999,0.74987789,2,0.142018425,0.201535801,0.615806607,0.431913387,0.799889753,0.649854166
3.24,49.3733169,-0.626683067,0.345914243,1.04704247,0.749876598,2,0.143260385,0.202653859,0.615367704,0.43167477,0.799888613,0.649852567
3.26,49.3735829,-0.626417143,0.348244571,1.04634627,0.749875306,2,0.144493153,0.203751417,0.614919654,0.431426616,0.799887474,0.649850969
3.28,49.3738653,-0.626134705,0.350545417,1.04563242,0.749874015,2,0.145716728,0.204828689,0.614463014,0.43116941,0.799886336,0.649849372
3.3,49.3741635,-0.625836535,0.352816999,1.04490194,0.749872725,2,0.146931111,0.205885888,0.613998321,0.430903624,0.799885199,0.649847776
3.32,49.3744766,-0.625523386,0.355059534,1.0441558,0.749871436,2,0.148136304,0.20692323,0.613526091,0.430629713,0.799884063,0.649846181
3.34,49.374804,-0.625195992,0.35727325,1.04339495,0.749870148,2,0.149332314,0.207940935,0.613046826,0.430348119,0.799882928,0.649844587
3.36,49.3751449,-0.624855059,0.359458374,1.04262028,0.749868861,2,0.150519151,0.208939223,0.612561009,0.430059268,0.799881794,0.649842994
3.38,49.3754987,-0.624501273,0.361615141,1.04183268,0.749867574,2,0.151696825,0.209918315,0.612069106,0.429763571,0.79988066,0.649841403
3.4,49.3758647,-0.624135297,0.363743787,1.04103299,0.749866289,2,0.152865351,0.210878436,0.611571566,0.429461428,0.799879528,0.649839812
3.42,49.3762422,-0.623757773,0.365844555,1.04022205,0.749865005,2,0.154024745,0.211819811,0.611068825,0.429153223,0.799878396,0.649838223
3.44,49.3766307,-0.623369322,0.367917689,1.03940063,0.749863722,2,0.155175025,0.212742664,0.6105613,0.428839328,0.799877265,0.649836634
3.46,49.3770295,-0.622970544,0.369963435,1.0385695,0.749862439,2,0.156316212,0.213647223,0.610049396,0.428520103,0.799876136,0.649835047
3.48,49.377438,-0.622562019,0.371982044,1.0377294,0.749861158,2,0.15744833,0.214533715,0.609533501,0.428195895,0.799875007,0.649833461
3.5,49.3778557,-0.622144309,0.373973769,1.03688103,0.749859878,2,0.158571401,0.215402368,0.609013991,0.42786704,0.799873879,0.649831877
3.52,49.378282,-0.621717956,0.375938865,1.03602509,0.749858599,2,0.159685455,0.216253411,0.608491226,0.42753386,0.799872752,0.649830293
3.54,49.3787165,-0.621283484,0.377877589,1.03516222,0.749857321,2,0.160790517,0.217087072,0.607965554,0.427196668,0.799871626,0.649828711
3.56,49.3791586,-0.620841399,0.3797902,1.03429308,0.749856044,2,0.16188662,0.21790358,0.607437311,0.426855765,0.799870501,0.64982713
3.58,49.3796078,-0.620392191,0.381676959,1.03341826,0.749854768,2,0.162973794,0.218703164,0.606906819,0.426511442,0.799869378,0.64982555
3.6,49.3800637,-0.619936333,0.383538127,1.03253837,0.749853494,2,0.164052074,0.219486053,0.606374388,0.42616398,0.799868255,0.649823972
3.62,49.3805257,-0.619474279,0.385373968,1.03165396,0.74985222,2,0.165121493,0.220252475,0.605840316,0.425813649,0.799867133,0.649822395
3.64,49.3809935,-0.619006472,0.387184746,1.0307656,0.749850948,2,0.166182089,0.221002657,0.60530489,0.425460708,0.799866012,0.649820819
3.66,49.3814667,-0.618533334,0.388970727,1.0298738,0.749849676,2,0.167233899,0.221736828,0.604768386,0.42510541,0.799864892,0.649819245
3.68,49.3819447,-0.618055277,0.390732176,1.02897906,0.749848406,2,0.168276962,0.222455214,0.604231069,0.424747996,0.799863773,0.649817671
3.7,49.3824273,-0.617572695,0.39246936,1.02808189,0.749847136,2,0.169311318,0.223158042,0.603693192,0.424388698,0.799862655,0.6498161
3.72,49.382914,-0.617085971,0.394182545,1.02718274,0.749845868,2,0.170337009,0.223845536,0.603155,0.424027742,0.799861538,0.649814529
3.74,49.3834045,-0.61659547,0.395872,1.02628207,0.749844601,2,0.171354077,0.224517922,0.602616728,0.423665342,0.799860422,0.64981296
3.76,49.3838985,-0.616101548,0.39753799,1.02538031,0.749843335,2,0.172362567,0.225175423,0.602078599,0.423301707,0.799859307,0.649811392
3.78,49.3843955,-0.615604546,0.399180783,1.02447786,0.749842071,2,0.173362522,0.225818261,0.60154083,0.422937035,0.799858193,0.649809826
3.8,49.3848952,-0.615104791,0.400800646,1.02357514,0.749840807,2,0.174353989,0.226446657,0.601003626,0.422571519,0.79985708,0.649808261
3.82,49.3853974,-0.614602602,0.402397845,1.02267253,0.749839544,2,0.175337013,0.227060832,0.600467186,0.422205342,0.799855968,0.649806697
3.84,49.3859017,-0.614098281,0.403972647,1.02177038,0.749838283,2,0.176311642,0.227661004,0.599931697,0.421838683,0.799854857,0.649805135
3.86,49.3864079,-0.613592123,0.405525317,1.02086905,0.749837023,2,0.177277925,0.228247392,0.599397342,0.421471711,0.799853747,0.649803574
3.88,49.3869156,-0.613084409,0.407056119,1.01996888,0.749835763,2,0.17823591,0.228820209,0.598864293,0.42110459,0.799852638,0.649802014
3.9,49.3874246,-0.61257541,0.408565319,1.01907019,0.749834505,2,0.179185647,0.229379672,0.598332716,0.420737475,0.79985153,0.649800456
3.92,49.3879346,-0.612065387,0.410053179,1.01817329,0.749833248,2,0.180127186,0.229925993,0.597802768,0.420370518,0.799850423,0.649798899
3.94,49.3884454,-0.611554589,0.411519961,1.01727846,0.749831992,2,0.181060578,0.230459384,0.597274599,0.420003862,0.799849317,0.649797343
3.96,49.3889567,-0.611043258,0.412965927,1.016386,0.749830738,2,0.181985874,0.230980053,0.596748354,0.419637644,0.799848212,0.649795789
3.98,49.3894684,-0.610531623,0.414391337,1.01549617,0.749829484,2,0.182903127,0.23148821,0.596224169,0.419271998,0.799847108,0.649794236
4,49.3899801,-0.610019907,0.415796449,1.01460922,0.749828231,2,0.183812389,0.231984061,0.595702175,0.418907048,0.799846005,0.649792685
4.02,49.3904917,-0.609508322,0.417181521,1.01372541,0.74982698,2,0.184713712,0.232467809,0.595182495,0.418542917,0.799844902,0.649791134
4.04,49.3910029,-0.60899707,0.418546809,1.01284497,0.749825729,2,0.185607151,0.232939658,0.594665247,0.418179719,0.799843801,0.649789586
4.06,49.3915137,-0.608486349,0.419892568,1.01196811,0.74982448,2,0.18649276,0.233399808,0.594150543,0.417817565,0.799842701,0.649788038
4.08,49.3920237,-0.607976343,0.42121905,1.01109505,0.749823232,2,0.187370591,0.233848459,0.593638488,0.417456561,0.799841602,0.649786492
4.1,49.3925328,-0.607467232,0.422526508,1.01022599,0.749821985,2,0.1882407,0.234285807,0.593129185,0.417096806,0.799840503,0.649784947
4.12,49.3930408,-0.606959188,0.42381519,1.00936112,0.749820738,2,0.189103142,0.234712048,0.592622726,0.416738396,0.799839406,0.649783404
4.14,49.3935476,-0.606452374,0.425085346,1.00850063,0.749819493,2,0.189957972,0.235127375,0.592119203,0.416381423,0.799838309,0.649781862
4.16,49.3940531,-0.605946945,0.426337222,1.00764467,0.749818249,2,0.190805244,0.235531978,0.5916187,0.416025974,0.799837214,0.649780321
4.18,49.3945569,-0.605443052,0.427571061,1.00679343,0.749817006,2,0.191645014,0.235926047,0.591121298,0.41567213,0.799836119,0.649778781
4.2,49.3950592,-0.604940837,0.428787108,1.00594704,0.749815765,2,0.192477339,0.236309769,0.590627071,0.415319972,0.799835025,0.649777243
4.22,49.3955596,-0.604440436,0.429985602,1.00510566,0.749814524,2,0.193302273,0.236683329,0.590136091,0.414969572,0.799833932,0.649775706
4.24,49.396058,-0.603941978,0.431166783,1.00426942,0.749813284,2,0.194119873,0.23704691,0.589648423,0.414621002,0.79983284,0.64977417
4.26,49.3965544,-0.603445586,0.432330887,1.00343846,0.749812045,2,0.194930194,0.237400693,0.58916413,0.414274328,0.799831749,0.649772636
4.28,49.3970486,-0.602951379,0.43347815,1.00261288,0.749810807,2,0.195733293,0.237744857,0.588683271,0.413929614,0.799830659,0.649771103
4.3,49.3975405,-0.602459466,0.434608805,1.00179282,0.74980957,2,0.196529227,0.238079578,0.588205898,0.41358692,0.79982957,0.649769571
4.32,49.39803,-0.601969955,0.435723081,1.00097837,0.749808335,2,0.19731805,0.238405031,0.587732064,0.413246301,0.799828482,0.649768041
4.34,49.3985171,-0.601482945,0.436821208,1.00016963,0.7498071,2,0.198099819,0.238721388,0.587261813,0.412907812,0.799827394,0.649766511
4.36,49.3990015,-0.600998532,0.437903412,0.999366693,0.749805866,2,0.198874591,0.239028821,0.58679519,0.412571502,0.799826307,0.649764983
4.38,49.3994832,-0.600516805,0.438969918,0.998569653,0.749804633,2,0.199642422,0.239327496,0.586332235,0.412237419,0.799825222,0.649763457
4.4,49.3999621,-0.600037851,0.440020948,0.997778588,0.749803401,2,0.200403367,0.239617581,0.585872983,0.411905605,0.799824137,0.649761931
4.42,49.4004383,-0.599561749,0.441056722,0.996993571,0.749802171,2,0.201157484,0.239899238,0.585417468,0.411576103,0.799823053,0.649760407
4.44,49.4009114,-0.599088576,0.442077457,0.996214671,0.749800941,2,0.201904827,0.240172631,0.58496572,0.411248951,0.799821969,0.649758883
4.46,49.4013816,-0.598618402,0.443083371,0.995441951,0.749799712,2,0.202645453,0.240437918,0.584517767,0.410924184,0.799820887,0.649757362
4.48,49.4018487,-0.598151295,0.444074674,0.99467547,0.749798484,2,0.203379417,0.240695257,0.584073633,0.410601837,0.799819805,0.649755841
4.5,49.4023127,-0.597687318,0.44505158,0.993915279,0.749797257,2,0.204106776,0.240944804,0.58363334,0.410281939,0.799818724,0.649754321
4.52,49.4027735,-0.59722653,0.446014297,0.993161427,0.749796031,2,0.204827584,0.241186712,0.583196906,0.40996452,0.799817644,0.649752803
4.54,49.403231,-0.596768986,0.44696303,0.992413955,0.749794805,2,0.205541898,0.241421133,0.58276435,0.409649606,0.799816565,0.649751286
4.56,49.4036853,-0.596314738,0.447897986,0.991672904,0.749793581,2,0.206249771,0.241648215,0.582335684,0.40933722,0.799815487,0.64974977
4.58,49.4041362,-0.595863833,0.448819365,0.990938305,0.749792358,2,0.20695126,0.241868105,0.581910921,0.409027384,0.799814409,0.649748255
4.6,49.4045837,-0.595416316,0.449727368,0.99021019,0.749791135,2,0.207646419,0.242080949,0.581490071,0.408720119,0.799813332,0.649746741
4.62,49.4050278,-0.594972227,0.450622191,0.989488582,0.749789914,2,0.208335303,0.242286888,0.58107314,0.408415442,0.799812256,0.649745228
4.64,49.4054684,-0.594531605,0.451504031,0.988773504,0.749788693,2,0.209017966,0.242486065,0.580660135,0.408113369,0.799811181,0.649743717
4.66,49.4059055,-0.594094484,0.45237308,0.988064973,0.749787473,2,0.209694462,0.242678618,0.580251059,0.407813914,0.799810107,0.649742206
4.68,49.4063391,-0.593660896,0.453229528,0.987363003,0.749786254,2,0.210364845,0.242864683,0.579845913,0.40751709,0.799809033,0.649740697
4.7,49.4067691,-0.593230871,0.454073564,0.986667604,0.749785036,2,0.211029169,0.243044395,0.579444697,0.407222907,0.79980796,0.649739189
4.72,49.4071956,-0.592804433,0.454905375,0.985978785,0.749783819,2,0.211687488,0.243217887,0.57904741,0.406931375,0.799806887,0.649737682
4.74,49.4076184,-0.592381606,0.455725143,0.985296548,0.749782602,2,0.212339855,0.243385288,0.578654047,0.406642501,0.799805816,0.649736175
4.76,49.4080376,-0.591962412,0.45653305,0.984620895,0.749781387,2,0.212986321,0.243546729,0.578264604,0.406356291,0.799804745,0.64973467
4.78,49.4084531,-0.591546868,0.457329276,0.983951823,0.749780172,2,0.213626941,0.243702335,0.577879073,0.406072749,0.799803675,0.649733166
4.8,49.408865,-0.591134991,0.458113998,0.983289327,0.749778958,2,0.214261767,0.243852231,0.577497447,0.40579188,0.799802605,0.649731664
4.82,49.4092732,-0.590726793,0.45888739,0.982633401,0.749777745,2,0.21489085,0.243996539,0.577119716,0.405513684,0.799801537,0.649730162
4.84,49.4096777,-0.590322288,0.459649624,0.981984032,0.749776533,2,0.215514243,0.244135381,0.576745869,0.405238163,0.799800469,0.649728661
4.86,49.4100785,-0.589921483,0.460400872,0.98134121,0.749775321,2,0.216131996,0.244268876,0.576375894,0.404965316,0.799799401,0.649727161
4.88,49.4104756,-0.589524387,0.4611413,0.980704918,0.74977411,2,0.216744162,0.244397139,0.576009777,0.404695141,0.799798335,0.649725662
4.9,49.410869,-0.589131004,0.461871076,0.980075139,0.7497729,2,0.21735079,0.244520286,0.575647503,0.404427635,0.799797269,0.649724164
4.92,49.4112587,-0.588741339,0.462590362,0.979451853,0.749771691,2,0.217951932,0.24463843,0.575289058,0.404162795,0.799796203,0.649722667
4.94,49.4116446,-0.588355393,0.46329932,0.97883504,0.749770483,2,0.218547637,0.244751683,0.574934425,0.403900616,0.799795138,0.649721171
4.96,49.4120268,-0.587973166,0.46399811,0.978224675,0.749769275,2,0.219137956,0.244860154,0.574583585,0.403641091,0.799794074,0.649719676
4.98,49.4124053,-0.587594656,0.464686888,0.977620733,0.749768068,2,0.219722938,0.24496395,0.57423652,0.403384213,0.799793011,0.649718182
5,49.4127801,-0.58721986,0.46536581,0.977023187,0.749766862,2,0.220302632,0.245063178,0.573893211,0.403129976,0.799791948,0.649716689
5.02,49.4131512,-0.586848774,0.466035028,0.976432007,0.749765656,2,0.220877087,0.24515794,0.573553636,0.402878371,0.799790886,0.649715197
5.04,49.4135186,-0.586481391,0.466694693,0.975847164,0.749764452,2,0.221446352,0.24524834,0.573217777,0.402629387,0.799789825,0.649713706
5.06,49.4138823,-0.586117704,0.467344953,0.975268625,0.749763248,2,0.222010475,0.245334478,0.572885609,0.402383016,0.799788764,0.649712216
5.08,49.4142423,-0.585757704,0.467985957,0.974696356,0.749762044,2,0.222569503,0.245416453,0.57255711,0.402139246,0.799787703,0.649710726
5.1,49.4145986,-0.58540138,0.468617847,0.974130323,0.749760842,2,0.223123485,0.245494362,0.572232258,0.401898065,0.799786644,0.649709238
5.12,49.4149513,-0.585048722,0.469240766,0.97357049,0.74975964,2,0.223672467,0.245568299,0.571911028,0.401659462,0.799785585,0.64970775
5.14,49.4153003,-0.584699717,0.469854856,0.973016818,0.749758439,2,0.224216496,0.24563836,0.571593395,0.401423423,0.799784526,0.649706263
5.16,49.4156456,-0.584354352,0.470460253,0.972469271,0.749757238,2,0.224755618,0.245704635,0.571279335,0.401189935,0.799783468,0.649704777
5.18,49.4159874,-0.584012611,0.471057095,0.971927807,0.749756038,2,0.22528988,0.245767216,0.570968822,0.400958985,0.799782411,0.649703292
5.2,49.4163255,-0.58367448,0.471645517,0.971392386,0.749754839,2,0.225819327,0.24582619,0.57066183,0.400730556,0.799781354,0.649701808
5.22,49.4166601,-0.583339941,0.47222565,0.970862967,0.74975364,2,0.226344004,0.245881645,0.570358332,0.400504636,0.799780298,0.649700325
5.24,49.416991,-0.583008978,0.472797625,0.970339507,0.749752442,2,0.226863958,0.245933667,0.570058301,0.400281207,0.799779242,0.649698842
5.26,49.4173184,-0.582681571,0.473361571,0.969821963,0.749751245,2,0.227379231,0.24598234,0.569761709,0.400060254,0.799778187,0.649697361
5.28,49.4176423,-0.582357703,0.473917615,0.96931029,0.749750048,2,0.227889868,0.246027746,0.56946853,0.39984176,0.799777132,0.64969588
5.3,49.4179626,-0.582037352,0.474465881,0.968804443,0.749748852,2,0.228395914,0.246069967,0.569178734,0.399625709,0.799776078,0.6496944
5.32,49.4182795,-0.5817205,0.475006492,0.968304378,0.749747657,2,0.228897412,0.246109081,0.568892294,0.399412084,0.799775025,0.64969292
5.34,49.4185929,-0.581407123,0.47553957,0.967810047,0.749746462,2,0.229394404,0.246145166,0.56860918,0.399200866,0.799773972,0.649691442
5.36,49.4189028,-0.581097201,0.476065235,0.967321404,0.749745268,2,0.229886934,0.2461783,0.568329365,0.398992039,0.79977292,0.649689964
5.38,49.4192093,-0.580790711,0.476583602,0.966838402,0.749744074,2,0.230375044,0.246208558,0.568052817,0.398785584,0.799771868,0.649688487
5.4,49.4195124,-0.58048763,0.477094789,0.966360992,0.749742881,2,0.230858777,0.246236012,0.567779509,0.398581483,0.799770816,0.649687011
5.42,49.4198121,-0.580187934,0.477598909,0.965889127,0.749741689,2,0.231338173,0.246260736,0.567509411,0.398379716,0.799769765,0.649685535
5.44,49.4201084,-0.5798916,0.478096074,0.965422757,0.749740497,2,0.231813274,0.2462828,0.567242492,0.398180265,0.799768715,0.649684061
5.46,49.4204014,-0.579598602,0.478586395,0.964961835,0.749739305,2,0.232284121,0.246302273,0.566978724,0.397983111,0.799767665,0.649682587
5.48,49.4206911,-0.579308916,0.47906998,0.964506309,0.749738115,2,0.232750755,0.246319225,0.566718075,0.397788235,0.799766615,0.649681113
5.5,49.4209775,-0.579022516,0.479546938,0.964056132,0.749736924,2,0.233213216,0.246333722,0.566460516,0.397595616,0.799765566,0.649679641
5.52,49.4212606,-0.578739377,0.480017373,0.963611252,0.749735735,2,0.233671544,0.246345828,0.566206016,0.397405236,0.799764518,0.649678169
5.54,49.4215405,-0.578459472,0.480481388,0.96317162,0.749734546,2,0.234125778,0.24635561,0.565954546,0.397217073,0.79976347,0.649676698
5.56,49.4218172,-0.578182775,0.480939087,0.962737185,0.749733357,2,0.234575958,0.246363129,0.565706075,0.397031109,0.799762422,0.649675227
5.58,49.4220907,-0.577909259,0.481390569,0.962307896,0.749732169,2,0.235022122,0.246368448,0.565460573,0.396847324,0.799761375,0.649673757
5.6,49.4223611,-0.577638898,0.481835934,0.961883704,0.749730982,2,0.235464308,0.246371626,0.565218008,0.396665696,0.799760328,0.649672288
5.62,49.4226283,-0.577371664,0.48227528,0.961464558,0.749729795,2,0.235902555,0.246372724,0.564978352,0.396486206,0.799759282,0.64967082
5.64,49.4228925,-0.577107529,0.482708701,0.961050406,0.749728608,2,0.236336901,0.2463718,0.564741573,0.396308833,0.799758236,0.649669352
5.66,49.4231535,-0.576846467,0.483136292,0.960641198,0.749727422,2,0.236767383,0.24636891,0.564507641,0.396133557,0.799757191,0.649667885
5.68,49.4234116,-0.576588448,0.483558147,0.960236883,0.749726237,2,0.237194037,0.24636411,0.564276527,0.395960356,0.799756146,0.649666418
5.7,49.4236666,-0.576333445,0.483974356,0.959837411,0.749725052,2,0.237616901,0.246357454,0.564048199,0.395789212,0.799755101,0.649664952
5.72,49.4239186,-0.57608143,0.484385009,0.959442729,0.749723867,2,0.238036011,0.246348998,0.563822627,0.395620103,0.799754057,0.649663487
5.74,49.4241676,-0.575832375,0.484790195,0.959052789,0.749722683,2,0.238451403,0.246338792,0.563599781,0.395453008,0.799753013,0.649662023
5.76,49.4244137,-0.575586251,0.48519,0.958667539,0.7497215,2,0.238863112,0.246326888,0.563379633,0.395287906,0.79975197,0.649660558
5.78,49.424657,-0.57534303,0.485584511,0.958286928,0.749720317,2,0.239271175,0.246313337,0.56316215,0.395124778,0.799750927,0.649659095
5.8,49.4248973,-0.575102683,0.485973812,0.957910907,0.749719134,2,0.239675624,0.246298187,0.562947304,0.394963603,0.799749885,0.649657632
5.82,49.4251348,-0.574865182,0.486357984,0.957539424,0.749717952,2,0.240076497,0.246281488,0.562735065,0.39480436,0.799748843,0.64965617
5.84,49.4253695,-0.574630498,0.486737111,0.957172431,0.74971677,2,0.240473826,0.246263285,0.562525403,0.394647027,0.799747801,0.649654708
5.86,49.4256014,-0.574398603,0.487111271,0.956809875,0.749715589,2,0.240867646,0.246243626,0.562318289,0.394491586,0.79974676,0.649653247
5.88,49.4258305,-0.574169467,0.487480544,0.956451709,0.749714408,2,0.241257989,0.246222555,0.562113694,0.394338015,0.799745719,0.649651787
5.9,49.4260569,-0.573943062,0.487845007,0.956097883,0.749713228,2,0.241644891,0.246200117,0.561911588,0.394186295,0.799744678,0.649650327
5.92,49.4262806,-0.573719361,0.488204737,0.955748346,0.749712048,2,0.242028383,0.246176354,0.561711943,0.394036403,0.799743638,0.649648867
5.94,49.4265017,-0.573498333,0.488559808,0.95540305,0.749710868,2,0.242408498,0.24615131,0.561514729,0.393888321,0.799742598,0.649647409
5.96,49.42672,-0.573279951,0.488910294,0.955061947,0.749709689,2,0.242785268,0.246125026,0.561319918,0.393742029,0.799741559,0.64964595
5.98,49.4269358,-0.573064186,0.489256268,0.954724987,0.74970851,2,0.243158727,0.246097542,0.561127482,0.393597505,0.799740519,0.649644492
6,49.427149,-0.572851009,0.489597801,0.954392122,0.749707332,2,0.243528904,0.246068897,0.560937392,0.39345473,0.799739481,0.649643035
6.02,49.4273596,-0.572640393,0.489934963,0.954063304,0.749706154,2,0.243895831,0.246039132,0.56074962,0.393313683,0.799738442,0.649641579
6.04,49.4275677,-0.57243231,0.490267823,0.953738485,0.749704977,2,0.244259541,0.246008282,0.560564139,0.393174346,0.799737404,0.649640122
6.06,49.4277733,-0.57222673,0.490596449,0.953417618,0.7497038,2,0.244620062,0.245976387,0.56038092,0.393036699,0.799736366,0.649638667
6.08,49.4279764,-0.572023626,0.490920907,0.953100656,0.749702623,2,0.244977426,0.245943481,0.560199936,0.392900721,0.799735329,0.649637211
6.1,49.428177,-0.571822971,0.491241263,0.952787552,0.749701447,2,0.245331664,0.2459096,0.560021159,0.392766393,0.799734292,0.649635757
6.12,49.4283753,-0.571624735,0.491557582,0.952478259,0.749700271,2,0.245682803,0.245874779,0.559844564,0.392633695,0.799733255,0.649634303
6.14,49.4285711,-0.571428893,0.491869927,0.952172731,0.749699095,2,0.246030875,0.245839051,0.559670122,0.392502609,0.799732219,0.649632849
6.16,49.4287646,-0.571235416,0.492178359,0.951870923,0.74969792,2,0.246375909,0.245802451,0.559497807,0.392373116,0.799731183,0.649631396
6.18,49.4289557,-0.571044277,0.492482941,0.951572788,0.749696746,2,0.246717933,0.245765009,0.559327593,0.392245195,0.799730147,0.649629943
6.2,49.4291446,-0.570855448,0.492783733,0.951278283,0.749695571,2,0.247056975,0.245726757,0.559159454,0.392118829,0.799729111,0.649628491
6.22,49.4293311,-0.570668903,0.493080793,0.950987361,0.749694397,2,0.247393065,0.245687727,0.558993363,0.391993998,0.799728076,0.649627039
6.24,49.4295154,-0.570484615,0.49337418,0.950699979,0.749693223,2,0.247726231,0.245647949,0.558829294,0.391870685,0.799727041,0.649625587
6.26,49.4296974,-0.570302556,0.49366395,0.950416093,0.74969205,2,0.2480565,0.245607451,0.558667224,0.391748869,0.799726007,0.649624136
6.28,49.4298773,-0.570122702,0.493950161,0.950135658,0.749690877,2,0.248383899,0.245566262,0.558507125,0.391628534,0.799724973,0.649622686
6.3,49.430055,-0.569945024,0.494232868,0.949858633,0.749689704,2,0.248708456,0.245524412,0.558348973,0.39150966,0.799723939,0.649621236
6.32,49.4302305,-0.569769498,0.494512124,0.949584974,0.749688532,2,0.249030198,0.245481926,0.558192744,0.39139223,0.799722905,0.649619786
6.34,49.4304039,-0.569596096,0.494787983,0.949314638,0.74968736,2,0.249349152,0.245438832,0.558038412,0.391276226,0.799721871,0.649618337
6.36,49.4305752,-0.569424794,0.495060498,0.949047583,0.749686188,2,0.249665343,0.245395155,0.557885953,0.39116163,0.799720838,0.649616888
6.38,49.4307444,-0.569255565,0.49532972,0.948783768,0.749685017,2,0.249978799,0.245350922,0.557735344,0.391048424,0.799719805,0.64961544
6.4,49.4309116,-0.569088385,0.4955957,0.948523152,0.749683846,2,0.250289544,0.245306156,0.55758656,0.390936592,0.799718773,0.649613992
6.42,49.4310768,-0.568923228,0.495858487,0.948265694,0.749682675,2,0.250597604,0.245260883,0.557439578,0.390826116,0.799717741,0.649612545
6.44,49.4312399,-0.568760069,0.496118131,0.948011353,0.749681505,2,0.250903005,0.245215126,0.557294375,0.390716978,0.799716709,0.649611098
6.46,49.4314011,-0.568598884,0.49637468,0.947760088,0.749680335,2,0.251205772,0.245168908,0.557150927,0.390609162,0.799715677,0.649609651
6.48,49.4315604,-0.568439647,0.496628181,0.947511862,0.749679165,2,0.25150593,0.245122251,0.557009211,0.39050265,0.799714645,0.649608205
6.5,49.4317177,-0.568282335,0.49687868,0.947266634,0.749677996,2,0.251803502,0.245075178,0.556869206,0.390397427,0.799713614,0.649606759
6.52,49.4318731,-0.568126924,0.497126223,0.947024365,0.749676826,2,0.252098514,0.245027709,0.556730888,0.390293476,0.799712583,0.649605313
6.54,49.4320266,-0.567973389,0.497370855,0.946785017,0.749675658,2,0.252390989,0.244979866,0.556594236,0.390190781,0.799711552,0.649603868
6.56,49.4321783,-0.567821707,0.49761262,0.946548552,0.749674489,2,0.252680952,0.244931668,0.556459228,0.390089325,0.799710522,0.649602423
6.58,49.4323281,-0.567671854,0.497851562,0.946314933,0.749673321,2,0.252968425,0.244883137,0.556325841,0.389989092,0.799709492,0.649600979
6.6,49.4324762,-0.567523808,0.498087722,0.946084122,0.749672153,2,0.253253432,0.24483429,0.556194055,0.389890067,0.799708462,0.649599535
6.62,49.4326225,-0.567377545,0.498321144,0.945856083,0.749670985,2,0.253535997,0.244785147,0.556063849,0.389792234,0.799707432,0.649598091
6.64,49.432767,-0.567233043,0.498551867,0.945630779,0.749669818,2,0.253816141,0.244735726,0.555935201,0.389695577,0.799706402,0.649596648
6.66,49.4329097,-0.567090278,0.498779933,0.945408174,0.74966865,2,0.254093888,0.244686045,0.555808092,0.389600082,0.799705373,0.649595205
6.68,49.4330508,-0.56694923,0.499005381,0.945188232,0.749667483,2,0.25436926,0.244636121,0.5556825,0.389505733,0.799704344,0.649593762
6.7,49.4331901,-0.566809875,0.49922825,0.94497092,0.749666317,2,0.254642278,0.244585972,0.555558405,0.389412514,0.799703315,0.64959232
6.72,49.4333278,-0.566672191,0.499448579,0.944756201,0.74966515,2,0.254912966,0.244535613,0.555435788,0.389320412,0.799702287,0.649590878
6.74,49.4334638,-0.566536158,0.499666405,0.944544041,0.749663984,2,0.255181344,0.244485061,0.555314629,0.389229412,0.799701258,0.649589436
6.76,49.4335982,-0.566401754,0.499881766,0.944334407,0.749662819,2,0.255447435,0.244434331,0.555194908,0.389139499,0.79970023,0.649587995
6.78,49.433731,-0.566268958,0.500094697,0.944127266,0.749661653,2,0.255711258,0.244383439,0.555076607,0.389050659,0.799699202,0.649586554
6.8,49.4338623,-0.566137748,0.500305235,0.943922583,0.749660488,2,0.255972836,0.244332399,0.554959706,0.388962877,0.799698175,0.649585114
6.82,49.4339919,-0.566008105,0.500513414,0.943720326,0.749659322,2,0.256232189,0.244281225,0.554844186,0.38887614,0.799697147,0.649583673
6.84,49.43412,-0.565880007,0.50071927,0.943520464,0.749658158,2,0.256489337,0.244229932,0.554730029,0.388790434,0.79969612,0.649582233
6.86,49.4342466,-0.565753434,0.500922835,0.943322963,0.749656993,2,0.256744302,0.244178533,0.554617217,0.388705746,0.799695093,0.649580794
6.88,49.4343716,-0.565628367,0.501124144,0.943127793,0.749655829,2,0.256997102,0.244127042,0.554505732,0.388622061,0.799694066,0.649579354
6.9,49.4344952,-0.565504785,0.50132323,0.942934923,0.749654665,2,0.257247759,0.244075471,0.554395556,0.388539367,0.799693039,0.649577915
6.92,49.4346173,-0.56538267,0.501520124,0.942744321,0.749653501,2,0.257496291,0.244023832,0.554286671,0.38845765,0.799692013,0.649576477
6.94,49.434738,-0.565262001,0.501714858,0.942555957,0.749652337,2,0.257742719,0.243972138,0.55417906,0.388376897,0.799690987,0.649575038
6.96,49.4348572,-0.565142761,0.501907463,0.942369802,0.749651174,2,0.257987062,0.243920401,0.554072706,0.388297095,0.79968996,0.6495736
6.98,49.4349751,-0.565024929,0.50209797,0.942185825,0.74965001,2,0.258229338,0.243868632,0.553967592,0.388218233,0.799688935,0.649572162
7,49.4350915,-0.564908487,0.502286409,0.942003998,0.749648847,2,0.258469567,0.243816841,0.553863702,0.388140297,0.799687909,0.649570725
7.02,49.4352066,-0.564793417,0.502472809,0.941824292,0.749647685,2,0.258707768,0.243765041,0.553761018,0.388063274,0.799686883,0.649569287
7.04,49.4353203,-0.564679701,0.5026572,0.941646678,0.749646522,2,0.258943959,0.243713241,0.553659524,0.387987153,0.799685858,0.64956785
7.06,49.4354327,-0.56456732,0.502839609,0.941471127,0.74964536,2,0.259178158,0.243661451,0.553559205,0.387911922,0.799684833,0.649566414
7.08,49.4355437,-0.564456258,0.503020066,0.941297614,0.749644198,2,0.259410384,0.243609682,0.553460045,0.387837569,0.799683808,0.649564977
7.1,49.4356535,-0.564346496,0.503198597,0.941126109,0.749643036,2,0.259640654,0.243557943,0.553362028,0.387764081,0.799682783,0.649563541
7.12,49.435762,-0.564238017,0.503375229,0.940956586,0.749641874,2,0.259868987,0.243506242,0.553265139,0.387691448,0.799681759,0.649562105
7.14,49.4358692,-0.564130804,0.50354999,0.940789019,0.749640713,2,0.2600954,0.24345459,0.553169362,0.387619657,0.799680734,0.64956067
7.16,49.4359752,-0.564024841,0.503722905,0.940623381,0.749639552,2,0.26031991,0.243402995,0.553074682,0.387548699,0.79967971,0.649559234
7.18,49.4360799,-0.563920109,0.503893999,0.940459646,0.74963839,2,0.260542535,0.243351464,0.552981085,0.38747856,0.799678686,0.649557799
7.2,49.4361834,-0.563816595,0.504063299,0.940297788,0.74963723,2,0.260763292,0.243300007,0.552888557,0.387409231,0.799677662,0.649556364
7.22,49.4362857,-0.563714279,0.504230829,0.940137783,0.749636069,2,0.260982197,0.243248632,0.552797082,0.387340701,0.799676639,0.64955493
7.24,49.4363869,-0.563613148,0.504396614,0.939979605,0.749634908,2,0.261199269,0.243197345,0.552706647,0.387272959,0.799675615,0.649553495
7.26,49.4364868,-0.563513185,0.504560676,0.93982323,0.749633748,2,0.261414522,0.243146155,0.552617237,0.387205993,0.799674592,0.649552061
7.28,49.4365856,-0.563414374,0.504723041,0.939668634,0.749632588,2,0.261627973,0.243095068,0.552528839,0.387139795,0.799673568,0.649550627
7.3,49.4366833,-0.563316701,0.50488373,0.939515793,0.749631428,2,0.261839639,0.243044091,0.552441439,0.387074353,0.799672545,0.649549194
7.32,49.4367799,-0.563220149,0.505042768,0.939364682,0.749630268,2,0.262049536,0.242993231,0.552355024,0.387009658,0.799671523,0.64954776
7.34,49.4368753,-0.563124704,0.505200175,0.93921528,0.749629109,2,0.26225768,0.242942495,0.552269581,0.386945699,0.7996705,0.649546327
7.36,49.4369696,-0.563030351,0.505355975,0.939067562,0.74962795,2,0.262464086,0.242891889,0.552185096,0.386882466,0.799669477,0.649544894
7.38,49.4370629,-0.562937075,0.505510188,0.938921507,0.74962679,2,0.26266877,0.242841418,0.552101556,0.38681995,0.799668455,0.649543462
7.4,49.4371551,-0.562844863,0.505662837,0.938777092,0.749625631,2,0.262871748,0.242791089,0.55201895,0.386758142,0.799667433,0.649542029
7.42,49.4372463,-0.562753699,0.505813941,0.938634295,0.749624473,2,0.263073034,0.242740908,0.551937264,0.386697031,0.799666411,0.649540597
7.44,49.4373364,-0.56266357,0.505963522,0.938493094,0.749623314,2,0.263272644,0.242690879,0.551856486,0.386636608,0.799665389,0.649539165
7.46,49.4374255,-0.562574462,0.5061116,0.938353469,0.749622156,2,0.263470593,0.242641008,0.551776604,0.386576865,0.799664367,0.649537733
7.48,49.4375136,-0.562486361,0.506258194,0.938215397,0.749620997,2,0.263666895,0.242591299,0.551697606,0.386517791,0.799663345,0.649536302
7.5,49.4376007,-0.562399254,0.506403324,0.938078859,0.749619839,2,0.263861566,0.242541759,0.55161948,0.386459379,0.799662324,0.64953487
7.52,49.4376869,-0.562313128,0.506547009,0.937943834,0.749618681,2,0.264054619,0.24249239,0.551542215,0.386401619,0.799661302,0.649533439
7.54,49.437772,-0.562227969,0.506689269,0.937810301,0.749617523,2,0.26424607,0.242443199,0.551465799,0.386344502,0.799660281,0.649532008
7.56,49.4378562,-0.562143765,0.506830121,0.937678241,0.749616366,2,0.264435932,0.242394189,0.551390221,0.38628802,0.79965926,0.649530578
7.58,49.4379395,-0.562060503,0.506969583,0.937547633,0.749615208,2,0.264624219,0.242345364,0.551315469,0.386232165,0.799658239,0.649529147
7.6,49.4380218,-0.56197817,0.507107675,0.93741846,0.749614051,2,0.264810947,0.242296728,0.551241533,0.386176927,0.799657218,0.649527717
7.62,49.4381032,-0.561896754,0.507244413,0.937290701,0.749612894,2,0.264996127,0.242248286,0.551168402,0.3861223,0.799656197,0.649526287
7.64,49.4381838,-0.561816243,0.507379814,0.937164339,0.749611737,2,0.265179774,0.24220004,0.551096065,0.386068274,0.799655177,0.649524857
7.66,49.4382634,-0.561736624,0.507513896,0.937039353,0.74961058,2,0.265361902,0.242151994,0.551024511,0.386014842,0.799654156,0.649523427
7.68,49.4383421,-0.561657886,0.507646676,0.936915727,0.749609423,2,0.265542523,0.242104153,0.550953731,0.385961996,0.799653136,0.649521998
7.7,49.43842,-0.561580017,0.50777817,0.936793442,0.749608267,2,0.265721652,0.242056517,0.550883714,0.385909728,0.799652116,0.649520568
7.72,49.438497,-0.561503006,0.507908394,0.936672481,0.74960711,2,0.265899301,0.242009092,0.55081445,0.385858031,0.799651096,0.649519139
7.74,49.4385732,-0.561426841,0.508037364,0.936552825,0.749605954,2,0.266075484,0.24196188,0.550745929,0.385806896,0.799650076,0.64951771
7.76,49.4386485,-0.561351511,0.508165095,0.936434459,0.749604798,2,0.266250212,0.241914883,0.550678142,0.385756317,0.799649056,0.649516282
7.78,49.438723,-0.561277005,0.508291604,0.936317364,0.749603642,2,0.2664235,0.241868105,0.550611078,0.385706286,0.799648037,0.649514853
7.8,49.4387967,-0.561203312,0.508416906,0.936201524,0.749602486,2,0.266595359,0.241821547,0.550544729,0.385656796,0.799647017,0.649513425
7.82,49.4388696,-0.561130422,0.508541015,0.936086923,0.749601331,2,0.266765802,0.241775213,0.550479084,0.385607839,0.799645998,0.649511997
7.84,49.4389417,-0.561058323,0.508663946,0.935973545,0.749600175,2,0.266934841,0.241729104,0.550414135,0.385559409,0.799644978,0.649510569
7.86,49.439013,-0.560987005,0.508785713,0.935861372,0.74959902,2,0.267102489,0.241683223,0.550349873,0.385511499,0.799643959,0.649509141
7.88,49.4390835,-0.560916459,0.508906331,0.935750391,0.749597865,2,0.267268759,0.241637572,0.550286289,0.385464102,0.79964294,0.649507713
7.9,49.4391533,-0.560846673,0.509025813,0.935640585,0.749596709,2,0.267433661,0.241592153,0.550223373,0.385417211,0.799641921,0.649506286
7.92,49.4392224,-0.560777638,0.509144174,0.935531938,0.749595554,2,0.267597207,0.241546967,0.550161118,0.38537082,0.799640902,0.649504858
7.94,49.4392907,-0.560709344,0.509261427,0.935424437,0.7495944,2,0.267759411,0.241502016,0.550099514,0.385324922,0.799639884,0.649503431
7.96,49.4393582,-0.560641782,0.509377585,0.935318065,0.749593245,2,0.267920282,0.241457303,0.550038554,0.385279511,0.799638865,0.649502004
7.98,49.4394251,-0.560574941,0.509492661,0.935212808,0.74959209,2,0.268079833,0.241412828,0.549978228,0.38523458,0.799637847,0.649500577
8,49.4394912,-0.560508813,0.509606669,0.935108653,0.749590936,2,0.268238076,0.241368593,0.549918529,0.385190123,0.799636828,0.649499151
8.02,49.4395566,-0.560443388,0.50971962,0.935005584,0.749589782,2,0.268395021,0.241324599,0.549859449,0.385146135,0.79963581,0.649497724
8.04,49.4396213,-0.560378657,0.509831528,0.934903588,0.749588627,2,0.26855068,0.241280848,0.54980098,0.385102608,0.799634792,0.649496298
8.06,49.4396854,-0.56031461,0.509942404,0.934802651,0.749587473,2,0.268705064,0.24123734,0.549743114,0.385059537,0.799633774,0.649494872
8.08,49.4397488,-0.56025124,0.510052261,0.934702759,0.749586319,2,0.268858184,0.241194077,0.549685843,0.385016916,0.799632756,0.649493446
8.1,49.4398115,-0.560188537,0.510161111,0.934603899,0.749585165,2,0.26901005,0.24115106,0.54962916,0.384974739,0.799631738,0.64949202
8.12,49.4398735,-0.560126492,0.510268965,0.934506057,0.749584012,2,0.269160675,0.24110829,0.549573057,0.384933001,0.79963072,0.649490594
8.14,49.4399349,-0.560065098,0.510375835,0.934409222,0.749582858,2,0.269310067,0.241065767,0.549517527,0.384891695,0.799629703,0.649489169
8.16,49.4399957,-0.560004345,0.510481732,0.934313379,0.749581705,2,0.269458239,0.241023493,0.549462562,0.384850817,0.799628685,0.649487744
8.18,49.4400558,-0.559944226,0.510586667,0.934218517,0.749580551,2,0.2696052,0.240981467,0.549408156,0.384810361,0.799627668,0.649486318
8.2,49.4401153,-0.559884732,0.510690652,0.934124623,0.749579398,2,0.269750961,0.240939691,0.549354301,0.384770322,0.79962665,0.649484893
8.22,49.4401741,-0.559825856,0.510793697,0.934031685,0.749578245,2,0.269895532,0.240898165,0.549300991,0.384730694,0.799625633,0.649483468
8.24,49.4402324,-0.559767589,0.510895812,0.93393969,0.749577092,2,0.270038923,0.24085689,0.549248218,0.384691471,0.799624616,0.649482044
8.26,49.4402901,-0.559709924,0.51099701,0.933848626,0.749575939,2,0.270181145,0.240815865,0.549195977,0.38465265,0.799623599,0.649480619
8.28,49.4403471,-0.559652852,0.511097298,0.933758483,0.749574786,2,0.270322207,0.240775092,0.549144259,0.384614224,0.799622582,0.649479194
8.3,49.4404036,-0.559596367,0.511196689,0.933669249,0.749573634,2,0.270462119,0.24073457,0.54909306,0.384576189,0.799621565,0.64947777
8.32,49.4404595,-0.559540462,0.511295191,0.933580911,0.749572481,2,0.270600892,0.2406943,0.549042371,0.38453854,0.799620549,0.649476346
8.34,49.4405149,-0.559485127,0.511392816,0.93349346,0.749571329,2,0.270738534,0.240654282,0.548992188,0.384501272,0.799619532,0.649474922
8.36,49.4405696,-0.559430358,0.511489571,0.933406883,0.749570176,2,0.270875056,0.240614515,0.548942504,0.38446438,0.799618515,0.649473498
8.38,49.4406239,-0.559376145,0.511585468,0.933321171,0.749569024,2,0.271010467,0.240575001,0.548893311,0.384427859,0.799617499,0.649472074
8.4,49.4406775,-0.559322483,0.511680515,0.933236312,0.749567872,2,0.271144776,0.240535739,0.548844606,0.384391706,0.799616483,0.64947065
8.42,49.4407306,-0.559269364,0.511774722,0.933152296,0.74956672,2,0.271277994,0.240496728,0.548796381,0.384355915,0.799615466,0.649469227
8.44,49.4407832,-0.559216782,0.511868098,0.933069112,0.749565568,2,0.271410128,0.24045797,0.548748631,0.384320481,0.79961445,0.649467803
8.46,49.4408353,-0.55916473,0.511960652,0.932986751,0.749564416,2,0.271541189,0.240419463,0.548701349,0.384285401,0.799613434,0.64946638
8.48,49.4408868,-0.559113201,0.512052392,0.932905201,0.749563264,2,0.271671185,0.240381207,0.548654531,0.38425067,0.799612418,0.649464957
8.5,49.4409378,-0.559062188,0.512143328,0.932824454,0.749562113,2,0.271800125,0.240343203,0.54860817,0.384216284,0.799611402,0.649463534
8.52,49.4409883,-0.559011686,0.512233468,0.932744499,0.749560961,2,0.271928019,0.240305449,0.548562261,0.384182238,0.799610386,0.649462111
8.54,49.4410383,-0.558961689,0.512322821,0.932665327,0.74955981,2,0.272054875,0.240267946,0.548516799,0.384148528,0.79960937,0.649460688
8.56,49.4410878,-0.558912188,0.512411395,0.932586929,0.749558658,2,0.272180702,0.240230693,0.548471778,0.384115151,0.799608355,0.649459266
8.58,49.4411368,-0.55886318,0.512499198,0.932509294,0.749557507,2,0.272305509,0.24019369,0.548427192,0.384082102,0.799607339,0.649457843
8.6,49.4411853,-0.558814657,0.512586239,0.932432414,0.749556356,2,0.272429304,0.240156935,0.548383038,0.384049376,0.799606324,0.649456421
8.62,49.4412334,-0.558766614,0.512672525,0.93235628,0.749555205,2,0.272552096,0.24012043,0.548339308,0.384016971,0.799605308,0.649454998
8.64,49.441281,-0.558719044,0.512758064,0.932280882,0.749554054,2,0.272673892,0.240084172,0.548296,0.383984882,0.799604293,0.649453576
8.66,49.4413281,-0.558671943,0.512842865,0.932206212,0.749552903,2,0.272794703,0.240048162,0.548253106,0.383953106,0.799603277,0.649452154
8.68,49.4413747,-0.558625303,0.512926934,0.932132261,0.749551752,2,0.272914535,0.240012399,0.548210623,0.383921638,0.799602262,0.649450732
8.7,49.4414209,-0.558579121,0.51301028,0.932059021,0.749550602,2,0.273033398,0.239976882,0.548168545,0.383890476,0.799601247,0.64944931
8.72,49.4414666,-0.558533389,0.513092909,0.931986483,0.749549451,2,0.273151299,0.239941611,0.548126869,0.383859614,0.799600232,0.649447889
8.74,49.4415119,-0.558488104,0.51317483,0.931914639,0.7495483,2,0.273268246,0.239906584,0.548085588,0.383829051,0.799599217,0.649446467
8.76,49.4415567,-0.558443258,0.513256049,0.93184348,0.74954715,2,0.273384247,0.239871802,0.548044699,0.383798781,0.799598202,0.649445046
8.78,49.4416012,-0.558398848,0.513336574,0.931772999,0.749546,2,0.273499311,0.239837263,0.548004197,0.383768802,0.799597187,0.649443624
8.8,49.4416451,-0.558354867,0.513416411,0.931703188,0.749544849,2,0.273613445,0.239802967,0.547964077,0.383739111,0.799596173,0.649442203
8.82,49.4416887,-0.558311311,0.513495568,0.931634039,0.749543699,2,0.273726656,0.239768912,0.547924335,0.383709703,0.799595158,0.649440782
8.84,49.4417318,-0.558268175,0.513574052,0.931565543,0.749542549,2,0.273838953,0.239735098,0.547884967,0.383680576,0.799594143,0.649439361
8.86,49.4417745,-0.558225453,0.513651868,0.931497694,0.749541399,2,0.273950344,0.239701525,0.547845968,0.383651726,0.799593129,0.64943794
8.88,49.4418169,-0.558183141,0.513729025,0.931430484,0.749540249,2,0.274060835,0.23966819,0.547807334,0.38362315,0.799592114,0.649436519
8.9,49.4418588,-0.558141234,0.513805528,0.931363905,0.749539099,2,0.274170434,0.239635094,0.547769061,0.383594844,0.7995911,0.649435098
8.92,49.4419003,-0.558099727,0.513881384,0.93129795,0.74953795,2,0.274279149,0.239602235,0.547731144,0.383566806,0.799590086,0.649433678
8.94,49.4419414,-0.558058615,0.513956599,0.931232613,0.7495368,2,0.274386987,0.239569612,0.54769358,0.383539033,0.799589071,0.649432257
8.96,49.4419821,-0.558017894,0.51403118,0.931167886,0.74953565,2,0.274493955,0.239537225,0.547656365,0.383511521,0.799588057,0.649430837
8.98,49.4420224,-0.557977559,0.514105133,0.931103761,0.749534501,2,0.274600061,0.239505072,0.547619494,0.383484267,0.799587043,0.649429417
9,49.4420624,-0.557937606,0.514178464,0.931040233,0.749533351,2,0.274705312,0.239473153,0.547582964,0.383457269,0.799586029,0.649427996
9.02,49.442102,-0.55789803,0.51425118,0.930977294,0.749532202,2,0.274809714,0.239441466,0.547546771,0.383430523,0.799585015,0.649426576
9.04,49.4421412,-0.557858827,0.514323285,0.930914937,0.749531053,2,0.274913276,0.23941001,0.547510911,0.383404027,0.799584001,0.649425156
9.06,49.44218,-0.557819992,0.514394787,0.930853157,0.749529904,2,0.275016003,0.239378784,0.54747538,0.383377777,0.799582987,0.649423736
9.08,49.4422185,-0.557781522,0.51446569,0.930791946,0.749528755,2,0.275117903,0.239347788,0.547440175,0.383351772,0.799581974,0.649422316
9.1,49.4422566,-0.557743412,0.514536001,0.930731299,0.749527605,2,0.275218982,0.239317019,0.547405292,0.383326007,0.79958096,0.649420897
9.12,49.4422943,-0.557705657,0.514605726,0.930671208,0.749526456,2,0.275319248,0.239286478,0.547370727,0.383300481,0.799579946,0.649419477
9.14,49.4423317,-0.557668255,0.51467487,0.930611668,0.749525308,2,0.275418707,0.239256162,0.547336477,0.383275191,0.799578933,0.649418058
9.16,49.4423688,-0.5576312,0.514743438,0.930552672,0.749524159,2,0.275517366,0.239226071,0.547302539,0.383250133,0.799577919,0.649416638
9.18,49.4424055,-0.55759449,0.514811436,0.930494215,0.74952301,2,0.275615232,0.239196204,0.547268909,0.383225306,0.799576906,0.649415219
9.2,49.4424419,-0.557558119,0.514878869,0.930436291,0.749521861,2,0.27571231,0.23916656,0.547235583,0.383200707,0.799575892,0.649413799
9.22,49.4424779,-0.557522085,0.514945744,0.930378893,0.749520713,2,0.275808607,0.239137136,0.547202559,0.383176333,0.799574879,0.64941238
9.24,49.4425136,-0.557486383,0.515012064,0.930322015,0.749519564,2,0.275904131,0.239107933,0.547169833,0.383152182,0.799573866,0.649410961
9.26,49.442549,-0.557451009,0.515077835,0.930265653,0.749518416,2,0.275998887,0.239078948,0.547137401,0.383128252,0.799572852,0.649409542
9.28,49.442584,-0.557415961,0.515143063,0.930209801,0.749517267,2,0.276092881,0.239050182,0.547105262,0.383104539,0.799571839,0.649408123
9.3,49.4426188,-0.557381234,0.515207753,0.930154452,0.749516119,2,0.276186121,0.239021632,0.54707341,0.383081042,0.799570826,0.649406705
9.32,49.4426532,-0.557346825,0.515271908,0.930099602,0.749514971,2,0.276278611,0.238993297,0.547041844,0.383057758,0.799569813,0.649405286
9.34,49.4426873,-0.557312729,0.515335536,0.930045244,0.749513822,2,0.276370359,0.238965177,0.54701056,0.383034684,0.7995688,0.649403867
9.36,49.4427211,-0.557278945,0.515398639,0.929991375,0.749512674,2,0.27646137,0.238937269,0.546979555,0.383011819,0.799567787,0.649402449
9.38,49.4427545,-0.557245468,0.515461224,0.929937988,0.749511526,2,0.27655165,0.238909574,0.546948827,0.382989161,0.799566774,0.64940103
9.4,49.4427877,-0.557212295,0.515523294,0.929885078,0.749510378,2,0.276641206,0.238882088,0.546918372,0.382966706,0.799565761,0.649399612
9.42,49.4428206,-0.557179423,0.515584855,0.92983264,0.74950923,2,0.276730043,0.238854813,0.546888187,0.382944453,0.799564749,0.649398193
9.44,49.4428532,-0.557146848,0.515645912,0.92978067,0.749508082,2,0.276818167,0.238827745,0.54685827,0.3829224,0.799563736,0.649396775
9.46,49.4428854,-0.557114567,0.515706468,0.929729161,0.749506935,2,0.276905584,0.238800884,0.546828617,0.382900544,0.799562723,0.649395357
9.48,49.4429174,-0.557082577,0.515766529,0.92967811,0.749505787,2,0.276992301,0.238774228,0.546799227,0.382878883,0.799561711,0.649393939
9.5,49.4429491,-0.557050874,0.515826098,0.929627511,0.749504639,2,0.277078321,0.238747777,0.546770095,0.382857416,0.799560698,0.649392521
9.52,49.4429805,-0.557019457,0.515885181,0.92957736,0.749503492,2,0.277163652,0.238721529,0.54674122,0.38283614,0.799559686,0.649391103
9.54,49.4430117,-0.556988321,0.515943782,0.929527652,0.749502344,2,0.277248299,0.238695483,0.546712599,0.382815053,0.799558673,0.649389685
9.56,49.4430425,-0.556957463,0.516001905,0.929478382,0.749501196,2,0.277332268,0.238669637,0.546684229,0.382794153,0.799557661,0.649388267
9.58,49.4430731,-0.556926881,0.516059554,0.929429546,0.749500049,2,0.277415563,0.238643991,0.546656108,0.382773438,0.799556649,0.64938685
9.6,49.4431034,-0.556896572,0.516116734,0.929381139,0.749498902,2,0.277498192,0.238618542,0.546628232,0.382752907,0.799555636,0.649385432
9.62,49.4431335,-0.556866532,0.516173449,0.929333156,0.749497754,2,0.277580158,0.238593291,0.5466006,0.382732556,0.799554624,0.649384015
9.64,49.4431632,-0.556836759,0.516229703,0.929285594,0.749496607,2,0.277661467,0.238568235,0.546573209,0.382712385,0.799553612,0.649382597
9.66,49.4431927,-0.55680725,0.516285499,0.929238448,0.74949546,2,0.277742126,0.238543374,0.546546056,0.382692392,0.7995526,0.64938118
9.68,49.443222,-0.556778003,0.516340843,0.929191714,0.749494313,2,0.277822138,0.238518705,0.54651914,0.382672574,0.799551588,0.649379762
9.7,49.443251,-0.556749013,0.516395738,0.929145387,0.749493166,2,0.27790151,0.238494228,0.546492457,0.38265293,0.799550576,0.649378345
9.72,49.4432797,-0.55672028,0.516450188,0.929099463,0.749492019,2,0.277980246,0.238469942,0.546466005,0.382633458,0.799549564,0.649376928
9.74,49.4433082,-0.5566918,0.516504197,0.929053939,0.749490872,2,0.278058352,0.238445845,0.546439782,0.382614157,0.799548552,0.649375511
9.76,49.4433364,-0.55666357,0.516557769,0.92900881,0.749489725,2,0.278135833,0.238421936,0.546413786,0.382595024,0.79954754,0.649374094
9.78,49.4433644,-0.556635588,0.516610908,0.928964071,0.749488578,2,0.278212694,0.238398214,0.546388014,0.382576057,0.799546528,0.649372677
9.8,49.4433921,-0.556607852,0.516663617,0.92891972,0.749487431,2,0.27828894,0.238374678,0.546362464,0.382557256,0.799545516,0.64937126
9.82,49.4434196,-0.556580358,0.516715901,0.928875753,0.749486284,2,0.278364576,0.238351325,0.546337134,0.382538618,0.799544505,0.649369843
9.84,49.4434469,-0.556553104,0.516767762,0.928832164,0.749485137,2,0.278439607,0.238328156,0.546312022,0.382520142,0.799543493,0.649368427
9.86,49.4434739,-0.556526089,0.516819205,0.928788951,0.749483991,2,0.278514037,0.238305168,0.546287125,0.382501826,0.799542481,0.64936701
9.88,49.4435007,-0.556499308,0.516870234,0.92874611,0.749482844,2,0.278587873,0.238282361,0.546262442,0.382483668,0.79954147,0.649365593
9.9,49.4435272,-0.556472761,0.516920851,0.928703637,0.749481698,2,0.278661118,0.238259733,0.54623797,0.382465668,0.799540458,0.649364177
9.92,49.4435536,-0.556446444,0.51697106,0.928661529,0.749480551,2,0.278733777,0.238237283,0.546213707,0.382447822,0.799539447,0.64936276
9.94,49.4435796,-0.556420355,0.517020866,0.928619781,0.749479405,2,0.278805855,0.23821501,0.546189651,0.38243013,0.799538435,0.649361344
9.96,49.4436055,-0.556394493,0.51707027,0.928578391,0.749478258,2,0.278877358,0.238192913,0.5461658,0.382412591,0.799537424,0.649359928
9.98,49.4436311,-0.556368854,0.517119278,0.928537354,0.749477112,2,0.278948288,0.238170989,0.546142152,0.382395202,0.799536412,0.649358511
10,49.4436566,-0.556343436,0.517167892,0.928496668,0.749475966,2,0.279018652,0.238149239,0.546118705,0.382377962,0.799535401,0.649357095
10.02,49.4436818,-0.556318237,0.517216115,0.928456328,0.749474819,2,0.279088454,0.238127661,0.546095458,0.38236087,0.79953439,0.649355679
10.04,49.4437067,-0.556293256,0.517263951,0.928416332,0.749473673,2,0.279157698,0.238106254,0.546072407,0.382343925,0.799533379,0.649354263
10.06,49.4437315,-0.556268489,0.517311404,0.928376676,0.749472527,2,0.279226388,0.238085015,0.546049552,0.382327124,0.799532367,0.649352847
10.08,49.4437561,-0.556243935,0.517358476,0.928337357,0.749471381,2,0.27929453,0.238063946,0.546026891,0.382310466,0.799531356,0.649351431
10.1,49.4437804,-0.556219592,0.51740517,0.928298371,0.749470235,2,0.279362128,0.238043043,0.54600442,0.382293951,0.799530345,0.649350015
10.12,49.4438045,-0.556195457,0.517451491,0.928259716,0.749469089,2,0.279429185,0.238022306,0.54598214,0.382277576,0.799529334,0.649348599
10.14,49.4438285,-0.556171528,0.51749744,0.928221387,0.749467943,2,0.279495707,0.238001733,0.545960047,0.38226134,0.799528323,0.649347183
10.16,49.4438522,-0.556147804,0.517543022,0.928183383,0.749466797,2,0.279561698,0.237981324,0.545938141,0.382245242,0.799527312,0.649345768
10.18,49.4438757,-0.556124282,0.517588239,0.928145699,0.749465651,2,0.279627162,0.237961077,0.545916419,0.382229281,0.799526301,0.649344352
10.2,49.443899,-0.556100961,0.517633095,0.928108333,0.749464505,2,0.279692104,0.237940991,0.545894879,0.382213454,0.79952529,0.649342936
10.22,49.4439222,-0.556077838,0.517677592,0.928071282,0.74946336,2,0.279756526,0.237921065,0.54587352,0.382197762,0.799524279,0.649341521
10.24,49.4439451,-0.556054911,0.517721733,0.928034543,0.749462214,2,0.279820435,0.237901298,0.54585234,0.382182202,0.799523268,0.649340105
10.26,49.4439678,-0.55603218,0.517765522,0.927998112,0.749461068,2,0.279883833,0.237881688,0.545831338,0.382166774,0.799522258,0.64933869
10.28,49.4439904,-0.556009641,0.517808961,0.927961987,0.749459923,2,0.279946726,0.237862235,0.545810512,0.382151476,0.799521247,0.649337274
10.3,49.4440127,-0.555987292,0.517852053,0.927926166,0.749458777,2,0.280009116,0.237842936,0.545789859,0.382136306,0.799520236,0.649335859
10.32,49.4440349,-0.555965133,0.517894801,0.927890644,0.749457632,2,0.280071009,0.237823792,0.545769379,0.382121265,0.799519225,0.649334444
10.34,49.4440568,-0.555943161,0.517937209,0.927855419,0.749456486,2,0.280132408,0.237804801,0.54574907,0.382106349,0.799518215,0.649333029
10.36,49.4440786,-0.555921374,0.517979278,0.927820489,0.749455341,2,0.280193317,0.237785961,0.54572893,0.382091559,0.799517204,0.649331614
10.38,49.4441002,-0.555899772,0.518021012,0.927785851,0.749454195,2,0.28025374,0.237767272,0.545708958,0.382076893,0.799516194,0.649330198
10.4,49.4441216,-0.55587835,0.518062413,0.927751502,0.74945305,2,0.28031368,0.237748733,0.545689152,0.382062349,0.799515183,0.649328783
10.42,49.4441429,-0.55585711,0.518103485,0.927717439,0.749451904,2,0.280373143,0.237730341,0.545669511,0.382047928,0.799514173,0.649327368
10.44,49.444164,-0.555836047,0.518144229,0.927683659,0.749450759,2,0.280432132,0.237712097,0.545650033,0.382033627,0.799513162,0.649325953
10.46,49.4441848,-0.555815161,0.518184649,0.927650161,0.749449614,2,0.28049065,0.237693999,0.545630716,0.382019445,0.799512152,0.649324539
10.48,49.4442055,-0.555794451,0.518224747,0.927616941,0.749448469,2,0.280548701,0.237676046,0.54561156,0.382005382,0.799511141,0.649323124
10.5,49.4442261,-0.555773914,0.518264527,0.927583997,0.749447324,2,0.280606289,0.237658237,0.545592562,0.381991436,0.799510131,0.649321709
10.52,49.4442465,-0.555753548,0.518303989,0.927551327,0.749446178,2,0.280663418,0.237640571,0.545573721,0.381977606,0.799509121,0.649320294
10.54,49.4442666,-0.555733353,0.518343138,0.927518927,0.749445033,2,0.280720092,0.237623046,0.545555036,0.381963891,0.79950811,0.64931888
10.56,49.4442867,-0.555713326,0.518381976,0.927486795,0.749443888,2,0.280776314,0.237605663,0.545536505,0.38195029,0.7995071,0.649317465
10.58,49.4443065,-0.555693467,0.518420505,0.927454929,0.749442743,2,0.280832087,0.237588418,0.545518128,0.381936802,0.79950609,0.64931605
10.6,49.4443262,-0.555673773,0.518458728,0.927423327,0.749441598,2,0.280887416,0.237571312,0.545499901,0.381923426,0.79950508,0.649314636
10.62,49.4443458,-0.555654243,0.518496647,0.927391986,0.749440453,2,0.280942304,0.237554344,0.545481826,0.38191016,0.799504069,0.649313221
10.64,49.4443651,-0.555634875,0.518534265,0.927360903,0.749439309,2,0.280996754,0.237537511,0.545463898,0.381897005,0.799503059,0.649311807
10.66,49.4443843,-0.555615669,0.518571584,0.927330077,0.749438164,2,0.28105077,0.237520814,0.545446119,0.381883958,0.799502049,0.649310392
10.68,49.4444034,-0.555596621,0.518608607,0.927299505,0.749437019,2,0.281104356,0.237504252,0.545428485,0.381871019,0.799501039,0.649308978
10.7,49.4444223,-0.555577732,0.518645336,0.927269184,0.749435874,2,0.281157514,0.237487822,0.545410997,0.381858188,0.799500029,0.649307564
10.72,49.444441,-0.555558999,0.518681774,0.927239113,0.749434729,2,0.281210249,0.237471525,0.545393651,0.381845462,0.799499019,0.64930615
10.74,49.4444596,-0.555540422,0.518717922,0.927209289,0.749433585,2,0.281262564,0.237455358,0.545376449,0.381832841,0.799498009,0.649304735
10.76,49.444478,-0.555521998,0.518753784,0.92717971,0.74943244,2,0.281314462,0.237439322,0.545359387,0.381820324,0.799496999,0.649303321
10.78,49.4444963,-0.555503726,0.518789361,0.927150374,0.749431295,2,0.281365946,0.237423415,0.545342465,0.38180791,0.799495989,0.649301907
10.8,49.4445144,-0.555485605,0.518824656,0.927121279,0.749430151,2,0.28141702,0.237407636,0.545325681,0.381795598,0.79949498,0.649300493
10.82,49.4445324,-0.555467634,0.518859671,0.927092422,0.749429006,2,0.281467687,0.237391984,0.545309035,0.381783387,0.79949397,0.649299079
10.84,49.4445502,-0.555449811,0.518894409,0.927063801,0.749427862,2,0.28151795,0.237376459,0.545292524,0.381771277,0.79949296,0.649297665
10.86,49.4445679,-0.555432135,0.518928871,0.927035415,0.749426717,2,0.281567813,0.237361058,0.545276149,0.381759266,0.79949195,0.649296251
10.88,49.4445854,-0.555414604,0.51896306,0.927007261,0.749425573,2,0.281617279,0.237345781,0.545259907,0.381747353,0.79949094,0.649294837
10.9,49.4446028,-0.555397218,0.518996978,0.926979337,0.749424428,2,0.281666351,0.237330628,0.545243798,0.381735539,0.799489931,0.649293423
10.92,49.44462,-0.555379974,0.519030628,0.926951641,0.749423284,2,0.281715031,0.237315596,0.54522782,0.381723821,0.799488921,0.64929201
10.94,49.4446371,-0.555362872,0.519064011,0.926924171,0.74942214,2,0.281763324,0.237300686,0.545211972,0.381712199,0.799487911,0.649290596
10.96,49.4446541,-0.55534591,0.519097129,0.926896925,0.749420995,2,0.281811233,0.237285896,0.545196254,0.381700672,0.799486902,0.649289182
10.98,49.4446709,-0.555329088,0.519129985,0.926869902,0.749419851,2,0.28185876,0.237271226,0.545180663,0.381689239,0.799485892,0.649287769
11,49.4446876,-0.555312403,0.519162581,0.926843098,0.749418707,2,0.281905908,0.237256673,0.545165199,0.381677899,0.799484883,0.649286355
11.02,49.4447041,-0.555295855,0.519194919,0.926816513,0.749417562,2,0.281952681,0.237242239,0.545149861,0.381666652,0.799483873,0.649284941
11.04,49.4447206,-0.555279443,0.519227001,0.926790144,0.749416418,2,0.281999081,0.23722792,0.545134647,0.381655497,0.799482864,0.649283528
11.06,49.4447368,-0.555263165,0.519258829,0.92676399,0.749415274,2,0.282045112,0.237213717,0.545119557,0.381644433,0.799481854,0.649282114
11.08,49.444753,-0.555247019,0.519290405,0.926738048,0.74941413,2,0.282090776,0.237199629,0.545104589,0.381633459,0.799480845,0.649280701
11.1,49.444769,-0.555231006,0.519321731,0.926712318,0.749412986,2,0.282136076,0.237185655,0.545089743,0.381622575,0.799479835,0.649279287
11.12,49.4447849,-0.555215123,0.519352809,0.926686796,0.749411842,2,0.282181016,0.237171793,0.545075017,0.381611778,0.799478826,0.649277874
11.14,49.4448006,-0.55519937,0.519383641,0.926661481,0.749410698,2,0.282225598,0.237158043,0.54506041,0.38160107,0.799477816,0.649276461
11.16,49.4448163,-0.555183746,0.51941423,0.926636371,0.749409554,2,0.282269825,0.237144404,0.545045922,0.381590449,0.799476807,0.649275047
11.18,49.4448318,-0.555168248,0.519444576,0.926611465,0.74940841,2,0.2823137,0.237130876,0.545031551,0.381579914,0.799475798,0.649273634
11.2,49.4448471,-0.555152877,0.519474682,0.926586761,0.749407266,2,0.282357226,0.237117456,0.545017296,0.381569465,0.799474788,0.649272221
11.22,49.4448624,-0.555137631,0.51950455,0.926562257,0.749406122,2,0.282400405,0.237104145,0.545003157,0.3815591,0.799473779,0.649270808
11.24,49.4448775,-0.555122509,0.519534182,0.926537951,0.749404978,2,0.28244324,0.237090942,0.544989131,0.38154882,0.79947277,0.649269395
11.26,49.4448925,-0.55510751,0.519563579,0.926513842,0.749403834,2,0.282485734,0.237077845,0.544975219,0.381538623,0.799471761,0.649267982
11.28,49.4449074,-0.555092633,0.519592744,0.926489928,0.749402691,2,0.28252789,0.237064854,0.54496142,0.381528508,0.799470752,0.649266568
11.3,49.4449221,-0.555077876,0.519621678,0.926466207,0.749401547,2,0.282569711,0.237051968,0.544947732,0.381518475,0.799469742,0.649265155
11.32,49.4449368,-0.55506324,0.519650384,0.926442678,0.749400403,2,0.282611198,0.237039186,0.544934154,0.381508524,0.799468733,0.649263742
11.34,49.4449513,-0.555048722,0.519678862,0.926419339,0.749399259,2,0.282652355,0.237026507,0.544920685,0.381498653,0.799467724,0.649262329
11.36,49.4449657,-0.555034321,0.519707116,0.926396188,0.749398116,2,0.282693185,0.23701393,0.544907326,0.381488862,0.799466715,0.649260917
11.38,49.44498,-0.555020038,0.519735145,0.926373224,0.749396972,2,0.28273369,0.237001456,0.544894074,0.38147915,0.799465706,0.649259504
11.4,49.4449941,-0.55500587,0.519762954,0.926350445,0.749395828,2,0.282773872,0.236989082,0.544880928,0.381469517,0.799464697,0.649258091
11.42,49.4450082,-0.554991816,0.519790542,0.92632785,0.749394685,2,0.282813734,0.236976808,0.544867889,0.381459961,0.799463688,0.649256678
11.44,49.4450221,-0.554977877,0.519817912,0.926305437,0.749393541,2,0.282853279,0.236964633,0.544854954,0.381450482,0.799462679,0.649255265
11.46,49.445036,-0.55496405,0.519845066,0.926283204,0.749392397,2,0.28289251,0.236952556,0.544842124,0.38144108,0.79946167,0.649253852
11.48,49.4450497,-0.554950335,0.519872005,0.926261151,0.749391254,2,0.282931428,0.236940577,0.544829396,0.381431754,0.799460661,0.64925244
11.5,49.4450633,-0.554936731,0.519898732,0.926239275,0.74939011,2,0.282970036,0.236928695,0.544816771,0.381422503,0.799459652,0.649251027
11.52,49.4450768,-0.554923236,0.519925247,0.926217575,0.749388967,2,0.283008337,0.236916909,0.544804248,0.381413327,0.799458643,0.649249614
11.54,49.4450901,-0.554909851,0.519951552,0.926196049,0.749387824,2,0.283046334,0.236905218,0.544791825,0.381404224,0.799457634,0.649248202
11.56,49.4451034,-0.554896573,0.519977649,0.926174697,0.74938668,2,0.283084027,0.236893622,0.544779502,0.381395195,0.799456625,0.649246789
11.58,49.4451166,-0.554883403,0.520003541,0.926153516,0.749385537,2,0.283121421,0.236882119,0.544767278,0.381386238,0.799455617,0.649245377
11.6,49.4451297,-0.554870339,0.520029227,0.926132505,0.749384393,2,0.283158518,0.236870709,0.544755152,0.381377354,0.799454608,0.649243964
11.62,49.4451426,-0.55485738,0.520054711,0.926111663,0.74938325,2,0.283195319,0.236859392,0.544743123,0.381368541,0.799453599,0.649242552
11.64,49.4451555,-0.554844525,0.520079993,0.926090989,0.749382107,2,0.283231827,0.236848166,0.54473119,0.381359798,0.79945259,0.649241139
11.66,49.4451682,-0.554831774,0.520105075,0.92607048,0.749380963,2,0.283268045,0.23683703,0.544719354,0.381351126,0.799451582,0.649239727
11.68,49.4451809,-0.554819126,0.520129959,0.926050136,0.74937982,2,0.283303974,0.236825985,0.544707612,0.381342524,0.799450573,0.649238315
11.7,49.4451934,-0.554806579,0.520154646,0.926029955,0.749378677,2,0.283339618,0.236815028,0.544695964,0.381333991,0.799449564,0.649236902
11.72,49.4452059,-0.554794134,0.520179139,0.926009936,0.749377534,2,0.283374978,0.236804161,0.54468441,0.381325526,0.799448555,0.64923549
11.74,49.4452182,-0.554781788,0.520203437,0.925990078,0.74937639,2,0.283410057,0.236793381,0.544672948,0.38131713,0.799447547,0.649234078
11.76,49.4452305,-0.554769542,0.520227544,0.925970378,0.749375247,2,0.283444856,0.236782688,0.544661578,0.3813088,0.799446538,0.649232665
11.78,49.4452426,-0.554757394,0.52025146,0.925950837,0.749374104,2,0.283479379,0.236772081,0.544650299,0.381300538,0.79944553,0.649231253
11.8,49.4452547,-0.554745343,0.520275187,0.925931452,0.749372961,2,0.283513627,0.23676156,0.54463911,0.381292342,0.799444521,0.649229841
11.82,49.4452666,-0.55473339,0.520298726,0.925912222,0.749371818,2,0.283547602,0.236751124,0.544628011,0.381284211,0.799443512,0.649228429
11.84,49.4452785,-0.554721532,0.52032208,0.925893146,0.749370675,2,0.283581307,0.236740773,0.544617001,0.381276146,0.799442504,0.649227017
11.86,49.4452902,-0.554709769,0.520345249,0.925874223,0.749369532,2,0.283614744,0.236730504,0.544606078,0.381268145,0.799441495,0.649225604
11.88,49.4453019,-0.554698101,0.520368234,0.925855451,0.749368389,2,0.283647915,0.236720319,0.544595243,0.381260208,0.799440487,0.649224192
11.9,49.4453135,-0.554686527,0.520391038,0.925836829,0.749367246,2,0.283680822,0.236710216,0.544584494,0.381252335,0.799439478,0.64922278
11.92,49.445325,-0.554675045,0.520413662,0.925818357,0.749366103,2,0.283713467,0.236700195,0.544573832,0.381244525,0.79943847,0.649221368
11.94,49.4453363,-0.554663655,0.520436107,0.925800032,0.74936496,2,0.283745852,0.236690255,0.544563254,0.381236777,0.799437461,0.649219956
11.96,49.4453476,-0.554652356,0.520458375,0.925781853,0.749363817,2,0.28377798,0.236680395,0.544552761,0.381229092,0.799436453,0.649218544
11.98,49.4453589,-0.554641148,0.520480466,0.92576382,0.749362674,2,0.283809852,0.236670614,0.544542352,0.381221467,0.799435445,0.649217132
12,49.44537,-0.55463003,0.520502383,0.92574593,0.749361531,2,0.283841471,0.236660912,0.544532026,0.381213904,0.799434436,0.649215721
12.02,49.445381,-0.554619001,0.520524127,0.925728184,0.749360388,2,0.283872838,0.236651289,0.544521783,0.381206402,0.799433428,0.649214309
12.04,49.4453919,-0.55460806,0.520545699,0.92571058,0.749359245,2,0.283903955,0.236641743,0.544511621,0.381198959,0.799432419,0.649212897
12.06,49.4454028,-0.554597206,0.5205671,0.925693116,0.749358102,2,0.283934825,0.236632275,0.54450154,0.381191576,0.799431411,0.649211485
12.08,49.4454136,-0.55458644,0.520588332,0.925675791,0.74935696,2,0.283965449,0.236622883,0.54449154,0.381184251,0.799430403,0.649210073
12.1,49.4454242,-0.554575759,0.520609396,0.925658605,0.749355817,2,0.28399583,0.236613566,0.544481619,0.381176986,0.799429395,0.649208661
12.12,49.4454348,-0.554565164,0.520630294,0.925641555,0.749354674,2,0.284025969,0.236604325,0.544471777,0.381169778,0.799428386,0.64920725
12.14,49.4454453,-0.554554654,0.520651026,0.925624642,0.749353531,2,0.284055868,0.236595158,0.544462014,0.381162628,0.799427378,0.649205838
12.16,49.4454558,-0.554544227,0.520671595,0.925607864,0.749352389,2,0.284085529,0.236586066,0.544452329,0.381155535,0.79942637,0.649204426
12.18,49.4454661,-0.554533884,0.520692001,0.925591219,0.749351246,2,0.284114955,0.236577046,0.544442721,0.381148498,0.799425361,0.649203015
12.2,49.4454764,-0.554523624,0.520712245,0.925574708,0.749350103,2,0.284144146,0.2365681,0.54443319,0.381141518,0.799424353,0.649201603
12.22,49.4454866,-0.554513445,0.52073233,0.925558328,0.749348961,2,0.284173105,0.236559225,0.544423734,0.381134593,0.799423345,0.649200191
12.24,49.4454967,-0.554503348,0.520752255,0.925542078,0.749347818,2,0.284201833,0.236550422,0.544414354,0.381127724,0.799422337,0.64919878
12.26,49.4455067,-0.554493331,0.520772024,0.925525958,0.749346675,2,0.284230333,0.23654169,0.544405049,0.381120909,0.799421329,0.649197368
12.28,49.4455166,-0.554483395,0.520791635,0.925509967,0.749345533,2,0.284258607,0.236533029,0.544395818,0.381114149,0.799420321,0.649195957
12.3,49.4455265,-0.554473537,0.520811092,0.925494102,0.74934439,2,0.284286655,0.236524437,0.54438666,0.381107443,0.799419312,0.649194545
12.32,49.4455362,-0.554463759,0.520830395,0.925478365,0.749343248,2,0.28431448,0.236515915,0.544377575,0.38110079,0.799418304,0.649193134
12.34,49.4455459,-0.554454058,0.520849545,0.925462752,0.749342105,2,0.284342084,0.236507461,0.544368562,0.38109419,0.799417296,0.649191722
12.36,49.4455556,-0.554444435,0.520868544,0.925447264,0.749340962,2,0.284369469,0.236499075,0.544359622,0.381087643,0.799416288,0.649190311
12.38,49.4455651,-0.554434888,0.520887392,0.9254319,0.74933982,2,0.284396635,0.236490757,0.544350752,0.381081148,0.79941528,0.649188899
12.4,49.4455746,-0.554425418,0.520906092,0.925416657,0.749338677,2,0.284423585,0.236482506,0.544341953,0.381074704,0.799414272,0.649187488
12.42,49.445584,-0.554416023,0.520924643,0.925401536,0.749337535,2,0.284450321,0.236474322,0.544333224,0.381068312,0.799413264,0.649186077
12.44,49.4455933,-0.554406703,0.520943048,0.925386535,0.749336393,2,0.284476845,0.236466203,0.544324564,0.381061971,0.799412256,0.649184665
12.46,49.4456025,-0.554397457,0.520961307,0.925371654,0.74933525,2,0.284503157,0.23645815,0.544315974,0.38105568,0.799411248,0.649183254
12.48,49.4456117,-0.554388285,0.520979422,0.925356891,0.749334108,2,0.28452926,0.236450162,0.544307451,0.38104944,0.79941024,0.649181843
12.5,49.4456208,-0.554379186,0.520997393,0.925342246,0.749332965,2,0.284555155,0.236442238,0.544298997,0.381043249,0.799409232,0.649180431
12.52,49.4456298,-0.554370159,0.521015223,0.925327717,0.749331823,2,0.284580845,0.236434378,0.54429061,0.381037107,0.799408224,0.64917902
12.54,49.4456388,-0.554361204,0.521032911,0.925313304,0.749330681,2,0.28460633,0.236426581,0.544282289,0.381031015,0.799407216,0.649177609
12.56,49.4456477,-0.554352321,0.521050459,0.925299005,0.749329538,2,0.284631612,0.236418847,0.544274034,0.38102497,0.799406208,0.649176198
12.58,49.4456565,-0.554343508,0.521067868,0.92528482,0.749328396,2,0.284656693,0.236411176,0.544265846,0.381018974,0.7994052,0.649174787
12.6,49.4456652,-0.554334766,0.52108514,0.925270748,0.749327254,2,0.284681574,0.236403566,0.544257722,0.381013026,0.799404193,0.649173375
12.62,49.4456739,-0.554326093,0.521102275,0.925256788,0.749326111,2,0.284706258,0.236396017,0.544249663,0.381007125,0.799403185,0.649171964
12.64,49.4456825,-0.554317489,0.521119274,0.925242938,0.749324969,2,0.284730745,0.236388529,0.544241668,0.381001271,0.799402177,0.649170553
12.66,49.445691,-0.554308954,0.521136139,0.925229199,0.749323827,2,0.284755038,0.236381101,0.544233736,0.380995463,0.799401169,0.649169142
12.68,49.4456995,-0.554300487,0.521152871,0.925215569,0.749322684,2,0.284779137,0.236373733,0.544225868,0.380989702,0.799400161,0.649167731
12.7,49.4457079,-0.554292087,0.521169469,0.925202048,0.749321542,2,0.284803045,0.236366425,0.544218062,0.380983986,0.799399153,0.64916632
12.72,49.4457162,-0.554283753,0.521185937,0.925188634,0.7493204,2,0.284826762,0.236359175,0.544210318,0.380978316,0.799398146,0.649164909
12.74,49.4457245,-0.554275486,0.521202274,0.925175326,0.749319258,2,0.284850291,0.236351984,0.544202635,0.380972691,0.799397138,0.649163498
12.76,49.4457327,-0.554267285,0.521218482,0.925162125,0.749318116,2,0.284873632,0.23634485,0.544195014,0.380967111,0.79939613,0.649162087
12.78,49.4457409,-0.554259149,0.521234562,0.925149028,0.749316974,2,0.284896788,0.236337774,0.544187453,0.380961575,0.799395122,0.649160676
12.8,49.4457489,-0.554251078,0.521250514,0.925136035,0.749315831,2,0.28491976,0.236330755,0.544179952,0.380956083,0.799394115,0.649159265
12.82,49.4457569,-0.554243071,0.52126634,0.925123146,0.749314689,2,0.284942549,0.236323792,0.544172511,0.380950634,0.799393107,0.649157854
12.84,49.4457649,-0.554235128,0.521282041,0.925110358,0.749313547,2,0.284965156,0.236316885,0.544165129,0.380945229,0.799392099,0.649156443
12.86,49.4457728,-0.554227247,0.521297618,0.925097673,0.749312405,2,0.284987584,0.236310034,0.544157806,0.380939867,0.799391091,0.649155032
12.88,49.4457806,-0.55421943,0.521313071,0.925085088,0.749311263,2,0.285009833,0.236303237,0.54415054,0.380934548,0.799390084,0.649153621
12.9,49.4457883,-0.554211674,0.521328401,0.925072604,0.749310121,2,0.285031906,0.236296496,0.544143333,0.380929271,0.799389076,0.649152211
12.92,49.445796,-0.554203981,0.521343611,0.925060218,0.749308979,2,0.285053802,0.236289809,0.544136182,0.380924035,0.799388068,0.6491508
12.94,49.4458037,-0.554196348,0.5213587,0.925047931,0.749307837,2,0.285075525,0.236283175,0.544129089,0.380918842,0.799387061,0.649149389
12.96,49.4458112,-0.554188776,0.521373669,0.925035741,0.749306695,2,0.285097075,0.236276595,0.544122052,0.380913689,0.799386053,0.649147978
12.98,49.4458187,-0.554181264,0.52138852,0.925023648,0.749305553,2,0.285118453,0.236270067,0.54411507,0.380908578,0.799385045,0.649146567
13,49.4458262,-0.554173812,0.521403254,0.925011651,0.749304411,2,0.285139661,0.236263592,0.544108144,0.380903507,0.799384038,0.649145157
13.02,49.4458336,-0.554166419,0.52141787,0.92499975,0.749303269,2,0.285160701,0.236257169,0.544101273,0.380898476,0.79938303,0.649143746
13.04,49.4458409,-0.554159085,0.521432371,0.924987943,0.749302127,2,0.285181573,0.236250798,0.544094457,0.380893486,0.799382023,0.649142335
13.06,49.4458482,-0.554151809,0.521446757,0.92497623,0.749300985,2,0.285202279,0.236244478,0.544087695,0.380888535,0.799381015,0.649140924
13.08,49.4458554,-0.554144591,0.521461029,0.924964609,0.749299843,2,0.285222821,0.236238208,0.544080986,0.380883623,0.799380008,0.649139514
13.1,49.4458626,-0.55413743,0.521475188,0.924953081,0.749298701,2,0.285243199,0.236231989,0.544074331,0.38087875,0.799379,0.649138103
13.12,49.4458697,-0.554130326,0.521489235,0.924941645,0.749297559,2,0.285263415,0.23622582,0.544067728,0.380873916,0.799377992,0.649136692
13.14,49.4458767,-0.554123279,0.52150317,0.924930299,0.749296417,2,0.28528347,0.236219701,0.544061178,0.380869121,0.799376985,0.649135282
13.16,49.4458837,-0.554116287,0.521516996,0.924919043,0.749295275,2,0.285303365,0.23621363,0.54405468,0.380864363,0.799375977,0.649133871
13.18,49.4458906,-0.554109351,0.521530711,0.924907877,0.749294134,2,0.285323103,0.236207609,0.544048234,0.380859644,0.79937497,0.649132461
13.2,49.4458975,-0.554102471,0.521544318,0.9248968,0.749292992,2,0.285342683,0.236201635,0.544041838,0.380854961,0.799373962,0.64913105
13.22,49.4459044,-0.554095644,0.521557817,0.92488581,0.74929185,2,0.285362107,0.23619571,0.544035494,0.380850316,0.799372955,0.64912964
13.24,49.4459111,-0.554088872,0.521571209,0.924874907,0.749290708,2,0.285381377,0.236189832,0.544029199,0.380845708,0.799371948,0.649128229
13.26,49.4459178,-0.554082154,0.521584495,0.924864091,0.749289566,2,0.285400494,0.236184001,0.544022955,0.380841136,0.79937094,0.649126818
13.28,49.4459245,-0.554075489,0.521597676,0.924853361,0.749288424,2,0.285419459,0.236178217,0.54401676,0.380836601,0.799369933,0.649125408
13.3,49.4459311,-0.554068877,0.521610752,0.924842716,0.749287283,2,0.285438272,0.23617248,0.544010615,0.380832102,0.799368925,0.649123997
13.32,49.4459377,-0.554062318,0.521623725,0.924832156,0.749286141,2,0.285456936,0.236166789,0.544004518,0.380827638,0.799367918,0.649122587
13.34,49.4459442,-0.55405581,0.521636595,0.924821679,0.749284999,2,0.285475452,0.236161143,0.54399847,0.38082321,0.79936691,0.649121177
13.36,49.4459506,-0.554049355,0.521649363,0.924811286,0.749283857,2,0.28549382,0.236155542,0.543992469,0.380818817,0.799365903,0.649119766
13.38,49.445957,-0.55404295,0.521662029,0.924800975,0.749282716,2,0.285512042,0.236149987,0.543986516,0.380814458,0.799364896,0.649118356
13.4,49.4459634,-0.554036597,0.521674596,0.924790746,0.749281574,2,0.28553012,0.236144476,0.543980611,0.380810135,0.799363888,0.649116945
13.42,49.4459697,-0.554030293,0.521687062,0.924780598,0.749280432,2,0.285548053,0.236139009,0.543974752,0.380805846,0.799362881,0.649115535
13.44,49.445976,-0.55402404,0.52169943,0.92477053,0.749279291,2,0.285565844,0.236133586,0.54396894,0.38080159,0.799361874,0.649114125
13.46,49.4459822,-0.554017837,0.5217117,0.924760543,0.749278149,2,0.285583493,0.236128207,0.543963174,0.380797369,0.799360866,0.649112714
13.48,49.4459883,-0.554011682,0.521723872,0.924750634,0.749277007,2,0.285601002,0.23612287,0.543957453,0.380793181,0.799359859,0.649111304
13.5,49.4459944,-0.554005577,0.521735948,0.924740805,0.749275866,2,0.285618371,0.236117577,0.543951779,0.380789026,0.799358852,0.649109893
13.52,49.4460005,-0.55399952,0.521747928,0.924731053,0.749274724,2,0.285635603,0.236112326,0.543946149,0.380784904,0.799357844,0.649108483
13.54,49.4460065,-0.553993511,0.521759813,0.924721379,0.749273582,2,0.285652697,0.236107117,0.543940563,0.380780815,0.799356837,0.649107073
13.56,49.4460125,-0.55398755,0.521771604,0.924711781,0.749272441,2,0.285669655,0.236101949,0.543935022,0.380776759,0.79935583,0.649105663
13.58,49.4460184,-0.553981636,0.521783302,0.92470226,0.749271299,2,0.285686478,0.236096823,0.543929526,0.380772734,0.799354822,0.649104252
13.6,49.4460242,-0.553975769,0.521794906,0.924692814,0.749270157,2,0.285703168,0.236091739,0.543924072,0.380768742,0.799353815,0.649102842
13.62,49.4460301,-0.553969949,0.521806419,0.924683443,0.749269016,2,0.285719724,0.236086695,0.543918662,0.380764781,0.799352808,0.649101432
13.64,49.4460358,-0.553964174,0.52181784,0.924674147,0.749267874,2,0.285736149,0.236081691,0.543913295,0.380760852,0.799351801,0.649100022
13.66,49.4460416,-0.553958446,0.521829171,0.924664924,0.749266733,2,0.285752444,0.236076727,0.543907971,0.380756954,0.799350793,0.649098611
13.68,49.4460472,-0.553952763,0.521840412,0.924655775,0.749265591,2,0.285768608,0.236071804,0.543902688,0.380753086,0.799349786,0.649097201
13.7,49.4460529,-0.553947125,0.521851564,0.924646698,0.74926445,2,0.285784645,0.236066919,0.543897448,0.38074925,0.799348779,0.649095791
13.72,49.4460585,-0.553941532,0.521862627,0.924637693,0.749263308,2,0.285800553,0.236062074,0.543892249,0.380745444,0.799347772,0.649094381
13.74,49.446064,-0.553935984,0.521873603,0.924628759,0.749262167,2,0.285816335,0.236057268,0.543887092,0.380741668,0.799346765,0.649092971
13.76,49.4460695,-0.553930479,0.521884491,0.924619897,0.749261025,2,0.285831991,0.2360525,0.543881975,0.380737922,0.799345757,0.649091561
13.78,49.446075,-0.553925018,0.521895293,0.924611105,0.749259884,2,0.285847523,0.23604777,0.543876899,0.380734206,0.79934475,0.64909015
13.8,49.4460804,-0.5539196,0.52190601,0.924602382,0.749258742,2,0.285862931,0.236043078,0.543871863,0.380730519,0.799343743,0.64908874
13.82,49.4460858,-0.553914226,0.521916641,0.924593729,0.749257601,2,0.285878217,0.236038424,0.543866867,0.380726862,0.799342736,0.64908733
13.84,49.4460911,-0.553908894,0.521927188,0.924585144,0.749256459,2,0.285893381,0.236033807,0.543861911,0.380723233,0.799341729,0.64908592
13.86,49.4460964,-0.553903604,0.521937651,0.924576628,0.749255318,2,0.285908425,0.236029227,0.543856994,0.380719633,0.799340722,0.64908451
13.88,49.4461016,-0.553898356,0.521948032,0.924568179,0.749254176,2,0.285923348,0.236024683,0.543852117,0.380716062,0.799339714,0.6490831
13.9,49.4461068,-0.55389315,0.52195833,0.924559797,0.749253035,2,0.285938153,0.236020176,0.543847278,0.38071252,0.799338707,0.64908169
13.92,49.446112,-0.553887986,0.521968546,0.924551482,0.749251893,2,0.28595284,0.236015705,0.543842477,0.380709005,0.7993377,0.64908028
13.94,49.4461171,-0.553882862,0.521978681,0.924543233,0.749250752,2,0.285967411,0.23601127,0.543837714,0.380705518,0.799336693,0.64907887
13.96,49.4461222,-0.553877779,0.521988736,0.924535049,0.749249611,2,0.285981865,0.23600687,0.54383299,0.380702059,0.799335686,0.64907746
13.98,49.4461273,-0.553872736,0.521998711,0.92452693,0.749248469,2,0.285996205,0.236002506,0.543828302,0.380698628,0.799334679,0.64907605
14,49.4461323,-0.553867733,0.522008606,0.924518875,0.749247328,2,0.28601043,0.235998176,0.543823652,0.380695223,0.799333672,0.64907464
14.02,49.4461372,-0.55386277,0.522018423,0.924510885,0.749246186,2,0.286024542,0.235993881,0.543819039,0.380691846,0.799332665,0.64907323
14.04,49.4461422,-0.553857847,0.522028163,0.924502958,0.749245045,2,0.286038542,0.235989621,0.543814462,0.380688495,0.799331658,0.64907182
14.06,49.446147,-0.553852962,0.522037825,0.924495093,0.749243904,2,0.28605243,0.235985394,0.543809922,0.380685171,0.799330651,0.64907041
14.08,49.4461519,-0.553848116,0.52204741,0.924487292,0.749242762,2,0.286066208,0.235981202,0.543805418,0.380681874,0.799329644,0.649069
14.1,49.4461567,-0.553843309,0.522056919,0.924479552,0.749241621,2,0.286079877,0.235977042,0.543800949,0.380678602,0.799328637,0.64906759
14.12,49.4461615,-0.55383854,0.522066353,0.924471873,0.74924048,2,0.286093436,0.235972917,0.543796516,0.380675357,0.799327629,0.64906618
14.14,49.4461662,-0.553833808,0.522075712,0.924464256,0.749239338,2,0.286106888,0.235968824,0.543792118,0.380672137,0.799326622,0.64906477
14.16,49.4461709,-0.553829115,0.522084996,0.924456698,0.749238197,2,0.286120233,0.235964764,0.543787756,0.380668943,0.799325615,0.64906336
14.18,49.4461755,-0.553824458,0.522094207,0.924449201,0.749237056,2,0.286133471,0.235960736,0.543783427,0.380665774,0.799324608,0.649061951
14.2,49.4461802,-0.553819839,0.522103345,0.924441764,0.749235915,2,0.286146605,0.23595674,0.543779133,0.38066263,0.799323601,0.649060541
14.22,49.4461847,-0.553815256,0.52211241,0.924434385,0.749234773,2,0.286159633,0.235952777,0.543774873,0.380659512,0.799322594,0.649059131
14.24,49.4461893,-0.553810709,0.522121403,0.924427065,0.749233632,2,0.286172558,0.235948845,0.543770647,0.380656418,0.799321587,0.649057721
14.26,49.4461938,-0.553806199,0.522130325,0.924419803,0.749232491,2,0.286185381,0.235944944,0.543766455,0.380653348,0.799320581,0.649056311
14.28,49.4461983,-0.553801724,0.522139176,0.924412599,0.749231349,2,0.286198101,0.235941075,0.543762296,0.380650303,0.799319574,0.649054901
14.3,49.4462027,-0.553797285,0.522147957,0.924405452,0.749230208,2,0.28621072,0.235937237,0.543758169,0.380647282,0.799318567,0.649053492
14.32,49.4462071,-0.553792881,0.522156668,0.924398361,0.749229067,2,0.286223238,0.235933429,0.543754076,0.380644286,0.79931756,0.649052082
14.34,49.4462115,-0.553788512,0.522165309,0.924391327,0.749227926,2,0.286235657,0.235929652,0.543750015,0.380641312,0.799316553,0.649050672
14.36,49.4462158,-0.553784178,0.522173883,0.924384349,0.749226785,2,0.286247977,0.235925905,0.543745986,0.380638363,0.799315546,0.649049262
14.38,49.4462201,-0.553779878,0.522182388,0.924377426,0.749225643,2,0.2862602,0.235922188,0.543741989,0.380635437,0.799314539,0.649047853
14.4,49.4462244,-0.553775612,0.522190825,0.924370558,0.749224502,2,0.286272325,0.235918501,0.543738024,0.380632534,0.799313532,0.649046443
14.42,49.4462286,-0.55377138,0.522199196,0.924363745,0.749223361,2,0.286284353,0.235914843,0.543734091,0.380629654,0.799312525,0.649045033
14.44,49.4462328,-0.553767182,0.5222075,0.924356985,0.74922222,2,0.286296286,0.235911214,0.543730188,0.380626797,0.799311518,0.649043623
14.46,49.446237,-0.553763017,0.522215738,0.92435028,0.749221079,2,0.286308123,0.235907614,0.543726317,0.380623963,0.799310511,0.649042214
14.48,49.4462411,-0.553758885,0.52222391,0.924343627,0.749219937,2,0.286319867,0.235904043,0.543722476,0.380621151,0.799309504,0.649040804
14.5,49.4462452,-0.553754786,0.522232018,0.924337028,0.749218796,2,0.286331517,0.235900501,0.543718666,0.380618362,0.799308497,0.649039394
14.52,49.4462493,-0.553750719,0.522240061,0.92433048,0.749217655,2,0.286343075,0.235896987,0.543714886,0.380615594,0.799307491,0.649037984
14.54,49.4462533,-0.553746685,0.522248041,0.924323985,0.749216514,2,0.28635454,0.235893501,0.543711136,0.380612849,0.799306484,0.649036575
14.56,49.4462573,-0.553742682,0.522255957,0.924317541,0.749215373,2,0.286365914,0.235890042,0.543707416,0.380610125,0.799305477,0.649035165
14.58,49.4462613,-0.553738712,0.52226381,0.924311149,0.749214232,2,0.286377198,0.235886612,0.543703726,0.380607423,0.79930447,0.649033755
14.6,49.4462652,-0.553734773,0.522271601,0.924304807,0.749213091,2,0.286388392,0.235883209,0.543700064,0.380604743,0.799303463,0.649032346
14.62,49.4462691,-0.553730865,0.52227933,0.924298516,0.74921195,2,0.286399497,0.235879833,0.543696432,0.380602084,0.799302456,0.649030936
14.64,49.446273,-0.553726989,0.522286997,0.924292274,0.749210808,2,0.286410513,0.235876484,0.543692829,0.380599445,0.799301449,0.649029527
14.66,49.4462769,-0.553723143,0.522294604,0.924286082,0.749209667,2,0.286421442,0.235873161,0.543689254,0.380596828,0.799300443,0.649028117
14.68,49.4462807,-0.553719327,0.52230215,0.92427994,0.749208526,2,0.286432284,0.235869866,0.543685708,0.380594232,0.799299436,0.649026707
14.7,49.4462845,-0.553715542,0.522309636,0.924273846,0.749207385,2,0.28644304,0.235866596,0.543682189,0.380591656,0.799298429,0.649025298
14.72,49.4462882,-0.553711787,0.522317063,0.9242678,0.749206244,2,0.28645371,0.235863353,0.543678699,0.380589101,0.799297422,0.649023888
14.74,49.4462919,-0.553708062,0.52232443,0.924261802,0.749205103,2,0.286464295,0.235860135,0.543675237,0.380586566,0.799296415,0.649022479
14.76,49.4462956,-0.553704366,0.522331739,0.924255852,0.749203962,2,0.286474796,0.235856943,0.543671801,0.380584051,0.799295408,0.649021069
14.78,49.4462993,-0.5537007,0.52233899,0.92424995,0.749202821,2,0.286485213,0.235853777,0.543668394,0.380581556,0.799294402,0.649019659
14.8,49.4463029,-0.553697063,0.522346184,0.924244094,0.74920168,2,0.286495548,0.235850636,0.543665013,0.380579081,0.799293395,0.64901825
14.82,49.4463065,-0.553693454,0.52235332,0.924238284,0.749200539,2,0.2865058,0.23584752,0.543661659,0.380576625,0.799292388,0.64901684
14.84,49.4463101,-0.553689875,0.5223604,0.924232521,0.749199398,2,0.286515971,0.235844429,0.543658332,0.380574189,0.799291381,0.649015431
14.86,49.4463137,-0.553686323,0.522367423,0.924226804,0.749198257,2,0.28652606,0.235841363,0.543655031,0.380571773,0.799290375,0.649014021
14.88,49.4463172,-0.5536828,0.522374391,0.924221132,0.749197116,2,0.28653607,0.235838321,0.543651756,0.380569375,0.799289368,0.649012612
14.9,49.4463207,-0.553679305,0.522381303,0.924215505,0.749195975,2,0.286546,0.235835303,0.543648508,0.380566997,0.799288361,0.649011202
14.92,49.4463242,-0.553675838,0.52238816,0.924209922,0.749194834,2,0.28655585,0.235832309,0.543645285,0.380564637,0.799287354,0.649009793
14.94,49.4463276,-0.553672398,0.522394963,0.924204384,0.749193693,2,0.286565623,0.23582934,0.543642088,0.380562297,0.799286348,0.649008383
14.96,49.446331,-0.553668986,0.522401711,0.92419889,0.749192552,2,0.286575317,0.235826394,0.543638916,0.380559974,0.799285341,0.649006974
14.98,49.4463344,-0.5536656,0.522408406,0.92419344,0.749191411,2,0.286584935,0.235823471,0.543635769,0.380557671,0.799284334,0.649005564
15,49.4463378,-0.553662242,0.522415048,0.924188033,0.74919027,2,0.286594476,0.235820572,0.543632648,0.380555385,0.799283327,0.649004155
15.02,49.4463411,-0.55365891,0.522421637,0.924182669,0.749189129,2,0.286603941,0.235817696,0.543629551,0.380553118,0.799282321,0.649002745
15.04,49.4463444,-0.553655604,0.522428174,0.924177347,0.749187988,2,0.286613331,0.235814843,0.543626479,0.380550868,0.799281314,0.649001336
15.06,49.4463477,-0.553652325,0.522434658,0.924172068,0.749186847,2,0.286622646,0.235812012,0.543623431,0.380548637,0.799280307,0.648999927
15.08,49.4463509,-0.553649072,0.522441091,0.92416683,0.749185706,2,0.286631887,0.235809205,0.543620407,0.380546423,0.799279301,0.648998517
15.1,49.4463542,-0.553645845,0.522447473,0.924161635,0.749184565,2,0.286641054,0.235806419,0.543617407,0.380544227,0.799278294,0.648997108
15.12,49.4463574,-0.553642643,0.522453805,0.92415648,0.749183424,2,0.286650148,0.235803656,0.543614432,0.380542049,0.799277287,0.648995698
15.14,49.4463605,-0.553639467,0.522460085,0.924151367,0.749182283,2,0.28665917,0.235800915,0.543611479,0.380539887,0.79927628,0.648994289
15.16,49.4463637,-0.553636316,0.522466316,0.924146294,0.749181142,2,0.286668121,0.235798196,0.543608551,0.380537743,0.799275274,0.648992879
15.18,49.4463668,-0.55363319,0.522472498,0.924141261,0.749180001,2,0.286677,0.235795498,0.543605645,0.380535616,0.799274267,0.64899147
15.2,49.4463699,-0.553630089,0.52247863,0.924136268,0.74917886,2,0.286685808,0.235792822,0.543602763,0.380533505,0.79927326,0.648990061
15.22,49.446373,-0.553627013,0.522484714,0.924131315,0.74917772,2,0.286694546,0.235790168,0.543599904,0.380531412,0.799272254,0.648988651
15.24,49.446376,-0.553623961,0.522490749,0.924126402,0.749176579,2,0.286703215,0.235787534,0.543597067,0.380529335,0.799271247,0.648987242
15.26,49.4463791,-0.553620933,0.522496736,0.924121527,0.749175438,2,0.286711815,0.235784921,0.543594253,0.380527275,0.79927024,0.648985833
15.28,49.4463821,-0.553617929,0.522502676,0.924116691,0.749174297,2,0.286720346,0.23578233,0.543591461,0.380525231,0.799269234,0.648984423
15.3,49.4463851,-0.553614949,0.522508568,0.924111894,0.749173156,2,0.28672881,0.235779759,0.543588691,0.380523203,0.799268227,0.648983014
15.32,49.446388,-0.553611993,0.522514414,0.924107135,0.749172015,2,0.286737206,0.235777208,0.543585943,0.380521191,0.79926722,0.648981605
15.34,49.4463909,-0.55360906,0.522520213,0.924102413,0.749170874,2,0.286745535,0.235774678,0.543583218,0.380519195,0.799266214,0.648980195
15.36,49.4463938,-0.553606151,0.522525966,0.924097729,0.749169733,2,0.286753798,0.235772168,0.543580513,0.380517216,0.799265207,0.648978786
15.38,49.4463967,-0.553603264,0.522531673,0.924093082,0.749168593,2,0.286761995,0.235769678,0.543577831,0.380515251,0.799264201,0.648977377
15.4,49.4463996,-0.553600401,0.522537335,0.924088472,0.749167452,2,0.286770127,0.235767208,0.543575169,0.380513303,0.799263194,0.648975967
15.42,49.4464024,-0.55359756,0.522542952,0.924083899,0.749166311,2,0.286778194,0.235764757,0.543572529,0.38051137,0.799262187,0.648974558
15.44,49.4464053,-0.553594742,0.522548524,0.924079362,0.74916517,2,0.286786198,0.235762326,0.54356991,0.380509452,0.799261181,0.648973149
15.46,49.4464081,-0.553591947,0.522554052,0.924074861,0.749164029,2,0.286794137,0.235759915,0.543567312,0.38050755,0.799260174,0.648971739
15.48,49.4464108,-0.553589173,0.522559536,0.924070396,0.749162888,2,0.286802013,0.235757523,0.543564734,0.380505662,0.799259168,0.64897033
15.5,49.4464136,-0.553586422,0.522564976,0.924065967,0.749161748,2,0.286809827,0.235755149,0.543562176,0.38050379,0.799258161,0.648968921
15.52,49.4464163,-0.553583692,0.522570373,0.924061572,0.749160607,2,0.286817578,0.235752795,0.543559639,0.380501933,0.799257154,0.648967512
15.54,49.446419,-0.553580984,0.522575727,0.924057213,0.749159466,2,0.286825268,0.235750459,0.543557123,0.38050009,0.799256148,0.648966102
15.56,49.4464217,-0.553578298,0.522581039,0.924052888,0.749158325,2,0.286832896,0.235748143,0.543554626,0.380498262,0.799255141,0.648964693
15.58,49.4464244,-0.553575633,0.522586308,0.924048597,0.749157184,2,0.286840464,0.235745844,0.543552149,0.380496448,0.799254135,0.648963284
15.6,49.446427,-0.553572989,0.522591535,0.924044341,0.749156044,2,0.286847972,0.235743564,0.543549692,0.380494649,0.799253128,0.648961875
15.62,49.4464296,-0.553570366,0.522596721,0.924040118,0.749154903,2,0.286855419,0.235741302,0.543547254,0.380492865,0.799252121,0.648960465
15.64,49.4464322,-0.553567764,0.522601866,0.924035929,0.749153762,2,0.286862808,0.235739058,0.543544835,0.380491094,0.799251115,0.648959056
15.66,49.4464348,-0.553565183,0.52260697,0.924031774,0.749152621,2,0.286870138,0.235736832,0.543542436,0.380489337,0.799250108,0.648957647
15.68,49.4464374,-0.553562622,0.522612033,0.924027651,0.74915148,2,0.286877409,0.235734624,0.543540056,0.380487595,0.799249102,0.648956238
15.7,49.4464399,-0.553560081,0.522617056,0.924023561,0.74915034,2,0.286884623,0.235732433,0.543537695,0.380485866,0.799248095,0.648954828
15.72,49.4464424,-0.553557561,0.522622038,0.924019504,0.749149199,2,0.286891779,0.23573026,0.543535353,0.380484151,0.799247089,0.648953419
15.74,49.4464449,-0.553555061,0.522626982,0.924015478,0.749148058,2,0.286898878,0.235728104,0.543533029,0.38048245,0.799246082,0.64895201
15.76,49.4464474,-0.55355258,0.522631886,0.924011485,0.749146917,2,0.286905921,0.235725965,0.543530723,0.380480762,0.799245076,0.648950601
15.78,49.4464499,-0.55355012,0.52263675,0.924007524,0.749145777,2,0.286912907,0.235723843,0.543528436,0.380479087,0.799244069,0.648949192
15.8,49.4464523,-0.553547679,0.522641577,0.924003594,0.749144636,2,0.286919838,0.235721738,0.543526168,0.380477426,0.799243063,0.648947782
15.82,49.4464547,-0.553545257,0.522646365,0.923999695,0.749143495,2,0.286926714,0.23571965,0.543523917,0.380475778,0.799242056,0.648946373
15.84,49.4464571,-0.553542854,0.522651114,0.923995827,0.749142354,2,0.286933536,0.235717579,0.543521684,0.380474143,0.799241049,0.648944964
15.86,49.4464595,-0.553540471,0.522655826,0.92399199,0.749141214,2,0.286940302,0.235715524,0.543519469,0.380472521,0.799240043,0.648943555
15.88,49.4464619,-0.553538107,0.522660501,0.923988184,0.749140073,2,0.286947015,0.235713485,0.543517271,0.380470913,0.799239036,0.648942146
15.9,49.4464642,-0.553535761,0.522665138,0.923984408,0.749138932,2,0.286953675,0.235711463,0.543515091,0.380469316,0.79923803,0.648940737
15.92,49.4464666,-0.553533434,0.522669739,0.923980661,0.749137791,2,0.286960282,0.235709457,0.543512928,0.380467733,0.799237023,0.648939328
15.94,49.4464689,-0.553531125,0.522674302,0.923976945,0.749136651,2,0.286966836,0.235707467,0.543510783,0.380466162,0.799236017,0.648937918
15.96,49.4464712,-0.553528835,0.52267883,0.923973258,0.74913551,2,0.286973338,0.235705492,0.543508654,0.380464604,0.79923501,0.648936509
15.98,49.4464734,-0.553526563,0.522683322,0.9239696,0.749134369,2,0.286979788,0.235703534,0.543506543,0.380463058,0.799234004,0.6489351
16,49.4464757,-0.553524309,0.522687777,0.923965972,0.749133229,2,0.286986187,0.235701591,0.543504448,0.380461524,0.799232997,0.648933691
16.02,49.4464779,-0.553522073,0.522692198,0.923962372,0.749132088,2,0.286992534,0.235699663,0.54350237,0.380460002,0.799231991,0.648932282
16.04,49.4464801,-0.553519855,0.522696583,0.923958801,0.749130947,2,0.286998832,0.235697751,0.543500308,0.380458493,0.799230984,0.648930873
16.06,49.4464823,-0.553517655,0.522700933,0.923955258,0.749129807,2,0.287005079,0.235695854,0.543498263,0.380456995,0.799229978,0.648929464
16.08,49.4464845,-0.553515471,0.522705249,0.923951744,0.749128666,2,0.287011277,0.235693972,0.543496234,0.38045551,0.799228972,0.648928055
16.1,49.4464867,-0.553513306,0.52270953,0.923948257,0.749127525,2,0.287017425,0.235692105,0.543494221,0.380454036,0.799227965,0.648926646
16.12,49.4464888,-0.553511157,0.522713778,0.923944799,0.749126385,2,0.287023524,0.235690254,0.543492224,0.380452574,0.799226959,0.648925236
16.14,49.446491,-0.553509026,0.522717991,0.923941367,0.749125244,2,0.287029575,0.235688416,0.543490243,0.380451124,0.799225952,0.648923827
16.16,49.4464931,-0.553506911,0.522722171,0.923937963,0.749124103,2,0.287035577,0.235686594,0.543488278,0.380449685,0.799224946,0.648922418
16.18,49.4464952,-0.553504814,0.522726318,0.923934586,0.749122963,2,0.287041532,0.235684786,0.543486329,0.380448257,0.799223939,0.648921009
16.2,49.4464973,-0.553502733,0.522730432,0.923931236,0.749121822,2,0.28704744,0.235682992,0.543484395,0.380446841,0.799222933,0.6489196
16.22,49.4464993,-0.553500668,0.522734513,0.923927912,0.749120681,2,0.2870533,0.235681213,0.543482476,0.380445436,0.799221926,0.648918191
16.24,49.4465014,-0.55349862,0.522738561,0.923924615,0.749119541,2,0.287059114,0.235679447,0.543480572,0.380444043,0.79922092,0.648916782
16.26,49.4465034,-0.553496588,0.522742578,0.923921344,0.7491184,2,0.287064881,0.235677696,0.543478684,0.38044266,0.799219913,0.648915373
16.28,49.4465054,-0.553494573,0.522746562,0.9239181,0.749117259,2,0.287070603,0.235675959,0.543476811,0.380441289,0.799218907,0.648913964
16.3,49.4465074,-0.553492573,0.522750515,0.92391488,0.749116119,2,0.287076279,0.235674236,0.543474952,0.380439928,0.799217901,0.648912555
16.32,49.4465094,-0.553490589,0.522754436,0.923911687,0.749114978,2,0.28708191,0.235672526,0.543473109,0.380438578,0.799216894,0.648911146
16.34,49.4465114,-0.553488621,0.522758326,0.923908519,0.749113837,2,0.287087496,0.23567083,0.54347128,0.380437239,0.799215888,0.648909737
16.36,49.4465133,-0.553486669,0.522762185,0.923905376,0.749112697,2,0.287093038,0.235669148,0.543469465,0.380435911,0.799214881,0.648908328
16.38,49.4465153,-0.553484732,0.522766014,0.923902258,0.749111556,2,0.287098535,0.235667478,0.543467665,0.380434593,0.799213875,0.648906919
16.4,49.4465172,-0.553482811,0.522769812,0.923899165,0.749110416,2,0.287103989,0.235665823,0.54346588,0.380433285,0.799212868,0.64890551
16.42,49.4465191,-0.553480905,0.52277358,0.923896097,0.749109275,2,0.287109399,0.23566418,0.543464108,0.380431988,0.799211862,0.648904101
16.44,49.446521,-0.553479014,0.522777317,0.923893052,0.749108134,2,0.287114767,0.23566255,0.543462351,0.380430701,0.799210856,0.648902692
16.46,49.4465229,-0.553477138,0.522781025,0.923890032,0.749106994,2,0.287120091,0.235660934,0.543460608,0.380429425,0.799209849,0.648901283
16.48,49.4465247,-0.553475277,0.522784704,0.923887037,0.749105853,2,0.287125374,0.23565933,0.543458878,0.380428159,0.799208843,0.648899874
16.5,49.4465266,-0.553473431,0.522788353,0.923884065,0.749104713,2,0.287130614,0.235657739,0.543457162,0.380426902,0.799207836,0.648898465
16.52,49.4465284,-0.553471599,0.522791973,0.923881116,0.749103572,2,0.287135812,0.235656161,0.54345546,0.380425656,0.79920683,0.648897056
16.54,49.4465302,-0.553469782,0.522795565,0.923878191,0.749102431,2,0.287140969,0.235654595,0.543453771,0.38042442,0.799205824,0.648895647
16.56,49.446532,-0.55346798,0.522799128,0.923875289,0.749101291,2,0.287146086,0.235653042,0.543452096,0.380423193,0.799204817,0.648894238
16.58,49.4465338,-0.553466192,0.522802662,0.923872411,0.74910015,2,0.287151161,0.235651501,0.543450434,0.380421976,0.799203811,0.648892829
16.6,49.4465356,-0.553464418,0.522806169,0.923869555,0.74909901,2,0.287156196,0.235649973,0.543448786,0.380420769,0.799202804,0.64889142
16.62,49.4465373,-0.553462658,0.522809647,0.923866722,0.749097869,2,0.287161191,0.235648456,0.54344715,0.380419572,0.799201798,0.648890011
16.64,49.4465391,-0.553460912,0.522813098,0.923863911,0.749096728,2,0.287166146,0.235646952,0.543445528,0.380418384,0.799200792,0.648888602
16.66,49.4465408,-0.55345918,0.522816521,0.923861123,0.749095588,2,0.287171062,0.23564546,0.543443918,0.380417205,0.799199785,0.648887193
16.68,49.4465425,-0.553457462,0.522819917,0.923858357,0.749094447,2,0.287175938,0.235643979,0.543442321,0.380416036,0.799198779,0.648885784
16.7,49.4465442,-0.553455757,0.522823286,0.923855613,0.749093307,2,0.287180776,0.23564251,0.543440737,0.380414876,0.799197773,0.648884375
16.72,49.4465459,-0.553454067,0.522826629,0.923852891,0.749092166,2,0.287185575,0.235641053,0.543439166,0.380413726,0.799196766,0.648882966
16.74,49.4465476,-0.553452389,0.522829944,0.923850191,0.749091026,2,0.287190336,0.235639608,0.543437607,0.380412584,0.79919576,0.648881557
16.76,49.4465493,-0.553450725,0.522833234,0.923847512,0.749089885,2,0.287195059,0.235638174,0.54343606,0.380411452,0.799194753,0.648880148
16.78,49.4465509,-0.553449074,0.522836497,0.923844854,0.749088745,2,0.287199745,0.235636752,0.543434526,0.380410328,0.799193747,0.648878739
16.8,49.4465526,-0.553447436,0.522839734,0.923842217,0.749087604,2,0.287204393,0.235635341,0.543433003,0.380409214,0.799192741,0.648877331
16.82,49.4465542,-0.553445811,0.522842945,0.923839602,0.749086463,2,0.287209005,0.235633941,0.543431493,0.380408108,0.799191734,0.648875922
16.84,49.4465558,-0.553444199,0.522846131,0.923837007,0.749085323,2,0.287213579,0.235632552,0.543429995,0.380407011,0.799190728,0.648874513
16.86,49.4465574,-0.5534426,0.522849292,0.923834433,0.749084182,2,0.287218117,0.235631174,0.543428509,0.380405923,0.799189722,0.648873104
16.88,49.446559,-0.553441014,0.522852427,0.923831879,0.749083042,2,0.28722262,0.235629807,0.543427035,0.380404844,0.799188715,0.648871695
16.9,49.4465606,-0.55343944,0.522855537,0.923829345,0.749081901,2,0.287227086,0.235628452,0.543425573,0.380403773,0.799187709,0.648870286
16.92,49.4465621,-0.553437879,0.522858623,0.923826832,0.749080761,2,0.287231517,0.235627107,0.543424122,0.380402711,0.799186703,0.648868877
16.94,49.4465637,-0.55343633,0.522861684,0.923824339,0.74907962,2,0.287235912,0.235625772,0.543422682,0.380401657,0.799185696,0.648867468
16.96,49.4465652,-0.553434794,0.522864721,0.923821866,0.74907848,2,0.287240272,0.235624448,0.543421254,0.380400611,0.79918469,0.648866059
16.98,49.4465667,-0.55343327,0.522867733,0.923819412,0.749077339,2,0.287244598,0.235623135,0.543419838,0.380399574,0.799183684,0.64886465
17,49.4465682,-0.553431758,0.522870722,0.923816978,0.749076199,2,0.28724889,0.235621833,0.543418433,0.380398545,0.799182677,0.648863242
17.02,49.4465697,-0.553430257,0.522873687,0.923814563,0.749075058,2,0.287253147,0.23562054,0.543417038,0.380397524,0.799181671,0.648861833
17.04,49.4465712,-0.553428769,0.522876628,0.923812167,0.749073918,2,0.28725737,0.235619258,0.543415655,0.380396512,0.799180665,0.648860424
17.06,49.4465727,-0.553427293,0.522879546,0.92380979,0.749072777,2,0.28726156,0.235617986,0.543414283,0.380395507,0.799179658,0.648859015
17.08,49.4465742,-0.553425828,0.522882441,0.923807433,0.749071637,2,0.287265716,0.235616725,0.543412922,0.380394511,0.799178652,0.648857606
17.1,49.4465756,-0.553424375,0.522885312,0.923805094,0.749070496,2,0.287269839,0.235615473,0.543411572,0.380393522,0.799177646,0.648856197
17.12,49.4465771,-0.553422934,0.522888161,0.923802774,0.749069356,2,0.28727393,0.235614231,0.543410232,0.380392541,0.799176639,0.648854788
17.14,49.4465785,-0.553421504,0.522890987,0.923800472,0.749068215,2,0.287277988,0.235612999,0.543408904,0.380391568,0.799175633,0.648853379
17.16,49.4465799,-0.553420086,0.52289379,0.923798188,0.749067075,2,0.287282013,0.235611777,0.543407585,0.380390603,0.799174627,0.648851971
17.18,49.4465813,-0.553418678,0.522896572,0.923795923,0.749065934,2,0.287286007,0.235610565,0.543406277,0.380389645,0.79917362,0.648850562
17.2,49.4465827,-0.553417282,0.522899331,0.923793675,0.749064794,2,0.287289969,0.235609362,0.54340498,0.380388695,0.799172614,0.648849153
17.22,49.4465841,-0.553415897,0.522902068,0.923791446,0.749063653,2,0.287293899,0.235608169,0.543403693,0.380387753,0.799171608,0.648847744
17.24,49.4465855,-0.553414523,0.522904783,0.923789234,0.749062513,2,0.287297798,0.235606986,0.543402416,0.380386818,0.799170602,0.648846335
17.26,49.4465868,-0.55341316,0.522907477,0.92378704,0.749061372,2,0.287301666,0.235605811,0.543401149,0.38038589,0.799169595,0.648844926
17.28,49.4465882,-0.553411808,0.522910149,0.923784863,0.749060232,2,0.287305503,0.235604647,0.543399893,0.38038497,0.799168589,0.648843518
17.3,49.4465895,-0.553410467,0.522912801,0.923782704,0.749059091,2,0.287309309,0.235603491,0.543398646,0.380384058,0.799167583,0.648842109
17.32,49.4465909,-0.553409136,0.52291543,0.923780562,0.749057951,2,0.287313086,0.235602345,0.543397409,0.380383152,0.799166576,0.6488407
17.34,49.4465922,-0.553407816,0.52291804,0.923778436,0.74905681,2,0.287316832,0.235601207,0.543396183,0.380382254,0.79916557,0.648839291
17.36,49.4465935,-0.553406506,0.522920628,0.923776328,0.74905567,2,0.287320549,0.235600079,0.543394965,0.380381363,0.799164564,0.648837882
17.38,49.4465948,-0.553405207,0.522923195,0.923774237,0.749054529,2,0.287324235,0.23559896,0.543393758,0.380380479,0.799163557,0.648836473
17.4,49.4465961,-0.553403918,0.522925743,0.923772162,0.749053389,2,0.287327893,0.23559785,0.54339256,0.380379602,0.799162551,0.648835065
17.42,49.4465974,-0.55340264,0.52292827,0.923770103,0.749052249,2,0.287331521,0.235596748,0.543391372,0.380378731,0.799161545,0.648833656
17.44,49.4465986,-0.553401371,0.522930777,0.923768061,0.749051108,2,0.287335121,0.235595656,0.543390193,0.380377868,0.799160539,0.648832247
17.46,49.4465999,-0.553400113,0.522933263,0.923766036,0.749049968,2,0.287338692,0.235594572,0.543389024,0.380377012,0.799159532,0.648830838
17.48,49.4466011,-0.553398864,0.522935731,0.923764026,0.749048827,2,0.287342234,0.235593496,0.543387863,0.380376163,0.799158526,0.648829429
17.5,49.4466024,-0.553397626,0.522938178,0.923762032,0.749047687,2,0.287345748,0.23559243,0.543386713,0.38037532,0.79915752,0.648828021
17.52,49.4466036,-0.553396397,0.522940606,0.923760055,0.749046546,2,0.287349235,0.235591371,0.543385571,0.380374484,0.799156514,0.648826612
17.54,49.4466048,-0.553395179,0.522943015,0.923758093,0.749045406,2,0.287352693,0.235590321,0.543384438,0.380373655,0.799155507,0.648825203
17.56,49.446606,-0.553393969,0.522945404,0.923756146,0.749044265,2,0.287356124,0.23558928,0.543383314,0.380372832,0.799154501,0.648823794
17.58,49.4466072,-0.55339277,0.522947775,0.923754215,0.749043125,2,0.287359528,0.235588247,0.5433822,0.380372016,0.799153495,0.648822385
17.6,49.4466084,-0.55339158,0.522950126,0.9237523,0.749041985,2,0.287362905,0.235587222,0.543381094,0.380371206,0.799152488,0.648820977
17.62,49.4466096,-0.5533904,0.522952459,0.923750399,0.749040844,2,0.287366255,0.235586205,0.543379997,0.380370403,0.799151482,0.648819568
17.64,49.4466108,-0.553389228,0.522954774,0.923748514,0.749039704,2,0.287369578,0.235585196,0.543378908,0.380369606,0.799150476,0.648818159
17.66,49.4466119,-0.553388067,0.52295707,0.923746644,0.749038563,2,0.287372874,0.235584195,0.543377829,0.380368815,0.79914947,0.64881675
17.68,49.4466131,-0.553386914,0.522959347,0.923744789,0.749037423,2,0.287376145,0.235583203,0.543376758,0.380368031,0.799148463,0.648815342
17.7,49.4466142,-0.553385771,0.522961607,0.923742948,0.749036282,2,0.287379389,0.235582218,0.543375695,0.380367253,0.799147457,0.648813933
17.72,49.4466154,-0.553384636,0.522963848,0.923741122,0.749035142,2,0.287382608,0.235581241,0.543374641,0.380366481,0.799146451,0.648812524
17.74,49.4466165,-0.553383511,0.522966072,0.923739311,0.749034002,2,0.287385801,0.235580271,0.543373595,0.380365715,0.799145445,0.648811115
17.76,49.4466176,-0.553382395,0.522968278,0.923737514,0.749032861,2,0.287388968,0.23557931,0.543372558,0.380364956,0.799144438,0.648809707
17.78,49.4466187,-0.553381288,0.522970467,0.923735731,0.749031721,2,0.28739211,0.235578356,0.543371529,0.380364202,0.799143432,0.648808298
17.8,49.4466198,-0.553380189,0.522972638,0.923733963,0.74903058,2,0.287395228,0.23557741,0.543370508,0.380363455,0.799142426,0.648806889
17.82,49.4466209,-0.553379099,0.522974791,0.923732208,0.74902944,2,0.28739832,0.235576471,0.543369495,0.380362713,0.79914142,0.64880548
17.84,49.446622,-0.553378018,0.522976928,0.923730468,0.7490283,2,0.287401388,0.23557554,0.54336849,0.380361977,0.799140414,0.648804072
17.86,49.4466231,-0.553376945,0.522979048,0.923728741,0.749027159,2,0.287404432,0.235574616,0.543367493,0.380361248,0.799139407,0.648802663
17.88,49.4466241,-0.553375881,0.52298115,0.923727028,0.749026019,2,0.287407451,0.235573699,0.543366505,0.380360524,0.799138401,0.648801254
17.9,49.4466252,-0.553374826,0.522983236,0.923725329,0.749024878,2,0.287410446,0.23557279,0.543365524,0.380359805,0.799137395,0.648799845
17.92,49.4466262,-0.553373779,0.522985306,0.923723643,0.749023738,2,0.287413418,0.235571888,0.54336455,0.380359093,0.799136389,0.648798437
17.94,49.4466273,-0.55337274,0.522987359,0.923721971,0.749022598,2,0.287416365,0.235570993,0.543363585,0.380358386,0.799135382,0.648797028
17.96,49.4466283,-0.553371709,0.522989395,0.923720312,0.749021457,2,0.28741929,0.235570106,0.543362627,0.380357685,0.799134376,0.648795619
17.98,49.4466293,-0.553370687,0.522991416,0.923718666,0.749020317,2,0.287422191,0.235569225,0.543361677,0.380356989,0.79913337,0.64879421
18,49.4466303,-0.553369672,0.52299342,0.923717033,0.749019176,2,0.287425068,0.235568352,0.543360735,0.380356299,0.799132364,0.648792802
18.02,49.4466313,-0.553368666,0.522995408,0.923715414,0.749018036,2,0.287427923,0.235567485,0.5433598,0.380355614,0.799131357,0.648791393
18.04,49.4466323,-0.553367668,0.522997381,0.923713807,0.749016896,2,0.287430756,0.235566625,0.543358872,0.380354935,0.799130351,0.648789984
18.06,49.4466333,-0.553366678,0.522999338,0.923712213,0.749015755,2,0.287433565,0.235565772,0.543357952,0.380354261,0.799129345,0.648788575
18.08,49.4466343,-0.553365696,0.523001279,0.923710631,0.749014615,2,0.287436353,0.235564926,0.543357039,0.380353593,0.799128339,0.648787167
18.1,49.4466353,-0.553364721,0.523003205,0.923709063,0.749013474,2,0.287439118,0.235564087,0.543356133,0.38035293,0.799127333,0.648785758
18.12,49.4466362,-0.553363754,0.523005115,0.923707506,0.749012334,2,0.287441861,0.235563254,0.543355235,0.380352272,0.799126326,0.648784349
18.14,49.4466372,-0.553362795,0.523007011,0.923705962,0.749011194,2,0.287444583,0.235562428,0.543354343,0.380351619,0.79912532,0.648782941
18.16,49.4466382,-0.553361844,0.523008891,0.923704431,0.749010053,2,0.287447282,0.235561608,0.543353459,0.380350972,0.799124314,0.648781532
18.18,49.4466391,-0.5533609,0.523010756,0.923702911,0.749008913,2,0.287449961,0.235560795,0.543352582,0.380350329,0.799123308,0.648780123
18.2,49.44664,-0.553359963,0.523012606,0.923701404,0.749007773,2,0.287452617,0.235559989,0.543351712,0.380349692,0.799122302,0.648778715
18.22,49.446641,-0.553359034,0.523014442,0.923699909,0.749006632,2,0.287455253,0.235559189,0.543350848,0.38034906,0.799121295,0.648777306
18.24,49.4466419,-0.553358113,0.523016263,0.923698425,0.749005492,2,0.287457868,0.235558395,0.543349992,0.380348433,0.799120289,0.648775897
18.26,49.4466428,-0.553357199,0.52301807,0.923696953,0.749004351,2,0.287460462,0.235557608,0.543349143,0.380347811,0.799119283,0.648774488
18.28,49.4466437,-0.553356292,0.523019862,0.923695494,0.749003211,2,0.287463035,0.235556827,0.5433483,0.380347194,0.799118277,0.64877308
18.3,49.4466446,-0.553355392,0.52302164,0.923694045,0.749002071,2,0.287465588,0.235556052,0.543347464,0.380346582,0.799117271,0.648771671
18.32,49.4466455,-0.5533545,0.523023403,0.923692608,0.74900093,2,0.287468121,0.235555283,0.543346634,0.380345974,0.799116264,0.648770262
18.34,49.4466464,-0.553353614,0.523025153,0.923691183,0.74899979,2,0.287470633,0.23555452,0.543345811,0.380345372,0.799115258,0.648768854
18.36,49.4466473,-0.553352736,0.523026889,0.923689769,0.74899865,2,0.287473125,0.235553764,0.543344995,0.380344774,0.799114252,0.648767445
18.38,49.4466481,-0.553351864,0.523028611,0.923688366,0.748997509,2,0.287475598,0.235553013,0.543344185,0.380344181,0.799113246,0.648766036
18.4,49.446649,-0.553351,0.523030319,0.923686975,0.748996369,2,0.287478051,0.235552269,0.543343382,0.380343593,0.79911224,0.648764628
18.42,49.4466499,-0.553350142,0.523032014,0.923685594,0.748995229,2,0.287480484,0.23555153,0.543342585,0.380343009,0.799111233,0.648763219
18.44,49.4466507,-0.553349291,0.523033695,0.923684225,0.748994088,2,0.287482898,0.235550797,0.543341794,0.38034243,0.799110227,0.64876181
18.46,49.4466516,-0.553348447,0.523035363,0.923682866,0.748992948,2,0.287485293,0.23555007,0.54334101,0.380341856,0.799109221,0.648760402
18.48,49.4466524,-0.55334761,0.523037017,0.923681518,0.748991808,2,0.287487668,0.235549349,0.543340232,0.380341286,0.799108215,0.648758993
18.5,49.4466532,-0.55334678,0.523038659,0.923680181,0.748990667,2,0.287490025,0.235548634,0.54333946,0.380340721,0.799107209,0.648757584
18.52,49.446654,-0.553345955,0.523040287,0.923678855,0.748989527,2,0.287492363,0.235547924,0.543338694,0.380340161,0.799106202,0.648756176
18.54,49.4466549,-0.553345138,0.523041903,0.923677539,0.748988386,2,0.287494683,0.23554722,0.543337934,0.380339604,0.799105196,0.648754767
18.56,49.4466557,-0.553344327,0.523043505,0.923676233,0.748987246,2,0.287496984,0.235546521,0.543337181,0.380339052,0.79910419,0.648753358
18.58,49.4466565,-0.553343523,0.523045095,0.923674938,0.748986106,2,0.287499266,0.235545829,0.543336433,0.380338505,0.799103184,0.64875195
18.6,49.4466573,-0.553342724,0.523046672,0.923673653,0.748984965,2,0.287501531,0.235545141,0.543335691,0.380337962,0.799102178,0.648750541
18.62,49.4466581,-0.553341933,0.523048236,0.923672379,0.748983825,2,0.287503777,0.235544459,0.543334956,0.380337423,0.799101172,0.648749132
18.64,49.4466589,-0.553341147,0.523049788,0.923671114,0.748982685,2,0.287506006,0.235543783,0.543334226,0.380336889,0.799100165,0.648747724
18.66,49.4466596,-0.553340368,0.523051328,0.92366986,0.748981544,2,0.287508217,0.235543112,0.543333502,0.380336359,0.799099159,0.648746315
18.68,49.4466604,-0.553339595,0.523052856,0.923668616,0.748980404,2,0.28751041,0.235542446,0.543332783,0.380335833,0.799098153,0.648744906
18.7,49.4466612,-0.553338828,0.523054371,0.923667381,0.748979264,2,0.287512586,0.235541785,0.543332071,0.380335311,0.799097147,0.648743498
18.72,49.4466619,-0.553338068,0.523055874,0.923666157,0.748978123,2,0.287514744,0.23554113,0.543331364,0.380334793,0.799096141,0.648742089
18.74,49.4466627,-0.553337313,0.523057366,0.923664942,0.748976983,2,0.287516885,0.23554048,0.543330662,0.38033428,0.799095135,0.64874068
18.76,49.4466634,-0.553336564,0.523058845,0.923663737,0.748975843,2,0.28751901,0.235539835,0.543329967,0.38033377,0.799094128,0.648739272
18.78,49.4466642,-0.553335821,0.523060313,0.923662541,0.748974702,2,0.287521117,0.235539196,0.543329276,0.380333265,0.799093122,0.648737863
18.8,49.4466649,-0.553335085,0.523061769,0.923661355,0.748973562,2,0.287523207,0.235538561,0.543328592,0.380332763,0.799092116,0.648736454
18.82,49.4466656,-0.553334354,0.523063213,0.923660178,0.748972422,2,0.287525281,0.235537932,0.543327912,0.380332266,0.79909111,0.648735046
18.84,49.4466664,-0.553333629,0.523064646,0.923659011,0.748971282,2,0.287527339,0.235537307,0.543327238,0.380331773,0.799090104,0.648733637
18.86,49.4466671,-0.553332909,0.523066067,0.923657853,0.748970141,2,0.28752938,0.235536687,0.54332657,0.380331283,0.799089098,0.648732229
18.88,49.4466678,-0.553332196,0.523067477,0.923656704,0.748969001,2,0.287531405,0.235536073,0.543325907,0.380330798,0.799088091,0.64873082
18.9,49.4466685,-0.553331488,0.523068876,0.923655565,0.748967861,2,0.287533413,0.235535463,0.543325249,0.380330316,0.799087085,0.648729411
18.92,49.4466692,-0.553330785,0.523070264,0.923654434,0.74896672,2,0.287535406,0.235534858,0.543324596,0.380329838,0.799086079,0.648728003
18.94,49.4466699,-0.553330089,0.523071641,0.923653313,0.74896558,2,0.287537383,0.235534258,0.543323949,0.380329364,0.799085073,0.648726594
18.96,49.4466706,-0.553329397,0.523073007,0.9236522,0.74896444,2,0.287539344,0.235533663,0.543323306,0.380328894,0.799084067,0.648725185
18.98,49.4466713,-0.553328712,0.523074362,0.923651096,0.748963299,2,0.287541289,0.235533072,0.543322669,0.380328427,0.799083061,0.648723777
19,49.446672,-0.553328031,0.523075706,0.923650001,0.748962159,2,0.28754322,0.235532486,0.543322037,0.380327964,0.799082054,0.648722368
19.02,49.4466726,-0.553327357,0.523077039,0.923648915,0.748961019,2,0.287545134,0.235531905,0.54332141,0.380327505,0.799081048,0.64872096
19.04,49.4466733,-0.553326687,0.523078362,0.923647837,0.748959878,2,0.287547034,0.235531329,0.543320788,0.380327049,0.799080042,0.648719551
19.06,49.446674,-0.553326023,0.523079674,0.923646768,0.748958738,2,0.287548918,0.235530757,0.543320171,0.380326597,0.799079036,0.648718142
19.08,49.4466746,-0.553325364,0.523080976,0.923645707,0.748957598,2,0.287550787,0.235530189,0.543319558,0.380326149,0.79907803,0.648716734
19.1,49.4466753,-0.553324711,0.523082268,0.923644655,0.748956457,2,0.287552642,0.235529626,0.543318951,0.380325704,0.799077024,0.648715325
19.12,49.4466759,-0.553324062,0.523083549,0.923643612,0.748955317,2,0.287554481,0.235529068,0.543318348,0.380325263,0.799076018,0.648713916
19.14,49.4466766,-0.553323419,0.52308482,0.923642576,0.748954177,2,0.287556306,0.235528514,0.543317751,0.380324826,0.799075011,0.648712508
19.16,49.4466772,-0.553322781,0.523086081,0.923641549,0.748953037,2,0.287558117,0.235527964,0.543317158,0.380324391,0.799074005,0.648711099
19.18,49.4466779,-0.553322148,0.523087332,0.92364053,0.748951896,2,0.287559913,0.235527419,0.543316569,0.380323961,0.799072999,0.648709691
19.2,49.4466785,-0.55332152,0.523088573,0.923639519,0.748950756,2,0.287561695,0.235526878,0.543315986,0.380323533,0.799071993,0.648708282
19.22,49.4466791,-0.553320897,0.523089804,0.923638516,0.748949616,2,0.287563462,0.235526342,0.543315407,0.380323109,0.799070987,0.648706873
19.24,49.4466797,-0.553320279,0.523091025,0.923637521,0.748948475,2,0.287565216,0.235525809,0.543314832,0.380322689,0.799069981,0.648705465
19.26,49.4466803,-0.553319666,0.523092237,0.923636534,0.748947335,2,0.287566955,0.235525281,0.543314263,0.380322272,0.799068975,0.648704056
19.28,49.4466809,-0.553319057,0.523093438,0.923635555,0.748946195,2,0.287568681,0.235524757,0.543313697,0.380321858,0.799067968,0.648702648
19.3,49.4466815,-0.553318454,0.523094631,0.923634584,0.748945055,2,0.287570393,0.235524238,0.543313137,0.380321447,0.799066962,0.648701239
19.32,49.4466821,-0.553317855,0.523095814,0.92363362,0.748943914,2,0.287572091,0.235523722,0.54331258,0.38032104,0.799065956,0.64869983
19.34,49.4466827,-0.553317262,0.523096987,0.923632664,0.748942774,2,0.287573776,0.235523211,0.543312029,0.380320636,0.79906495,0.648698422
19.36,49.4466833,-0.553316673,0.523098151,0.923631716,0.748941634,2,0.287575448,0.235522703,0.543311481,0.380320235,0.799063944,0.648697013
19.38,49.4466839,-0.553316088,0.523099306,0.923630775,0.748940493,2,0.287577106,0.2355222,0.543310938,0.380319837,0.799062938,0.648695605
19.4,49.4466845,-0.553315508,0.523100451,0.923629842,0.748939353,2,0.287578751,0.235521701,0.543310399,0.380319443,0.799061932,0.648694196
19.42,49.4466851,-0.553314933,0.523101588,0.923628916,0.748938213,2,0.287580383,0.235521205,0.543309865,0.380319051,0.799060926,0.648692787
19.44,49.4466856,-0.553314363,0.523102715,0.923627998,0.748937073,2,0.287582002,0.235520714,0.543309334,0.380318663,0.799059919,0.648691379
19.46,49.4466862,-0.553313797,0.523103834,0.923627086,0.748935932,2,0.287583608,0.235520226,0.543308808,0.380318278,0.799058913,0.64868997
19.48,49.4466868,-0.553313235,0.523104943,0.923626183,0.748934792,2,0.287585201,0.235519743,0.543308287,0.380317896,0.799057907,0.648688562
19.5,49.4466873,-0.553312678,0.523106044,0.923625286,0.748933652,2,0.287586781,0.235519263,0.543307769,0.380317517,0.799056901,0.648687153
19.52,49.4466879,-0.553312125,0.523107136,0.923624396,0.748932511,2,0.287588349,0.235518787,0.543307255,0.380317141,0.799055895,0.648685745
19.54,49.4466884,-0.553311577,0.523108219,0.923623514,0.748931371,2,0.287589905,0.235518315,0.543306746,0.380316768,0.799054889,0.648684336
19.56,49.446689,-0.553311033,0.523109294,0.923622638,0.748930231,2,0.287591448,0.235517846,0.54330624,0.380316398,0.799053883,0.648682927
19.58,49.4466895,-0.553310494,0.52311036,0.92362177,0.748929091,2,0.287592979,0.235517382,0.543305739,0.380316031,0.799052877,0.648681519
19.6,49.44669,-0.553309958,0.523111418,0.923620908,0.74892795,2,0.287594497,0.235516921,0.543305242,0.380315666,0.79905187,0.64868011
19.62,49.4466906,-0.553309427,0.523112467,0.923620053,0.74892681,2,0.287596004,0.235516463,0.543304748,0.380315305,0.799050864,0.648678702
19.64,49.4466911,-0.553308901,0.523113508,0.923619205,0.74892567,2,0.287597498,0.23551601,0.543304259,0.380314947,0.799049858,0.648677293
19.66,49.4466916,-0.553308378,0.52311454,0.923618364,0.74892453,2,0.287598981,0.23551556,0.543303773,0.380314591,0.799048852,0.648675884
19.68,49.4466921,-0.55330786,0.523115565,0.92361753,0.748923389,2,0.287600452,0.235515113,0.543303291,0.380314238,0.799047846,0.648674476
19.7,49.4466927,-0.553307345,0.523116581,0.923616702,0.748922249,2,0.287601911,0.23551467,0.543302813,0.380313888,0.79904684,0.648673067
19.72,49.4466932,-0.553306835,0.523117589,0.92361588,0.748921109,2,0.287603358,0.235514231,0.543302339,0.380313541,0.799045834,0.648671659
19.74,49.4466937,-0.553306329,0.523118589,0.923615066,0.748919968,2,0.287604794,0.235513795,0.543301869,0.380313197,0.799044828,0.64867025
19.76,49.4466942,-0.553305827,0.523119581,0.923614257,0.748918828,2,0.287606219,0.235513362,0.543301402,0.380312855,0.799043821,0.648668842
19.78,49.4466947,-0.553305329,0.523120566,0.923613456,0.748917688,2,0.287607632,0.235512933,0.543300939,0.380312516,0.799042815,0.648667433
19.8,49.4466952,-0.553304835,0.523121542,0.92361266,0.748916548,2,0.287609034,0.235512508,0.54330048,0.38031218,0.799041809,0.648666025
19.82,49.4466957,-0.553304345,0.523122511,0.923611871,0.748915407,2,0.287610425,0.235512086,0.543300025,0.380311846,0.799040803,0.648664616
19.84,49.4466961,-0.553303858,0.523123472,0.923611088,0.748914267,2,0.287611805,0.235511667,0.543299573,0.380311516,0.799039797,0.648663207
19.86,49.4466966,-0.553303376,0.523124425,0.923610312,0.748913127,2,0.287613174,0.235511251,0.543299124,0.380311187,0.799038791,0.648661799
19.88,49.4466971,-0.553302897,0.523125371,0.923609541,0.748911987,2,0.287614532,0.235510839,0.54329868,0.380310862,0.799037785,0.64866039
19.9,49.4466976,-0.553302422,0.523126309,0.923608777,0.748910846,2,0.287615879,0.23551043,0.543298238,0.380310539,0.799036779,0.648658982
19.92,49.446698,-0.553301951,0.523127239,0.923608019,0.748909706,2,0.287617215,0.235510024,0.543297801,0.380310218,0.799035773,0.648657573
19.94,49.4466985,-0.553301484,0.523128163,0.923607267,0.748908566,2,0.287618541,0.235509622,0.543297367,0.3803099,0.799034766,0.648656165
19.96,49.446699,-0.553301021,0.523129079,0.92360652,0.748907426,2,0.287619856,0.235509223,0.543296936,0.380309585,0.79903376,0.648654756
19.98,49.4466994,-0.553300561,0.523129987,0.92360578,0.748906285,2,0.287621161,0.235508827,0.543296508,0.380309272,0.799032754,0.648653347
20,49.4466999,-0.553300105,0.523130889,0.923605046,0.748905145,2,0.287622455,0.235508434,0.543296084,0.380308961,0.799031748,0.648651939
20.02,49.4467003,-0.553299652,0.523131783,0.923604317,0.748904005,2,0.287623739,0.235508044,0.543295664,0.380308653,0.799030742,0.64865053
20.04,49.4467008,-0.553299203,0.52313267,0.923603595,0.748902865,2,0.287625013,0.235507657,0.543295247,0.380308348,0.799029736,0.648649122
20.06,49.4467012,-0.553298758,0.52313355,0.923602878,0.748901724,2,0.287626276,0.235507274,0.543294833,0.380308045,0.79902873,0.648647713
20.08,49.4467017,-0.553298316,0.523134423,0.923602166,0.748900584,2,0.28762753,0.235506893,0.543294422,0.380307744,0.799027724,0.648646305
20.1,49.4467021,-0.553297878,0.523135289,0.923601461,0.748899444,2,0.287628774,0.235506516,0.543294015,0.380307446,0.799026718,0.648644896
20.12,49.4467026,-0.553297443,0.523136148,0.923600761,0.748898304,2,0.287630007,0.235506141,0.543293611,0.38030715,0.799025712,0.648643488
20.14,49.446703,-0.553297011,0.523137001,0.923600066,0.748897163,2,0.287631231,0.23550577,0.54329321,0.380306857,0.799024705,0.648642079
20.16,49.4467034,-0.553296583,0.523137846,0.923599378,0.748896023,2,0.287632445,0.235505401,0.543292812,0.380306565,0.799023699,0.648640671
20.18,49.4467038,-0.553296159,0.523138685,0.923598694,0.748894883,2,0.28763365,0.235505035,0.543292418,0.380306276,0.799022693,0.648639262
20.2,49.4467043,-0.553295738,0.523139517,0.923598016,0.748893743,2,0.287634845,0.235504673,0.543292026,0.38030599,0.799021687,0.648637853
20.22,49.4467047,-0.55329532,0.523140343,0.923597344,0.748892602,2,0.28763603,0.235504313,0.543291638,0.380305706,0.799020681,0.648636445
20.24,49.4467051,-0.553294905,0.523141162,0.923596676,0.748891462,2,0.287637206,0.235503956,0.543291253,0.380305424,0.799019675,0.648635036
20.26,49.4467055,-0.553294494,0.523141975,0.923596015,0.748890322,2,0.287638373,0.235503602,0.543290871,0.380305144,0.799018669,0.648633628
20.28,49.4467059,-0.553294086,0.523142781,0.923595358,0.748889182,2,0.28763953,0.23550325,0.543290492,0.380304866,0.799017663,0.648632219
20.3,49.4467063,-0.553293682,0.52314358,0.923594707,0.748888041,2,0.287640678,0.235502902,0.543290116,0.380304591,0.799016657,0.648630811
20.32,49.4467067,-0.55329328,0.523144373,0.92359406,0.748886901,2,0.287641817,0.235502556,0.543289743,0.380304318,0.799015651,0.648629402
20.34,49.4467071,-0.553292882,0.52314516,0.923593419,0.748885761,2,0.287642947,0.235502213,0.543289372,0.380304047,0.799014645,0.648627994
20.36,49.4467075,-0.553292487,0.523145941,0.923592783,0.748884621,2,0.287644068,0.235501873,0.543289005,0.380303778,0.799013638,0.648626585
20.38,49.4467079,-0.553292095,0.523146715,0.923592152,0.74888348,2,0.28764518,0.235501535,0.543288641,0.380303511,0.799012632,0.648625177
20.4,49.4467083,-0.553291706,0.523147484,0.923591526,0.74888234,2,0.287646283,0.2355012,0.54328828,0.380303247,0.799011626,0.648623768
20.42,49.4467087,-0.55329132,0.523148246,0.923590906,0.7488812,2,0.287647378,0.235500868,0.543287921,0.380302984,0.79901062,0.64862236
20.44,49.4467091,-0.553290938,0.523149002,0.92359029,0.74888006,2,0.287648463,0.235500539,0.543287566,0.380302724,0.799009614,0.648620951
20.46,49.4467094,-0.553290558,0.523149752,0.923589679,0.748878919,2,0.28764954,0.235500212,0.543287213,0.380302466,0.799008608,0.648619543
20.48,49.4467098,-0.553290182,0.523150496,0.923589072,0.748877779,2,0.287650609,0.235499887,0.543286863,0.380302209,0.799007602,0.648618134
20.5,49.4467102,-0.553289808,0.523151234,0.923588471,0.748876639,2,0.287651669,0.235499566,0.543286516,0.380301955,0.799006596,0.648616726
20.52,49.4467106,-0.553289437,0.523151967,0.923587874,0.748875499,2,0.28765272,0.235499246,0.543286171,0.380301703,0.79900559,0.648615317
20.54,49.4467109,-0.55328907,0.523152693,0.923587282,0.748874359,2,0.287653763,0.23549893,0.54328583,0.380301453,0.799004584,0.648613908
20.56,49.4467113,-0.553288705,0.523153414,0.923586695,0.748873218,2,0.287654798,0.235498616,0.543285491,0.380301205,0.799003578,0.6486125
20.58,49.4467117,-0.553288343,0.523154129,0.923586113,0.748872078,2,0.287655825,0.235498304,0.543285155,0.380300958,0.799002571,0.648611091
20.6,49.446712,-0.553287984,0.523154838,0.923585535,0.748870938,2,0.287656843,0.235497995,0.543284821,0.380300714,0.799001565,0.648609683
20.62,49.4467124,-0.553287628,0.523155542,0.923584962,0.748869798,2,0.287657853,0.235497688,0.54328449,0.380300472,0.799000559,0.648608274
20.64,49.4467127,-0.553287275,0.52315624,0.923584393,0.748868657,2,0.287658856,0.235497384,0.543284162,0.380300231,0.798999553,0.648606866
20.66,49.4467131,-0.553286924,0.523156932,0.923583829,0.748867517,2,0.28765985,0.235497082,0.543283836,0.380299993,0.798998547,0.648605457
20.68,49.4467134,-0.553286577,0.523157619,0.923583269,0.748866377,2,0.287660836,0.235496783,0.543283513,0.380299756,0.798997541,0.648604049
20.7,49.4467138,-0.553286232,0.5231583,0.923582714,0.748865237,2,0.287661815,0.235496485,0.543283193,0.380299522,0.798996535,0.64860264
20.72,49.4467141,-0.55328589,0.523158977,0.923582163,0.748864097,2,0.287662786,0.235496191,0.543282875,0.380299289,0.798995529,0.648601232
20.74,49.4467144,-0.55328555,0.523159647,0.923581617,0.748862956,2,0.287663749,0.235495898,0.543282559,0.380299058,0.798994523,0.648599823
20.76,49.4467148,-0.553285214,0.523160313,0.923581075,0.748861816,2,0.287664704,0.235495608,0.543282246,0.380298829,0.798993517,0.648598415
20.78,49.4467151,-0.55328488,0.523160973,0.923580537,0.748860676,2,0.287665652,0.235495321,0.543281936,0.380298602,0.798992511,0.648597006
20.8,49.4467155,-0.553284548,0.523161627,0.923580004,0.748859536,2,0.287666592,0.235495035,0.543281628,0.380298376,0.798991505,0.648595598
20.82,49.4467158,-0.553284219,0.523162277,0.923579475,0.748858395,2,0.287667525,0.235494752,0.543281322,0.380298152,0.798990499,0.648594189
20.84,49.4467161,-0.553283893,0.523162921,0.92357895,0.748857255,2,0.28766845,0.235494471,0.543281019,0.38029793,0.798989492,0.648592781
20.86,49.4467164,-0.55328357,0.523163561,0.923578429,0.748856115,2,0.287669368,0.235494193,0.543280719,0.38029771,0.798988486,0.648591372
20.88,49.4467168,-0.553283249,0.523164195,0.923577912,0.748854975,2,0.287670279,0.235493916,0.54328042,0.380297492,0.79898748,0.648589964
20.9,49.4467171,-0.55328293,0.523164824,0.9235774,0.748853835,2,0.287671182,0.235493642,0.543280124,0.380297275,0.798986474,0.648588555
20.92,49.4467174,-0.553282614,0.523165448,0.923576891,0.748852694,2,0.287672078,0.23549337,0.543279831,0.38029706,0.798985468,0.648587147
20.94,49.4467177,-0.553282301,0.523166067,0.923576387,0.748851554,2,0.287672967,0.2354931,0.54327954,0.380296847,0.798984462,0.648585738
20.96,49.446718,-0.55328199,0.523166682,0.923575886,0.748850414,2,0.287673849,0.235492832,0.543279251,0.380296636,0.798983456,0.64858433
20.98,49.4467183,-0.553281682,0.523167291,0.92357539,0.748849274,2,0.287674724,0.235492567,0.543278964,0.380296426,0.79898245,0.648582921
21,49.4467186,-0.553281376,0.523167895,0.923574897,0.748848133,2,0.287675592,0.235492303,0.54327868,0.380296218,0.798981444,0.648581513
21.02,49.4467189,-0.553281072,0.523168495,0.923574409,0.748846993,2,0.287676453,0.235492042,0.543278398,0.380296011,0.798980438,0.648580104
21.04,49.4467192,-0.553280771,0.52316909,0.923573924,0.748845853,2,0.287677308,0.235491782,0.543278118,0.380295806,0.798979432,0.648578696
21.06,49.4467195,-0.553280473,0.52316968,0.923573443,0.748844713,2,0.287678155,0.235491525,0.543277841,0.380295603,0.798978426,0.648577287
21.08,49.4467198,-0.553280176,0.523170266,0.923572966,0.748843573,2,0.287678996,0.23549127,0.543277565,0.380295401,0.79897742,0.648575879
21.1,49.4467201,-0.553279882,0.523170847,0.923572493,0.748842432,2,0.28767983,0.235491017,0.543277292,0.380295201,0.798976413,0.64857447
21.12,49.4467204,-0.553279591,0.523171423,0.923572024,0.748841292,2,0.287680657,0.235490766,0.543277021,0.380295003,0.798975407,0.648573062
21.14,49.4467207,-0.553279301,0.523171994,0.923571558,0.748840152,2,0.287681478,0.235490516,0.543276752,0.380294806,0.798974401,0.648571653
21.16,49.446721,-0.553279015,0.523172562,0.923571096,0.748839012,2,0.287682292,0.235490269,0.543276485,0.380294611,0.798973395,0.648570245
21.18,49.4467213,-0.55327873,0.523173124,0.923570638,0.748837872,2,0.2876831,0.235490024,0.543276221,0.380294417,0.798972389,0.648568836
21.2,49.4467216,-0.553278447,0.523173682,0.923570183,0.748836731,2,0.287683901,0.235489781,0.543275958,0.380294225,0.798971383,0.648567428
21.22,49.4467218,-0.553278167,0.523174236,0.923569732,0.748835591,2,0.287684696,0.23548954,0.543275698,0.380294034,0.798970377,0.648566019
21.24,49.4467221,-0.553277889,0.523174785,0.923569285,0.748834451,2,0.287685485,0.2354893,0.54327544,0.380293845,0.798969371,0.648564611
21.26,49.4467224,-0.553277613,0.52317533,0.923568841,0.748833311,2,0.287686267,0.235489063,0.543275183,0.380293657,0.798968365,0.648563202
21.28,49.4467227,-0.55327734,0.52317587,0.9235684,0.74883217,2,0.287687043,0.235488827,0.543274929,0.380293471,0.798967359,0.648561794
21.3,49.4467229,-0.553277069,0.523176407,0.923567964,0.74883103,2,0.287687813,0.235488593,0.543274677,0.380293287,0.798966353,0.648560385
21.32,49.4467232,-0.553276799,0.523176939,0.92356753,0.74882989,2,0.287688577,0.235488361,0.543274427,0.380293103,0.798965347,0.648558977
21.34,49.4467235,-0.553276532,0.523177466,0.9235671,0.74882875,2,0.287689335,0.235488131,0.543274179,0.380292922,0.798964341,0.648557568
21.36,49.4467237,-0.553276267,0.52317799,0.923566674,0.74882761,2,0.287690087,0.235487903,0.543273932,0.380292741,0.798963335,0.64855616
21.38,49.446724,-0.553276004,0.523178509,0.923566251,0.748826469,2,0.287690832,0.235487677,0.543273688,0.380292563,0.798962329,0.648554751
21.4,49.4467243,-0.553275744,0.523179024,0.923565831,0.748825329,2,0.287691572,0.235487452,0.543273446,0.380292385,0.798961323,0.648553343
21.42,49.4467245,-0.553275485,0.523179536,0.923565415,0.748824189,2,0.287692306,0.235487229,0.543273206,0.380292209,0.798960316,0.648551934
21.44,49.4467248,-0.553275228,0.523180043,0.923565001,0.748823049,2,0.287693034,0.235487008,0.543272967,0.380292034,0.79895931,0.648550526
21.46,49.446725,-0.553274974,0.523180546,0.923564592,0.748821909,2,0.287693756,0.235486789,0.54327273,0.380291861,0.798958304,0.648549117
21.48,49.4467253,-0.553274721,0.523181045,0.923564185,0.748820768,2,0.287694473,0.235486572,0.543272496,0.380291689,0.798957298,0.648547709
21.5,49.4467255,-0.553274471,0.52318154,0.923563782,0.748819628,2,0.287695184,0.235486356,0.543272263,0.380291519,0.798956292,0.6485463
21.52,49.4467258,-0.553274222,0.523182031,0.923563382,0.748818488,2,0.287695889,0.235486142,0.543272032,0.38029135,0.798955286,0.648544892
21.54,49.446726,-0.553273976,0.523182518,0.923562985,0.748817348,2,0.287696589,0.235485929,0.543271803,0.380291182,0.79895428,0.648543483
21.56,49.4467263,-0.553273731,0.523183001,0.923562591,0.748816208,2,0.287697283,0.235485719,0.543271576,0.380291016,0.798953274,0.648542075
21.58,49.4467265,-0.553273488,0.523183481,0.923562201,0.748815067,2,0.287697971,0.23548551,0.54327135,0.38029085,0.798952268,0.648540666
21.6,49.4467268,-0.553273248,0.523183956,0.923561813,0.748813927,2,0.287698654,0.235485302,0.543271126,0.380290687,0.798951262,0.648539258
21.62,49.446727,-0.553273009,0.523184428,0.923561429,0.748812787,2,0.287699332,0.235485097,0.543270904,0.380290524,0.798950256,0.648537849
21.64,49.4467272,-0.553272772,0.523184896,0.923561047,0.748811647,2,0.287700004,0.235484893,0.543270684,0.380290363,0.79894925,0.648536441
21.66,49.4467275,-0.553272537,0.523185361,0.923560669,0.748810507,2,0.28770067,0.23548469,0.543270466,0.380290203,0.798948244,0.648535032
21.68,49.4467277,-0.553272304,0.523185821,0.923560294,0.748809366,2,0.287701332,0.235484489,0.543270249,0.380290044,0.798947238,0.648533624
21.7,49.4467279,-0.553272073,0.523186278,0.923559921,0.748808226,2,0.287701988,0.23548429,0.543270034,0.380289887,0.798946232,0.648532215
21.72,49.4467282,-0.553271843,0.523186732,0.923559552,0.748807086,2,0.287702639,0.235484093,0.543269821,0.380289731,0.798945226,0.648530807
21.74,49.4467284,-0.553271615,0.523187182,0.923559186,0.748805946,2,0.287703285,0.235483897,0.543269609,0.380289576,0.79894422,0.648529398
21.76,49.4467286,-0.55327139,0.523187628,0.923558822,0.748804806,2,0.287703926,0.235483702,0.5432694,0.380289422,0.798943213,0.64852799
21.78,49.4467288,-0.553271166,0.52318807,0.923558461,0.748803665,2,0.287704561,0.235483509,0.543269191,0.38028927,0.798942207,0.648526582
21.8,49.4467291,-0.553270943,0.52318851,0.923558104,0.748802525,2,0.287705192,0.235483318,0.543268985,0.380289119,0.798941201,0.648525173
21.82,49.4467293,-0.553270723,0.523188945,0.923557749,0.748801385,2,0.287705817,0.235483128,0.54326878,0.380288969,0.798940195,0.648523765
21.84,49.4467295,-0.553270504,0.523189377,0.923557397,0.748800245,2,0.287706438,0.235482939,0.543268577,0.38028882,0.798939189,0.648522356
21.86,49.4467297,-0.553270287,0.523189806,0.923557047,0.748799105,2,0.287707054,0.235482753,0.543268375,0.380288672,0.798938183,0.648520948
21.88,49.4467299,-0.553270072,0.523190231,0.923556701,0.748797964,2,0.287707664,0.235482567,0.543268175,0.380288526,0.798937177,0.648519539
21.9,49.4467301,-0.553269858,0.523190653,0.923556357,0.748796824,2,0.28770827,0.235482383,0.543267977,0.38028838,0.798936171,0.648518131
21.92,49.4467304,-0.553269647,0.523191072,0.923556016,0.748795684,2,0.287708871,0.235482201,0.54326778,0.380288236,0.798935165,0.648516722
21.94,49.4467306,-0.553269436,0.523191487,0.923555678,0.748794544,2,0.287709467,0.23548202,0.543267585,0.380288093,0.798934159,0.648515314
21.96,49.4467308,-0.553269228,0.523191899,0.923555342,0.748793404,2,0.287710059,0.23548184,0.543267391,0.380287951,0.798933153,0.648513905
21.98,49.446731,-0.553269021,0.523192308,0.923555009,0.748792264,2,0.287710646,0.235481662,0.543267199,0.380287811,0.798932147,0.648512497
22,49.4467312,-0.553268816,0.523192713,0.923554679,0.748791123,2,0.287711228,0.235481485,0.543267008,0.380287671,0.798931141,0.648511088
22.02,49.4467314,-0.553268612,0.523193115,0.923554352,0.748789983,2,0.287711805,0.23548131,0.543266819,0.380287533,0.798930135,0.64850968
22.04,49.4467316,-0.553268411,0.523193514,0.923554026,0.748788843,2,0.287712378,0.235481136,0.543266631,0.380287395,0.798929129,0.648508271
22.06,49.4467318,-0.55326821,0.52319391,0.923553704,0.748787703,2,0.287712946,0.235480964,0.543266445,0.380287259,0.798928123,0.648506863
22.08,49.446732,-0.553268012,0.523194303,0.923553384,0.748786563,2,0.28771351,0.235480793,0.54326626,0.380287124,0.798927117,0.648505454
22.1,49.4467322,-0.553267814,0.523194692,0.923553067,0.748785422,2,0.287714069,0.235480623,0.543266077,0.38028699,0.798926111,0.648504046
22.12,49.4467324,-0.553267619,0.523195079,0.923552752,0.748784282,2,0.287714624,0.235480454,0.543265895,0.380286857,0.798925105,0.648502637
22.14,49.4467326,-0.553267425,0.523195462,0.92355244,0.748783142,2,0.287715175,0.235480287,0.543265715,0.380286725,0.798924099,0.648501229
22.16,49.4467328,-0.553267232,0.523195842,0.92355213,0.748782002,2,0.287715721,0.235480121,0.543265536,0.380286594,0.798923092,0.648499821
22.18,49.446733,-0.553267041,0.523196219,0.923551823,0.748780862,2,0.287716263,0.235479957,0.543265359,0.380286464,0.798922086,0.648498412
22.2,49.4467331,-0.553266852,0.523196594,0.923551518,0.748779721,2,0.2877168,0.235479794,0.543265183,0.380286335,0.79892108,0.648497004
22.22,49.4467333,-0.553266664,0.523196965,0.923551215,0.748778581,2,0.287717333,0.235479632,0.543265008,0.380286207,0.798920074,0.648495595
22.24,49.4467335,-0.553266478,0.523197333,0.923550915,0.748777441,2,0.287717862,0.235479471,0.543264835,0.38028608,0.798919068,0.648494187
22.26,49.4467337,-0.553266293,0.523197699,0.923550617,0.748776301,2,0.287718387,0.235479312,0.543264663,0.380285954,0.798918062,0.648492778
22.28,49.4467339,-0.553266109,0.523198061,0.923550322,0.748775161,2,0.287718907,0.235479154,0.543264493,0.380285829,0.798917056,0.64849137
22.3,49.4467341,-0.553265927,0.523198421,0.923550029,0.748774021,2,0.287719423,0.235478997,0.543264324,0.380285706,0.79891605,0.648489961
22.32,49.4467343,-0.553265747,0.523198778,0.923549739,0.74877288,2,0.287719936,0.235478842,0.543264156,0.380285583,0.798915044,0.648488553
22.34,49.4467344,-0.553265568,0.523199132,0.92354945,0.74877174,2,0.287720444,0.235478688,0.543263989,0.380285461,0.798914038,0.648487144
22.36,49.4467346,-0.55326539,0.523199483,0.923549164,0.7487706,2,0.287720948,0.235478535,0.543263824,0.38028534,0.798913032,0.648485736
22.38,49.4467348,-0.553265214,0.523199831,0.92354888,0.74876946,2,0.287721448,0.235478383,0.54326366,0.38028522,0.798912026,0.648484327
22.4,49.446735,-0.553265039,0.523200176,0.923548599,0.74876832,2,0.287721944,0.235478232,0.543263498,0.380285101,0.79891102,0.648482919
22.42,49.4467351,-0.553264865,0.523200519,0.92354832,0.748767179,2,0.287722436,0.235478083,0.543263337,0.380284983,0.798910014,0.64848151
22.44,49.4467353,-0.553264693,0.523200859,0.923548043,0.748766039,2,0.287722925,0.235477935,0.543263177,0.380284866,0.798909008,0.648480102
22.46,49.4467355,-0.553264523,0.523201197,0.923547768,0.748764899,2,0.287723409,0.235477788,0.543263018,0.38028475,0.798908002,0.648478694
22.48,49.4467356,-0.553264353,0.523201531,0.923547495,0.748763759,2,0.28772389,0.235477642,0.543262861,0.380284634,0.798906996,0.648477285
22.5,49.4467358,-0.553264185,0.523201863,0.923547225,0.748762619,2,0.287724366,0.235477497,0.543262705,0.38028452,0.79890599,0.648475877
22.52,49.446736,-0.553264019,0.523202193,0.923546956,0.748761478,2,0.287724839,0.235477353,0.54326255,0.380284407,0.798904984,0.648474468
22.54,49.4467361,-0.553263853,0.523202519,0.92354669,0.748760338,2,0.287725308,0.235477211,0.543262396,0.380284294,0.798903978,0.64847306
22.56,49.4467363,-0.553263689,0.523202843,0.923546426,0.748759198,2,0.287725774,0.23547707,0.543262244,0.380284183,0.798902972,0.648471651
22.58,49.4467365,-0.553263526,0.523203165,0.923546164,0.748758058,2,0.287726235,0.23547693,0.543262092,0.380284072,0.798901966,0.648470243
22.6,49.4467366,-0.553263365,0.523203484,0.923545904,0.748756918,2,0.287726693,0.23547679,0.543261942,0.380283962,0.798900959,0.648468834
22.62,49.4467368,-0.553263205,0.5232038,0.923545647,0.748755778,2,0.287727148,0.235476653,0.543261794,0.380283853,0.798899953,0.648467426
22.64,49.446737,-0.553263046,0.523204114,0.923545391,0.748754637,2,0.287727599,0.235476516,0.543261646,0.380283745,0.798898947,0.648466017
22.66,49.4467371,-0.553262888,0.523204426,0.923545137,0.748753497,2,0.287728046,0.23547638,0.543261499,0.380283638,0.798897941,0.648464609
22.68,49.4467373,-0.553262732,0.523204735,0.923544885,0.748752357,2,0.287728489,0.235476245,0.543261354,0.380283531,0.798896935,0.6484632
22.7,49.4467374,-0.553262577,0.523205041,0.923544636,0.748751217,2,0.287728929,0.235476112,0.54326121,0.380283426,0.798895929,0.648461792
22.72,49.4467376,-0.553262423,0.523205345,0.923544388,0.748750077,2,0.287729366,0.235475979,0.543261067,0.380283321,0.798894923,0.648460384
22.74,49.4467377,-0.55326227,0.523205647,0.923544142,0.748748937,2,0.287729799,0.235475848,0.543260925,0.380283217,0.798893917,0.648458975
22.76,49.4467379,-0.553262119,0.523205946,0.923543899,0.748747796,2,0.287730229,0.235475717,0.543260784,0.380283114,0.798892911,0.648457567
22.78,49.446738,-0.553261969,0.523206243,0.923543657,0.748746656,2,0.287730655,0.235475588,0.543260645,0.380283012,0.798891905,0.648456158
22.8,49.4467382,-0.55326182,0.523206537,0.923543417,0.748745516,2,0.287731078,0.235475459,0.543260506,0.380282911,0.798890899,0.64845475
22.82,49.4467383,-0.553261672,0.52320683,0.923543179,0.748744376,2,0.287731497,0.235475332,0.543260369,0.38028281,0.798889893,0.648453341
22.84,49.4467385,-0.553261525,0.523207119,0.923542943,0.748743236,2,0.287731914,0.235475206,0.543260233,0.38028271,0.798888887,0.648451933
22.86,49.4467386,-0.55326138,0.523207407,0.923542708,0.748742095,2,0.287732326,0.23547508,0.543260097,0.380282611,0.798887881,0.648450524
22.88,49.4467388,-0.553261235,0.523207692,0.923542476,0.748740955,2,0.287732736,0.235474956,0.543259963,0.380282513,0.798886875,0.648449116
22.9,49.4467389,-0.553261092,0.523207975,0.923542246,0.748739815,2,0.287733142,0.235474833,0.54325983,0.380282415,0.798885869,0.648447707
22.92,49.446739,-0.55326095,0.523208256,0.923542017,0.748738675,2,0.287733545,0.23547471,0.543259698,0.380282319,0.798884863,0.648446299
22.94,49.4467392,-0.553260809,0.523208534,0.92354179,0.748737535,2,0.287733945,0.235474589,0.543259567,0.380282223,0.798883857,0.648444891
22.96,49.4467393,-0.553260669,0.52320881,0.923541565,0.748736395,2,0.287734342,0.235474469,0.543259437,0.380282128,0.798882851,0.648443482
22.98,49.4467395,-0.553260531,0.523209085,0.923541342,0.748735254,2,0.287734735,0.235474349,0.543259308,0.380282033,0.798881845,0.648442074
23,49.4467396,-0.553260393,0.523209356,0.92354112,0.748734114,2,0.287735126,0.235474231,0.543259181,0.38028194,0.798880839,0.648440665
23.02,49.4467397,-0.553260257,0.523209626,0.923540901,0.748732974,2,0.287735513,0.235474113,0.543259054,0.380281847,0.798879833,0.648439257
23.04,49.4467399,-0.553260121,0.523209894,0.923540683,0.748731834,2,0.287735897,0.235473996,0.543258928,0.380281755,0.798878827,0.648437848
23.06,49.44674,-0.553259987,0.523210159,0.923540466,0.748730694,2,0.287736278,0.235473881,0.543258803,0.380281663,0.798877821,0.64843644
23.08,49.4467401,-0.553259854,0.523210422,0.923540252,0.748729554,2,0.287736656,0.235473766,0.543258679,0.380281573,0.798876815,0.648435031
23.1,49.4467403,-0.553259721,0.523210684,0.923540039,0.748728413,2,0.287737031,0.235473652,0.543258556,0.380281483,0.798875809,0.648433623
23.12,49.4467404,-0.55325959,0.523210943,0.923539828,0.748727273,2,0.287737404,0.235473539,0.543258434,0.380281393,0.798874803,0.648432215
23.14,49.4467405,-0.55325946,0.5232112,0.923539618,0.748726133,2,0.287737773,0.235473427,0.543258314,0.380281305,0.798873796,0.648430806
23.16,49.4467407,-0.553259331,0.523211455,0.923539411,0.748724993,2,0.287738139,0.235473316,0.543258194,0.380281217,0.79887279,0.648429398
23.18,49.4467408,-0.553259203,0.523211708,0.923539205,0.748723853,2,0.287738502,0.235473206,0.543258075,0.38028113,0.798871784,0.648427989
23.2,49.4467409,-0.553259076,0.523211959,0.923539,0.748722712,2,0.287738863,0.235473096,0.543257957,0.380281044,0.798870778,0.648426581
23.22,49.4467411,-0.55325895,0.523212208,0.923538797,0.748721572,2,0.28773922,0.235472988,0.543257839,0.380280958,0.798869772,0.648425172
23.24,49.4467412,-0.553258825,0.523212455,0.923538596,0.748720432,2,0.287739575,0.23547288,0.543257723,0.380280873,0.798868766,0.648423764
23.26,49.4467413,-0.553258701,0.5232127,0.923538396,0.748719292,2,0.287739927,0.235472773,0.543257608,0.380280788,0.79886776,0.648422355
23.28,49.4467414,-0.553258578,0.523212943,0.923538198,0.748718152,2,0.287740276,0.235472667,0.543257494,0.380280705,0.798866754,0.648420947
23.3,49.4467415,-0.553258456,0.523213184,0.923538002,0.748717012,2,0.287740622,0.235472562,0.54325738,0.380280622,0.798865748,0.648419538
23.32,49.4467417,-0.553258335,0.523213423,0.923537807,0.748715871,2,0.287740966,0.235472458,0.543257268,0.380280539,0.798864742,0.64841813
23.34,49.4467418,-0.553258215,0.523213661,0.923537614,0.748714731,2,0.287741306,0.235472354,0.543257156,0.380280457,0.798863736,0.648416722
23.36,49.4467419,-0.553258095,0.523213896,0.923537422,0.748713591,2,0.287741644,0.235472252,0.543257045,0.380280376,0.79886273,0.648415313
23.38,49.446742,-0.553257977,0.52321413,0.923537232,0.748712451,2,0.28774198,0.23547215,0.543256936,0.380280296,0.798861724,0.648413905
23.4,49.4467421,-0.55325786,0.523214361,0.923537043,0.748711311,2,0.287742312,0.235472049,0.543256827,0.380280216,0.798860718,0.648412496
23.42,49.4467423,-0.553257744,0.523214591,0.923536855,0.748710171,2,0.287742643,0.235471949,0.543256718,0.380280137,0.798859712,0.648411088
23.44,49.4467424,-0.553257628,0.523214819,0.92353667,0.74870903,2,0.28774297,0.235471849,0.543256611,0.380280058,0.798858706,0.648409679
23.46,49.4467425,-0.553257514,0.523215046,0.923536485,0.74870789,2,0.287743295,0.235471751,0.543256505,0.380279981,0.7988577,0.648408271
23.48,49.4467426,-0.5532574,0.52321527,0.923536303,0.74870675,2,0.287743617,0.235471653,0.543256399,0.380279903,0.798856694,0.648406862
23.5,49.4467427,-0.553257287,0.523215493,0.923536121,0.74870561,2,0.287743937,0.235471556,0.543256295,0.380279827,0.798855688,0.648405454
23.52,49.4467428,-0.553257176,0.523215714,0.923535941,0.74870447,2,0.287744254,0.23547146,0.543256191,0.380279751,0.798854682,0.648404046
23.54,49.4467429,-0.553257065,0.523215933,0.923535763,0.74870333,2,0.287744569,0.235471364,0.543256088,0.380279675,0.798853676,0.648402637
23.56,49.446743,-0.553256955,0.52321615,0.923535586,0.748702189,2,0.287744881,0.235471269,0.543255985,0.3802796,0.79885267,0.648401229
23.58,49.4467432,-0.553256846,0.523216366,0.92353541,0.748701049,2,0.28774519,0.235471175,0.543255884,0.380279526,0.798851664,0.64839982
23.6,49.4467433,-0.553256737,0.52321658,0.923535236,0.748699909,2,0.287745497,0.235471082,0.543255783,0.380279452,0.798850658,0.648398412
23.62,49.4467434,-0.55325663,0.523216792,0.923535063,0.748698769,2,0.287745802,0.23547099,0.543255684,0.380279379,0.798849652,0.648397003
23.64,49.4467435,-0.553256523,0.523217002,0.923534891,0.748697629,2,0.287746104,0.235470898,0.543255585,0.380279307,0.798848646,0.648395595
23.66,49.4467436,-0.553256418,0.523217211,0.923534721,0.748696489,2,0.287746404,0.235470807,0.543255486,0.380279235,0.79884764,0.648394186
23.68,49.4467437,-0.553256313,0.523217418,0.923534552,0.748695348,2,0.287746702,0.235470716,0.543255389,0.380279163,0.798846634,0.648392778
23.7,49.4467438,-0.553256209,0.523217624,0.923534385,0.748694208,2,0.287746997,0.235470627,0.543255292,0.380279093,0.798845628,0.64839137
23.72,49.4467439,-0.553256106,0.523217828,0.923534219,0.748693068,2,0.28774729,0.235470538,0.543255196,0.380279022,0.798844622,0.648389961
23.74,49.446744,-0.553256003,0.52321803,0.923534054,0.748691928,2,0.28774758,0.23547045,0.543255101,0.380278953,0.798843616,0.648388553
23.76,49.4467441,-0.553255902,0.523218231,0.923533891,0.748690788,2,0.287747868,0.235470362,0.543255007,0.380278884,0.79884261,0.648387144
23.78,49.4467442,-0.553255801,0.52321843,0.923533728,0.748689648,2,0.287748154,0.235470276,0.543254913,0.380278815,0.798841604,0.648385736
23.8,49.4467443,-0.553255701,0.523218627,0.923533567,0.748688507,2,0.287748438,0.23547019,0.54325482,0.380278747,0.798840597,0.648384327
23.82,49.4467444,-0.553255602,0.523218823,0.923533408,0.748687367,2,0.287748719,0.235470104,0.543254728,0.38027868,0.798839591,0.648382919
23.84,49.4467445,-0.553255504,0.523219018,0.92353325,0.748686227,2,0.287748998,0.235470019,0.543254637,0.380278613,0.798838585,0.648381511
23.86,49.4467446,-0.553255406,0.52321921,0.923533092,0.748685087,2,0.287749275,0.235469935,0.543254546,0.380278546,0.798837579,0.648380102
23.88,49.4467447,-0.553255309,0.523219402,0.923532937,0.748683947,2,0.28774955,0.235469852,0.543254456,0.38027848,0.798836573,0.648378694
23.9,49.4467448,-0.553255213,0.523219591,0.923532782,0.748682807,2,0.287749822,0.235469769,0.543254367,0.380278415,0.798835567,0.648377285
23.92,49.4467449,-0.553255118,0.52321978,0.923532629,0.748681666,2,0.287750092,0.235469687,0.543254278,0.38027835,0.798834561,0.648375877
23.94,49.446745,-0.553255023,0.523219966,0.923532477,0.748680526,2,0.287750361,0.235469606,0.543254191,0.380278286,0.798833555,0.648374468
23.96,49.4467451,-0.55325493,0.523220152,0.923532326,0.748679386,2,0.287750627,0.235469525,0.543254103,0.380278222,0.798832549,0.64837306
23.98,49.4467452,-0.553254837,0.523220335,0.923532176,0.748678246,2,0.287750891,0.235469445,0.543254017,0.380278159,0.798831543,0.648371651
24,49.4467453,-0.553254744,0.523220518,0.923532027,0.748677106,2,0.287751152,0.235469365,0.543253931,0.380278096,0.798830537,0.648370243
24.02,49.4467453,-0.553254653,0.523220699,0.92353188,0.748675966,2,0.287751412,0.235469287,0.543253846,0.380278034,0.798829531,0.648368835
24.04,49.4467454,-0.553254562,0.523220878,0.923531734,0.748674825,2,0.28775167,0.235469208,0.543253762,0.380277972,0.798828525,0.648367426
24.06,49.4467455,-0.553254472,0.523221056,0.923531589,0.748673685,2,0.287751925,0.235469131,0.543253678,0.380277911,0.798827519,0.648366018
24.08,49.4467456,-0.553254383,0.523221233,0.923531445,0.748672545,2,0.287752179,0.235469054,0.543253595,0.38027785,0.798826513,0.648364609
24.1,49.4467457,-0.553254294,0.523221408,0.923531302,0.748671405,2,0.28775243,0.235468977,0.543253513,0.38027779,0.798825507,0.648363201
24.12,49.4467458,-0.553254206,0.523221582,0.923531161,0.748670265,2,0.28775268,0.235468902,0.543253431,0.38027773,0.798824501,0.648361792
24.14,49.4467459,-0.553254119,0.523221754,0.92353102,0.748669125,2,0.287752928,0.235468827,0.54325335,0.38027767,0.798823495,0.648360384
24.16,49.446746,-0.553254032,0.523221925,0.923530881,0.748667985,2,0.287753173,0.235468752,0.543253269,0.380277612,0.798822489,0.648358976
24.18,49.4467461,-0.553253946,0.523222095,0.923530743,0.748666844,2,0.287753417,0.235468678,0.54325319,0.380277553,0.798821483,0.648357567
24.2,49.4467461,-0.553253861,0.523222263,0.923530605,0.748665704,2,0.287753658,0.235468605,0.54325311,0.380277495,0.798820477,0.648356159
24.22,49.4467462,-0.553253777,0.52322243,0.923530469,0.748664564,2,0.287753898,0.235468532,0.543253032,0.380277438,0.798819471,0.64835475
24.24,49.4467463,-0.553253693,0.523222596,0.923530335,0.748663424,2,0.287754136,0.23546846,0.543252954,0.380277381,0.798818465,0.648353342
24.26,49.4467464,-0.55325361,0.52322276,0.923530201,0.748662284,2,0.287754372,0.235468388,0.543252877,0.380277324,0.798817459,0.648351933
24.28,49.4467465,-0.553253527,0.523222923,0.923530068,0.748661144,2,0.287754606,0.235468317,0.5432528,0.380277268,0.798816453,0.648350525
24.3,49.4467466,-0.553253445,0.523223085,0.923529936,0.748660003,2,0.287754838,0.235468246,0.543252724,0.380277212,0.798815447,0.648349116
24.32,49.4467466,-0.553253364,0.523223245,0.923529805,0.748658863,2,0.287755069,0.235468177,0.543252648,0.380277157,0.798814441,0.648347708
24.34,49.4467467,-0.553253283,0.523223404,0.923529676,0.748657723,2,0.287755297,0.235468107,0.543252574,0.380277102,0.798813435,0.6483463
24.36,49.4467468,-0.553253204,0.523223562,0.923529547,0.748656583,2,0.287755524,0.235468038,0.543252499,0.380277048,0.798812429,0.648344891
24.38,49.4467469,-0.553253124,0.523223719,0.923529419,0.748655443,2,0.287755749,0.23546797,0.543252426,0.380276994,0.798811423,0.648343483
24.4,49.446747,-0.553253046,0.523223874,0.923529293,0.748654303,2,0.287755972,0.235467902,0.543252353,0.38027694,0.798810417,0.648342074
24.42,49.446747,-0.553252968,0.523224029,0.923529167,0.748653162,2,0.287756193,0.235467835,0.54325228,0.380276887,0.798809411,0.648340666
24.44,49.4467471,-0.55325289,0.523224181,0.923529043,0.748652022,2,0.287756413,0.235467768,0.543252208,0.380276835,0.798808405,0.648339257
24.46,49.4467472,-0.553252813,0.523224333,0.923528919,0.748650882,2,0.287756631,0.235467702,0.543252137,0.380276782,0.798807399,0.648337849
24.48,49.4467473,-0.553252737,0.523224484,0.923528796,0.748649742,2,0.287756847,0.235467637,0.543252066,0.38027673,0.798806393,0.648336441
24.5,49.4467473,-0.553252662,0.523224633,0.923528675,0.748648602,2,0.287757061,0.235467572,0.543251996,0.380276679,0.798805387,0.648335032
24.52,49.4467474,-0.553252587,0.523224781,0.923528554,0.748647462,2,0.287757274,0.235467507,0.543251926,0.380276628,0.798804381,0.648333624
24.54,49.4467475,-0.553252512,0.523224928,0.923528434,0.748646321,2,0.287757485,0.235467443,0.543251857,0.380276577,0.798803375,0.648332215
24.56,49.4467476,-0.553252439,0.523225074,0.923528316,0.748645181,2,0.287757694,0.23546738,0.543251788,0.380276527,0.798802369,0.648330807
24.58,49.4467476,-0.553252365,0.523225218,0.923528198,0.748644041,2,0.287757902,0.235467316,0.54325172,0.380276477,0.798801363,0.648329398
24.6,49.4467477,-0.553252293,0.523225362,0.923528081,0.748642901,2,0.287758108,0.235467254,0.543251653,0.380276428,0.798800357,0.64832799
24.62,49.4467478,-0.553252221,0.523225504,0.923527965,0.748641761,2,0.287758312,0.235467192,0.543251586,0.380276379,0.79879935,0.648326582
24.64,49.4467479,-0.553252149,0.523225645,0.92352785,0.748640621,2,0.287758515,0.23546713,0.54325152,0.38027633,0.798798344,0.648325173
24.66,49.4467479,-0.553252078,0.523225785,0.923527736,0.748639481,2,0.287758716,0.235467069,0.543251454,0.380276282,0.798797338,0.648323765
24.68,49.446748,-0.553252008,0.523225924,0.923527623,0.74863834,2,0.287758916,0.235467009,0.543251388,0.380276234,0.798796332,0.648322356
24.7,49.4467481,-0.553251938,0.523226062,0.92352751,0.7486372,2,0.287759114,0.235466949,0.543251324,0.380276187,0.798795326,0.648320948
24.72,49.4467481,-0.553251869,0.523226199,0.923527399,0.74863606,2,0.28775931,0.235466889,0.543251259,0.38027614,0.79879432,0.648319539
24.74,49.4467482,-0.553251801,0.523226335,0.923527289,0.74863492,2,0.287759505,0.23546683,0.543251196,0.380276093,0.798793314,0.648318131
24.76,49.4467483,-0.553251732,0.523226469,0.923527179,0.74863378,2,0.287759698,0.235466771,0.543251132,0.380276047,0.798792308,0.648316723
24.78,49.4467483,-0.553251665,0.523226603,0.92352707,0.74863264,2,0.28775989,0.235466713,0.543251069,0.380276001,0.798791302,0.648315314
24.8,49.4467484,-0.553251598,0.523226735,0.923526962,0.748631499,2,0.28776008,0.235466655,0.543251007,0.380275955,0.798790296,0.648313906
24.82,49.4467485,-0.553251531,0.523226867,0.923526855,0.748630359,2,0.287760268,0.235466598,0.543250945,0.38027591,0.79878929,0.648312497
24.84,49.4467485,-0.553251465,0.523226997,0.923526749,0.748629219,2,0.287760456,0.235466541,0.543250884,0.380275865,0.798788284,0.648311089
24.86,49.4467486,-0.5532514,0.523227126,0.923526644,0.748628079,2,0.287760641,0.235466485,0.543250823,0.38027582,0.798787278,0.64830968
24.88,49.4467487,-0.553251335,0.523227254,0.923526539,0.748626939,2,0.287760825,0.235466429,0.543250763,0.380275776,0.798786272,0.648308272
24.9,49.4467487,-0.553251271,0.523227382,0.923526435,0.748625799,2,0.287761008,0.235466373,0.543250703,0.380275732,0.798785266,0.648306864
24.92,49.4467488,-0.553251207,0.523227508,0.923526333,0.748624658,2,0.287761189,0.235466318,0.543250644,0.380275689,0.79878426,0.648305455
24.94,49.4467489,-0.553251143,0.523227633,0.923526231,0.748623518,2,0.287761369,0.235466264,0.543250585,0.380275646,0.798783254,0.648304047
24.96,49.4467489,-0.55325108,0.523227757,0.923526129,0.748622378,2,0.287761548,0.23546621,0.543250526,0.380275603,0.798782248,0.648302638
24.98,49.446749,-0.553251018,0.523227881,0.923526029,0.748621238,2,0.287761725,0.235466156,0.543250468,0.380275561,0.798781242,0.64830123
25,49.446749,-0.553250956,0.523228003,0.923525929,0.748620098,2,0.2877619,0.235466103,0.543250411,0.380275519,0.798780236,0.648299821
25.02,49.4467491,-0.553250895,0.523228124,0.923525831,0.748618958,2,0.287762074,0.23546605,0.543250354,0.380275477,0.79877923,0.648298413
25.04,49.4467492,-0.553250834,0.523228245,0.923525733,0.748617818,2,0.287762247,0.235465997,0.543250297,0.380275435,0.798778224,0.648297005
25.06,49.4467492,-0.553250773,0.523228364,0.923525635,0.748616677,2,0.287762419,0.235465945,0.543250241,0.380275394,0.798777218,0.648295596
25.08,49.4467493,-0.553250714,0.523228482,0.923525539,0.748615537,2,0.287762589,0.235465894,0.543250185,0.380275353,0.798776212,0.648294188
25.1,49.4467493,-0.553250654,0.5232286,0.923525443,0.748614397,2,0.287762757,0.235465842,0.54325013,0.380275313,0.798775206,0.648292779
25.12,49.4467494,-0.553250595,0.523228716,0.923525348,0.748613257,2,0.287762925,0.235465792,0.543250075,0.380275273,0.7987742,0.648291371
25.14,49.4467495,-0.553250537,0.523228832,0.923525254,0.748612117,2,0.287763091,0.235465741,0.543250021,0.380275233,0.798773194,0.648289962
25.16,49.4467495,-0.553250479,0.523228947,0.923525161,0.748610977,2,0.287763255,0.235465691,0.543249967,0.380275194,0.798772188,0.648288554
25.18,49.4467496,-0.553250421,0.523229061,0.923525068,0.748609836,2,0.287763419,0.235465642,0.543249913,0.380275154,0.798771182,0.648287146
25.2,49.4467496,-0.553250364,0.523229173,0.923524976,0.748608696,2,0.287763581,0.235465592,0.54324986,0.380275115,0.798770176,0.648285737
25.22,49.4467497,-0.553250307,0.523229285,0.923524885,0.748607556,2,0.287763742,0.235465544,0.543249808,0.380275077,0.79876917,0.648284329
25.24,49.4467497,-0.553250251,0.523229396,0.923524794,0.748606416,2,0.287763901,0.235465495,0.543249755,0.380275039,0.798768164,0.64828292
25.26,49.4467498,-0.553250195,0.523229507,0.923524704,0.748605276,2,0.287764059,0.235465447,0.543249704,0.380275001,0.798767158,0.648281512
25.28,49.4467499,-0.55325014,0.523229616,0.923524615,0.748604136,2,0.287764216,0.2354654,0.543249652,0.380274963,0.798766152,0.648280103
25.3,49.4467499,-0.553250085,0.523229724,0.923524527,0.748602996,2,0.287764372,0.235465352,0.543249601,0.380274926,0.798765146,0.648278695
25.32,49.44675,-0.55325003,0.523229832,0.923524439,0.748601855,2,0.287764527,0.235465305,0.543249551,0.380274889,0.79876414,0.648277287
25.34,49.44675,-0.553249976,0.523229939,0.923524352,0.748600715,2,0.28776468,0.235465259,0.5432495,0.380274852,0.798763134,0.648275878
25.36,49.4467501,-0.553249923,0.523230045,0.923524266,0.748599575,2,0.287764832,0.235465213,0.543249451,0.380274815,0.798762128,0.64827447
25.38,49.4467501,-0.55324987,0.52323015,0.92352418,0.748598435,2,0.287764983,0.235465167,0.543249401,0.380274779,0.798761122,0.648273061
25.4,49.4467502,-0.553249817,0.523230254,0.923524096,0.748597295,2,0.287765132,0.235465121,0.543249352,0.380274743,0.798760116,0.648271653
25.42,49.4467502,-0.553249765,0.523230357,0.923524011,0.748596155,2,0.287765281,0.235465076,0.543249304,0.380274708,0.79875911,0.648270244
25.44,49.4467503,-0.553249713,0.52323046,0.923523928,0.748595014,2,0.287765428,0.235465032,0.543249255,0.380274672,0.798758104,0.648268836
25.46,49.4467503,-0.553249661,0.523230562,0.923523845,0.748593874,2,0.287765574,0.235464987,0.543249208,0.380274637,0.798757098,0.648267428
25.48,49.4467504,-0.55324961,0.523230663,0.923523763,0.748592734,2,0.287765719,0.235464943,0.54324916,0.380274603,0.798756092,0.648266019
25.5,49.4467504,-0.55324956,0.523230763,0.923523681,0.748591594,2,0.287765863,0.2354649,0.543249113,0.380274568,0.798755086,0.648264611
25.52,49.4467505,-0.553249509,0.523230862,0.9235236,0.748590454,2,0.287766006,0.235464856,0.543249066,0.380274534,0.79875408,0.648263202
25.54,49.4467505,-0.553249459,0.523230961,0.92352352,0.748589314,2,0.287766147,0.235464813,0.54324902,0.3802745,0.798753074,0.648261794
25.56,49.4467506,-0.55324941,0.523231058,0.92352344,0.748588174,2,0.287766287,0.235464771,0.543248974,0.380274466,0.798752068,0.648260385
25.58,49.4467506,-0.553249361,0.523231155,0.923523361,0.748587033,2,0.287766427,0.235464729,0.543248928,0.380274433,0.798751062,0.648258977
25.6,49.4467507,-0.553249312,0.523231252,0.923523283,0.748585893,2,0.287766565,0.235464687,0.543248883,0.3802744,0.798750056,0.648257569
25.62,49.4467507,-0.553249264,0.523231347,0.923523205,0.748584753,2,0.287766702,0.235464645,0.543248838,0.380274367,0.79874905,0.64825616
25.64,49.4467508,-0.553249216,0.523231442,0.923523128,0.748583613,2,0.287766838,0.235464604,0.543248794,0.380274334,0.798748044,0.648254752
25.66,49.4467508,-0.553249168,0.523231536,0.923523051,0.748582473,2,0.287766973,0.235464563,0.543248749,0.380274302,0.798747038,0.648253343
25.68,49.4467509,-0.553249121,0.523231629,0.923522976,0.748581333,2,0.287767107,0.235464522,0.543248706,0.38027427,0.798746032,0.648251935
25.7,49.4467509,-0.553249074,0.523231721,0.9235229,0.748580193,2,0.287767239,0.235464482,0.543248662,0.380274238,0.798745025,0.648250527
25.72,49.446751,-0.553249028,0.523231813,0.923522826,0.748579052,2,0.287767371,0.235464442,0.543248619,0.380274206,0.798744019,0.648249118
25.74,49.446751,-0.553248982,0.523231904,0.923522751,0.748577912,2,0.287767502,0.235464402,0.543248576,0.380274175,0.798743013,0.64824771
25.76,49.4467511,-0.553248936,0.523231994,0.923522678,0.748576772,2,0.287767631,0.235464363,0.543248534,0.380274144,0.798742007,0.648246301
25.78,49.4467511,-0.553248891,0.523232084,0.923522605,0.748575632,2,0.28776776,0.235464324,0.543248492,0.380274113,0.798741001,0.648244893
25.8,49.4467512,-0.553248846,0.523232172,0.923522533,0.748574492,2,0.287767887,0.235464285,0.54324845,0.380274083,0.798739995,0.648243484
25.82,49.4467512,-0.553248801,0.523232261,0.923522461,0.748573352,2,0.287768014,0.235464247,0.543248408,0.380274052,0.798738989,0.648242076
25.84,49.4467512,-0.553248757,0.523232348,0.92352239,0.748572211,2,0.287768139,0.235464209,0.543248367,0.380274022,0.798737983,0.648240668
25.86,49.4467513,-0.553248713,0.523232435,0.923522319,0.748571071,2,0.287768264,0.235464171,0.543248327,0.380273992,0.798736977,0.648239259
25.88,49.4467513,-0.55324867,0.523232521,0.923522249,0.748569931,2,0.287768387,0.235464133,0.543248286,0.380273963,0.798735971,0.648237851
25.9,49.4467514,-0.553248627,0.523232606,0.923522179,0.748568791,2,0.28776851,0.235464096,0.543248246,0.380273933,0.798734965,0.648236442
25.92,49.4467514,-0.553248584,0.523232691,0.92352211,0.748567651,2,0.287768631,0.235464059,0.543248206,0.380273904,0.798733959,0.648235034
25.94,49.4467515,-0.553248541,0.523232775,0.923522042,0.748566511,2,0.287768752,0.235464023,0.543248167,0.380273875,0.798732953,0.648233625
25.96,49.4467515,-0.553248499,0.523232858,0.923521974,0.748565371,2,0.287768872,0.235463986,0.543248127,0.380273847,0.798731947,0.648232217
25.98,49.4467515,-0.553248457,0.523232941,0.923521907,0.74856423,2,0.28776899,0.23546395,0.543248089,0.380273818,0.798730941,0.648230809
26,49.4467516,-0.553248416,0.523233023,0.92352184,0.74856309,2,0.287769108,0.235463915,0.54324805,0.38027379,0.798729935,0.6482294
26.02,49.4467516,-0.553248375,0.523233104,0.923521774,0.74856195,2,0.287769225,0.235463879,0.543248012,0.380273762,0.798728929,0.648227992
26.04,49.4467517,-0.553248334,0.523233185,0.923521708,0.74856081,2,0.287769341,0.235463844,0.543247974,0.380273734,0.798727923,0.648226583
26.06,49.4467517,-0.553248293,0.523233265,0.923521643,0.74855967,2,0.287769456,0.235463809,0.543247936,0.380273707,0.798726917,0.648225175
26.08,49.4467517,-0.553248253,0.523233344,0.923521578,0.74855853,2,0.28776957,0.235463774,0.543247899,0.380273679,0.798725911,0.648223767
26.1,49.4467518,-0.553248213,0.523233423,0.923521514,0.748557389,2,0.287769683,0.23546374,0.543247862,0.380273652,0.798724905,0.648222358
26.12,49.4467518,-0.553248174,0.523233501,0.92352145,0.748556249,2,0.287769795,0.235463706,0.543247825,0.380273625,0.798723899,0.64822095
26.14,49.4467519,-0.553248134,0.523233579,0.923521387,0.748555109,2,0.287769906,0.235463672,0.543247789,0.380273598,0.798722893,0.648219541
26.16,49.4467519,-0.553248095,0.523233656,0.923521324,0.748553969,2,0.287770017,0.235463639,0.543247752,0.380273572,0.798721887,0.648218133
26.18,49.4467519,-0.553248057,0.523233732,0.923521262,0.748552829,2,0.287770126,0.235463605,0.543247716,0.380273546,0.798720881,0.648216724
26.2,49.446752,-0.553248019,0.523233808,0.9235212,0.748551689,2,0.287770235,0.235463572,0.543247681,0.38027352,0.798719875,0.648215316
26.22,49.446752,-0.55324798,0.523233883,0.923521139,0.748550549,2,0.287770343,0.23546354,0.543247646,0.380273494,0.798718869,0.648213908
26.24,49.4467521,-0.553247943,0.523233957,0.923521079,0.748549408,2,0.28777045,0.235463507,0.543247611,0.380273468,0.798717863,0.648212499
26.26,49.4467521,-0.553247905,0.523234031,0.923521018,0.748548268,2,0.287770556,0.235463475,0.543247576,0.380273443,0.798716857,0.648211091
26.28,49.4467521,-0.553247868,0.523234104,0.923520959,0.748547128,2,0.287770661,0.235463443,0.543247541,0.380273417,0.798715851,0.648209682
26.3,49.4467522,-0.553247831,0.523234177,0.923520899,0.748545988,2,0.287770766,0.235463411,0.543247507,0.380273392,0.798714845,0.648208274
26.32,49.4467522,-0.553247795,0.523234249,0.923520841,0.748544848,2,0.287770869,0.23546338,0.543247473,0.380273367,0.798713839,0.648206865
26.34,49.4467522,-0.553247759,0.523234321,0.923520782,0.748543708,2,0.287770972,0.235463349,0.543247439,0.380273343,0.798712833,0.648205457
26.36,49.4467523,-0.553247723,0.523234392,0.923520724,0.748542568,2,0.287771074,0.235463318,0.543247406,0.380273318,0.798711827,0.648204049
26.38,49.4467523,-0.553247687,0.523234462,0.923520667,0.748541427,2,0.287771175,0.235463287,0.543247373,0.380273294,0.798710821,0.64820264
26.4,49.4467523,-0.553247652,0.523234532,0.92352061,0.748540287,2,0.287771276,0.235463257,0.54324734,0.38027327,0.798709815,0.648201232
26.42,49.4467524,-0.553247617,0.523234602,0.923520554,0.748539147,2,0.287771375,0.235463226,0.543247307,0.380273246,0.798708809,0.648199823
26.44,49.4467524,-0.553247582,0.52323467,0.923520498,0.748538007,2,0.287771474,0.235463196,0.543247275,0.380273222,0.798707803,0.648198415
26.46,49.4467525,-0.553247547,0.523234739,0.923520442,0.748536867,2,0.287771572,0.235463167,0.543247243,0.380273199,0.798706797,0.648197007
26.48,49.4467525,-0.553247513,0.523234806,0.923520387,0.748535727,2,0.287771669,0.235463137,0.543247211,0.380273176,0.798705791,0.648195598
26.5,49.4467525,-0.553247479,0.523234873,0.923520332,0.748534587,2,0.287771766,0.235463108,0.54324718,0.380273153,0.798704785,0.64819419
26.52,49.4467526,-0.553247445,0.52323494,0.923520278,0.748533446,2,0.287771861,0.235463079,0.543247148,0.38027313,0.798703779,0.648192781
26.54,49.4467526,-0.553247412,0.523235006,0.923520224,0.748532306,2,0.287771956,0.23546305,0.543247117,0.380273107,0.798702773,0.648191373
26.56,49.4467526,-0.553247379,0.523235072,0.923520171,0.748531166,2,0.28777205,0.235463021,0.543247086,0.380273084,0.798701767,0.648189964
26.58,49.4467527,-0.553247346,0.523235137,0.923520118,0.748530026,2,0.287772144,0.235462993,0.543247056,0.380273062,0.798700761,0.648188556
26.6,49.4467527,-0.553247313,0.523235201,0.923520065,0.748528886,2,0.287772236,0.235462965,0.543247025,0.38027304,0.798699755,0.648187148
26.62,49.4467527,-0.553247281,0.523235265,0.923520013,0.748527746,2,0.287772328,0.235462937,0.543246995,0.380273018,0.798698749,0.648185739
26.64,49.4467528,-0.553247249,0.523235329,0.923519961,0.748526605,2,0.287772419,0.235462909,0.543246965,0.380272996,0.798697743,0.648184331
26.66,49.4467528,-0.553247217,0.523235392,0.92351991,0.748525465,2,0.28777251,0.235462882,0.543246936,0.380272974,0.798696737,0.648182922
26.68,49.4467528,-0.553247185,0.523235454,0.923519859,0.748524325,2,0.2877726,0.235462855,0.543246906,0.380272953,0.798695731,0.648181514
26.7,49.4467528,-0.553247154,0.523235516,0.923519809,0.748523185,2,0.287772689,0.235462828,0.543246877,0.380272931,0.798694725,0.648180105
26.72,49.4467529,-0.553247123,0.523235578,0.923519758,0.748522045,2,0.287772777,0.235462801,0.543246848,0.38027291,0.798693719,0.648178697
26.74,49.4467529,-0.553247092,0.523235639,0.923519709,0.748520905,2,0.287772864,0.235462774,0.54324682,0.380272889,0.798692713,0.648177289
26.76,49.4467529,-0.553247061,0.523235699,0.923519659,0.748519765,2,0.287772951,0.235462748,0.543246791,0.380272868,0.798691707,0.64817588
26.78,49.446753,-0.553247031,0.523235759,0.92351961,0.748518624,2,0.287773038,0.235462722,0.543246763,0.380272847,0.798690701,0.648174472
26.8,49.446753,-0.553247001,0.523235819,0.923519562,0.748517484,2,0.287773123,0.235462696,0.543246735,0.380272827,0.798689695,0.648173063
26.82,49.446753,-0.553246971,0.523235878,0.923519514,0.748516344,2,0.287773208,0.23546267,0.543246707,0.380272807,0.798688689,0.648171655
26.84,49.4467531,-0.553246941,0.523235937,0.923519466,0.748515204,2,0.287773292,0.235462644,0.54324668,0.380272786,0.798687683,0.648170247
26.86,49.4467531,-0.553246912,0.523235995,0.923519419,0.748514064,2,0.287773376,0.235462619,0.543246652,0.380272766,0.798686677,0.648168838
26.88,49.4467531,-0.553246882,0.523236052,0.923519372,0.748512924,2,0.287773459,0.235462594,0.543246625,0.380272747,0.798685671,0.64816743
26.9,49.4467531,-0.553246853,0.52323611,0.923519325,0.748511784,2,0.287773541,0.235462569,0.543246598,0.380272727,0.798684665,0.648166021
26.92,49.4467532,-0.553246825,0.523236166,0.923519279,0.748510643,2,0.287773622,0.235462544,0.543246572,0.380272707,0.798683659,0.648164613
26.94,49.4467532,-0.553246796,0.523236223,0.923519233,0.748509503,2,0.287773703,0.23546252,0.543246545,0.380272688,0.798682653,0.648163204
26.96,49.4467532,-0.553246768,0.523236279,0.923519187,0.748508363,2,0.287773783,0.235462495,0.543246519,0.380272669,0.798681647,0.648161796
26.98,49.4467533,-0.55324674,0.523236334,0.923519142,0.748507223,2,0.287773863,0.235462471,0.543246493,0.38027265,0.798680641,0.648160388
27,49.4467533,-0.553246712,0.523236389,0.923519097,0.748506083,2,0.287773942,0.235462447,0.543246467,0.380272631,0.798679635,0.648158979
27.02,49.4467533,-0.553246684,0.523236444,0.923519053,0.748504943,2,0.28777402,0.235462423,0.543246441,0.380272612,0.798678629,0.648157571
27.04,49.4467533,-0.553246657,0.523236498,0.923519009,0.748503803,2,0.287774098,0.2354624,0.543246416,0.380272593,0.798677623,0.648156162
27.06,49.4467534,-0.55324663,0.523236551,0.923518965,0.748502662,2,0.287774175,0.235462376,0.54324639,0.380272575,0.798676617,0.648154754
27.08,49.4467534,-0.553246603,0.523236605,0.923518922,0.748501522,2,0.287774251,0.235462353,0.543246365,0.380272556,0.798675611,0.648153346
27.1,49.4467534,-0.553246576,0.523236658,0.923518879,0.748500382,2,0.287774327,0.23546233,0.543246341,0.380272538,0.798674605,0.648151937
27.12,49.4467535,-0.55324655,0.52323671,0.923518836,0.748499242,2,0.287774403,0.235462307,0.543246316,0.38027252,0.798673599,0.648150529
27.14,49.4467535,-0.553246523,0.523236762,0.923518794,0.748498102,2,0.287774477,0.235462285,0.543246291,0.380272502,0.798672593,0.64814912
27.16,49.4467535,-0.553246497,0.523236814,0.923518752,0.748496962,2,0.287774551,0.235462262,0.543246267,0.380272484,0.798671587,0.648147712
27.18,49.4467535,-0.553246471,0.523236865,0.92351871,0.748495821,2,0.287774625,0.23546224,0.543246243,0.380272467,0.79867058,0.648146303
27.2,49.4467536,-0.553246446,0.523236915,0.923518669,0.748494681,2,0.287774698,0.235462218,0.543246219,0.380272449,0.798669574,0.648144895
27.22,49.4467536,-0.55324642,0.523236966,0.923518628,0.748493541,2,0.28777477,0.235462196,0.543246196,0.380272432,0.798668568,0.648143487
27.24,49.4467536,-0.553246395,0.523237016,0.923518587,0.748492401,2,0.287774842,0.235462174,0.543246172,0.380272415,0.798667562,0.648142078
27.26,49.4467536,-0.55324637,0.523237065,0.923518546,0.748491261,2,0.287774913,0.235462152,0.543246149,0.380272398,0.798666556,0.64814067
27.28,49.4467537,-0.553246345,0.523237115,0.923518506,0.748490121,2,0.287774984,0.235462131,0.543246126,0.380272381,0.79866555,0.648139261
27.3,49.4467537,-0.55324632,0.523237163,0.923518467,0.748488981,2,0.287775054,0.23546211,0.543246103,0.380272364,0.798664544,0.648137853
27.32,49.4467537,-0.553246296,0.523237212,0.923518427,0.74848784,2,0.287775123,0.235462089,0.54324608,0.380272347,0.798663538,0.648136445
27.34,49.4467537,-0.553246271,0.52323726,0.923518388,0.7484867,2,0.287775192,0.235462068,0.543246057,0.380272331,0.798662532,0.648135036
27.36,49.4467538,-0.553246247,0.523237307,0.923518349,0.74848556,2,0.28777526,0.235462047,0.543246035,0.380272314,0.798661526,0.648133628
27.38,49.4467538,-0.553246223,0.523237355,0.923518311,0.74848442,2,0.287775328,0.235462026,0.543246013,0.380272298,0.79866052,0.648132219
27.4,49.4467538,-0.5532462,0.523237401,0.923518273,0.74848328,2,0.287775396,0.235462006,0.543245991,0.380272282,0.798659514,0.648130811
27.42,49.4467538,-0.553246176,0.523237448,0.923518235,0.74848214,2,0.287775462,0.235461986,0.543245969,0.380272266,0.798658508,0.648129402
27.44,49.4467538,-0.553246153,0.523237494,0.923518197,0.748481,2,0.287775529,0.235461966,0.543245947,0.38027225,0.798657502,0.648127994
27.46,49.4467539,-0.55324613,0.52323754,0.92351816,0.748479859,2,0.287775594,0.235461946,0.543245926,0.380272234,0.798656496,0.648126586
27.48,49.4467539,-0.553246107,0.523237585,0.923518123,0.748478719,2,0.287775659,0.235461926,0.543245904,0.380272219,0.79865549,0.648125177
27.5,49.4467539,-0.553246084,0.52323763,0.923518086,0.748477579,2,0.287775724,0.235461906,0.543245883,0.380272203,0.798654484,0.648123769
27.52,49.4467539,-0.553246061,0.523237675,0.92351805,0.748476439,2,0.287775788,0.235461887,0.543245862,0.380272188,0.798653478,0.64812236
27.54,49.446754,-0.553246039,0.523237719,0.923518014,0.748475299,2,0.287775852,0.235461867,0.543245841,0.380272173,0.798652472,0.648120952
27.56,49.446754,-0.553246017,0.523237763,0.923517978,0.748474159,2,0.287775915,0.235461848,0.543245821,0.380272157,0.798651466,0.648119544
27.58,49.446754,-0.553245995,0.523237807,0.923517942,0.748473019,2,0.287775978,0.235461829,0.5432458,0.380272142,0.79865046,0.648118135
27.6,49.446754,-0.553245973,0.52323785,0.923517907,0.748471878,2,0.28777604,0.23546181,0.54324578,0.380272127,0.798649454,0.648116727
27.62,49.446754,-0.553245951,0.523237893,0.923517872,0.748470738,2,0.287776101,0.235461792,0.54324576,0.380272113,0.798648448,0.648115318
27.64,49.4467541,-0.553245929,0.523237936,0.923517838,0.748469598,2,0.287776163,0.235461773,0.543245739,0.380272098,0.798647442,0.64811391
27.66,49.4467541,-0.553245908,0.523237978,0.923517803,0.748468458,2,0.287776223,0.235461755,0.54324572,0.380272084,0.798646436,0.648112501
27.68,49.4467541,-0.553245887,0.52323802,0.923517769,0.748467318,2,0.287776283,0.235461736,0.5432457,0.380272069,0.79864543,0.648111093
27.7,49.4467541,-0.553245866,0.523238061,0.923517735,0.748466178,2,0.287776343,0.235461718,0.54324568,0.380272055,0.798644424,0.648109685
27.72,49.4467542,-0.553245845,0.523238103,0.923517702,0.748465038,2,0.287776402,0.2354617,0.543245661,0.380272041,0.798643418,0.648108276
27.74,49.4467542,-0.553245824,0.523238143,0.923517668,0.748463897,2,0.287776461,0.235461682,0.543245642,0.380272026,0.798642412,0.648106868
27.76,49.4467542,-0.553245804,0.523238184,0.923517635,0.748462757,2,0.287776519,0.235461665,0.543245623,0.380272012,0.798641406,0.648105459
27.78,49.4467542,-0.553245783,0.523238224,0.923517602,0.748461617,2,0.287776577,0.235461647,0.543245604,0.380271999,0.7986404,0.648104051
27.8,49.4467542,-0.553245763,0.523238264,0.92351757,0.748460477,2,0.287776634,0.23546163,0.543245585,0.380271985,0.798639394,0.648102643
27.82,49.4467543,-0.553245743,0.523238304,0.923517537,0.748459337,2,0.287776691,0.235461613,0.543245566,0.380271971,0.798638388,0.648101234
27.84,49.4467543,-0.553245723,0.523238343,0.923517505,0.748458197,2,0.287776748,0.235461595,0.543245548,0.380271958,0.798637382,0.648099826
27.86,49.4467543,-0.553245703,0.523238382,0.923517474,0.748457057,2,0.287776804,0.235461578,0.543245529,0.380271944,0.798636376,0.648098417
27.88,49.4467543,-0.553245684,0.523238421,0.923517442,0.748455916,2,0.287776859,0.235461562,0.543245511,0.380271931,0.79863537,0.648097009
27.9,49.4467543,-0.553245664,0.523238459,0.923517411,0.748454776,2,0.287776914,0.235461545,0.543245493,0.380271918,0.798634364,0.648095601
27.92,49.4467544,-0.553245645,0.523238497,0.92351738,0.748453636,2,0.287776969,0.235461528,0.543245475,0.380271905,0.798633358,0.648094192
27.94,49.4467544,-0.553245626,0.523238535,0.923517349,0.748452496,2,0.287777023,0.235461512,0.543245458,0.380271892,0.798632352,0.648092784
27.96,49.4467544,-0.553245607,0.523238573,0.923517319,0.748451356,2,0.287777077,0.235461495,0.54324544,0.380271879,0.798631346,0.648091375
27.98,49.4467544,-0.553245588,0.52323861,0.923517288,0.748450216,2,0.287777131,0.235461479,0.543245422,0.380271866,0.79863034,0.648089967
28,49.4467544,-0.55324557,0.523238647,0.923517258,0.748449076,2,0.287777184,0.235461463,0.543245405,0.380271853,0.798629334,0.648088558
28.02,49.4467544,-0.553245551,0.523238683,0.923517228,0.748447935,2,0.287777236,0.235461447,0.543245388,0.380271841,0.798628328,0.64808715
28.04,49.4467545,-0.553245533,0.52323872,0.923517199,0.748446795,2,0.287777288,0.235461431,0.543245371,0.380271828,0.798627322,0.648085742
28.06,49.4467545,-0.553245514,0.523238756,0.92351717,0.748445655,2,0.28777734,0.235461416,0.543245354,0.380271816,0.798626316,0.648084333
28.08,49.4467545,-0.553245496,0.523238791,0.92351714,0.748444515,2,0.287777391,0.2354614,0.543245337,0.380271803,0.79862531,0.648082925
28.1,49.4467545,-0.553245478,0.523238827,0.923517112,0.748443375,2,0.287777442,0.235461385,0.54324532,0.380271791,0.798624304,0.648081516
28.12,49.4467545,-0.553245461,0.523238862,0.923517083,0.748442235,2,0.287777493,0.235461369,0.543245304,0.380271779,0.798623298,0.648080108
28.14,49.4467546,-0.553245443,0.523238897,0.923517055,0.748441095,2,0.287777543,0.235461354,0.543245287,0.380271767,0.798622292,0.6480787
28.16,49.4467546,-0.553245425,0.523238931,0.923517026,0.748439954,2,0.287777592,0.235461339,0.543245271,0.380271755,0.798621286,0.648077291
28.18,49.4467546,-0.553245408,0.523238966,0.923516998,0.748438814,2,0.287777642,0.235461324,0.543245255,0.380271743,0.79862028,0.648075883
28.2,49.4467546,-0.553245391,0.523239,0.923516971,0.748437674,2,0.28777769,0.235461309,0.543245239,0.380271732,0.798619274,0.648074474
28.22,49.4467546,-0.553245374,0.523239033,0.923516943,0.748436534,2,0.287777739,0.235461295,0.543245223,0.38027172,0.798618268,0.648073066
28.24,49.4467546,-0.553245357,0.523239067,0.923516916,0.748435394,2,0.287777787,0.23546128,0.543245207,0.380271708,0.798617262,0.648071657
28.26,49.4467547,-0.55324534,0.5232391,0.923516889,0.748434254,2,0.287777835,0.235461265,0.543245192,0.380271697,0.798616256,0.648070249
28.28,49.4467547,-0.553245323,0.523239133,0.923516862,0.748433113,2,0.287777882,0.235461251,0.543245176,0.380271686,0.79861525,0.648068841
28.3,49.4467547,-0.553245307,0.523239166,0.923516835,0.748431973,2,0.287777929,0.235461237,0.543245161,0.380271674,0.798614244,0.648067432
28.32,49.4467547,-0.55324529,0.523239198,0.923516809,0.748430833,2,0.287777976,0.235461223,0.543245146,0.380271663,0.798613238,0.648066024
28.34,49.4467547,-0.553245274,0.523239231,0.923516783,0.748429693,2,0.287778022,0.235461209,0.54324513,0.380271652,0.798612232,0.648064615
28.36,49.4467547,-0.553245258,0.523239262,0.923516757,0.748428553,2,0.287778068,0.235461195,0.543245115,0.380271641,0.798611226,0.648063207
28.38,49.4467548,-0.553245242,0.523239294,0.923516731,0.748427413,2,0.287778113,0.235461181,0.543245101,0.38027163,0.79861022,0.648061799
28.4,49.4467548,-0.553245226,0.523239326,0.923516705,0.748426273,2,0.287778158,0.235461167,0.543245086,0.380271619,0.798609214,0.64806039
28.42,49.4467548,-0.55324521,0.523239357,0.92351668,0.748425132,2,0.287778203,0.235461154,0.543245071,0.380271609,0.798608208,0.648058982
28.44,49.4467548,-0.553245195,0.523239388,0.923516655,0.748423992,2,0.287778248,0.23546114,0.543245057,0.380271598,0.798607202,0.648057573
28.46,49.4467548,-0.553245179,0.523239418,0.92351663,0.748422852,2,0.287778292,0.235461127,0.543245042,0.380271587,0.798606196,0.648056165
28.48,49.4467548,-0.553245164,0.523239449,0.923516605,0.748421712,2,0.287778335,0.235461113,0.543245028,0.380271577,0.79860519,0.648054757
28.5,49.4467549,-0.553245148,0.523239479,0.92351658,0.748420572,2,0.287778379,0.2354611,0.543245014,0.380271567,0.798604184,0.648053348
28.52,49.4467549,-0.553245133,0.523239509,0.923516556,0.748419432,2,0.287778422,0.235461087,0.543245,0.380271556,0.798603178,0.64805194
28.54,49.4467549,-0.553245118,0.523239539,0.923516532,0.748418292,2,0.287778464,0.235461074,0.543244986,0.380271546,0.798602172,0.648050531
28.56,49.4467549,-0.553245103,0.523239568,0.923516507,0.748417151,2,0.287778507,0.235461061,0.543244972,0.380271536,0.798601166,0.648049123
28.58,49.4467549,-0.553245088,0.523239597,0.923516484,0.748416011,2,0.287778549,0.235461049,0.543244958,0.380271526,0.79860016,0.648047714
28.6,49.4467549,-0.553245074,0.523239626,0.92351646,0.748414871,2,0.28777859,0.235461036,0.543244944,0.380271516,0.798599154,0.648046306
28.62,49.4467549,-0.553245059,0.523239655,0.923516437,0.748413731,2,0.287778632,0.235461023,0.543244931,0.380271506,0.798598148,0.648044898
28.64,49.446755,-0.553245045,0.523239684,0.923516413,0.748412591,2,0.287778673,0.235461011,0.543244917,0.380271496,0.798597142,0.648043489
28.66,49.446755,-0.55324503,0.523239712,0.92351639,0.748411451,2,0.287778713,0.235460999,0.543244904,0.380271486,0.798596136,0.648042081
28.68,49.446755,-0.553245016,0.52323974,0.923516367,0.748410311,2,0.287778754,0.235460986,0.543244891,0.380271477,0.79859513,0.648040672
28.7,49.446755,-0.553245002,0.523239768,0.923516345,0.74840917,2,0.287778794,0.235460974,0.543244878,0.380271467,0.798594124,0.648039264
28.72,49.446755,-0.553244988,0.523239796,0.923516322,0.74840803,2,0.287778834,0.235460962,0.543244865,0.380271457,0.798593118,0.648037856
28.74,49.446755,-0.553244974,0.523239823,0.9235163,0.74840689,2,0.287778873,0.23546095,0.543244852,0.380271448,0.798592112,0.648036447
28.76,49.446755,-0.55324496,0.52323985,0.923516278,0.74840575,2,0.287778912,0.235460938,0.543244839,0.380271439,0.798591106,0.648035039
28.78,49.4467551,-0.553244947,0.523239877,0.923516256,0.74840461,2,0.287778951,0.235460927,0.543244826,0.380271429,0.7985901,0.64803363
28.8,49.4467551,-0.553244933,0.523239904,0.923516234,0.74840347,2,0.287778989,0.235460915,0.543244814,0.38027142,0.798589094,0.648032222
28.82,49.4467551,-0.55324492,0.523239931,0.923516212,0.74840233,2,0.287779027,0.235460903,0.543244801,0.380271411,0.798588088,0.648030814
28.84,49.4467551,-0.553244906,0.523239957,0.923516191,0.748401189,2,0.287779065,0.235460892,0.543244789,0.380271402,0.798587082,0.648029405
28.86,49.4467551,-0.553244893,0.523239983,0.923516169,0.748400049,2,0.287779103,0.23546088,0.543244776,0.380271393,0.798586076,0.648027997
28.88,49.4467551,-0.55324488,0.523240009,0.923516148,0.748398909,2,0.28777914,0.235460869,0.543244764,0.380271384,0.79858507,0.648026588
28.9,49.4467551,-0.553244867,0.523240035,0.923516127,0.748397769,2,0.287779177,0.235460858,0.543244752,0.380271375,0.798584064,0.64802518
28.92,49.4467551,-0.553244854,0.523240061,0.923516106,0.748396629,2,0.287779214,0.235460847,0.54324474,0.380271366,0.798583058,0.648023771
28.94,49.4467552,-0.553244841,0.523240086,0.923516086,0.748395489,2,0.28777925,0.235460836,0.543244728,0.380271358,0.798582052,0.648022363
28.96,49.4467552,-0.553244828,0.523240111,0.923516065,0.748394349,2,0.287779286,0.235460825,0.543244716,0.380271349,0.798581046,0.648020955
28.98,49.4467552,-0.553244816,0.523240136,0.923516045,0.748393208,2,0.287779322,0.235460814,0.543244705,0.38027134,0.79858004,0.648019546
29,49.4467552,-0.553244803,0.523240161,0.923516025,0.748392068,2,0.287779357,0.235460803,0.543244693,0.380271332,0.798579034,0.648018138
29.02,49.4467552,-0.553244791,0.523240185,0.923516005,0.748390928,2,0.287779393,0.235460792,0.543244681,0.380271323,0.798578028,0.648016729
29.04,49.4467552,-0.553244779,0.52324021,0.923515985,0.748389788,2,0.287779428,0.235460782,0.54324467,0.380271315,0.798577022,0.648015321
29.06,49.4467552,-0.553244766,0.523240234,0.923515965,0.748388648,2,0.287779462,0.235460771,0.543244659,0.380271307,0.798576016,0.648013913
29.08,49.4467552,-0.553244754,0.523240258,0.923515946,0.748387508,2,0.287779497,0.235460761,0.543244647,0.380271298,0.79857501,0.648012504
29.1,49.4467553,-0.553244742,0.523240281,0.923515926,0.748386368,2,0.287779531,0.235460751,0.543244636,0.38027129,0.798574004,0.648011096
29.12,49.4467553,-0.55324473,0.523240305,0.923515907,0.748385227,2,0.287779565,0.23546074,0.543244625,0.380271282,0.798572998,0.648009687
29.14,49.4467553,-0.553244718,0.523240328,0.923515888,0.748384087,2,0.287779598,0.23546073,0.543244614,0.380271274,0.798571992,0.648008279
29.16,49.4467553,-0.553244707,0.523240352,0.923515869,0.748382947,2,0.287779632,0.23546072,0.543244603,0.380271266,0.798570986,0.64800687
29.18,49.4467553,-0.553244695,0.523240375,0.923515851,0.748381807,2,0.287779665,0.23546071,0.543244592,0.380271258,0.79856998,0.648005462
29.2,49.4467553,-0.553244684,0.523240397,0.923515832,0.748380667,2,0.287779697,0.2354607,0.543244582,0.38027125,0.798568974,0.648004054
29.22,49.4467553,-0.553244672,0.52324042,0.923515814,0.748379527,2,0.28777973,0.23546069,0.543244571,0.380271242,0.798567967,0.648002645
29.24,49.4467553,-0.553244661,0.523240442,0.923515795,0.748378387,2,0.287779762,0.23546068,0.54324456,0.380271235,0.798566961,0.648001237
29.26,49.4467554,-0.553244649,0.523240465,0.923515777,0.748377246,2,0.287779794,0.235460671,0.54324455,0.380271227,0.798565955,0.647999828
29.28,49.4467554,-0.553244638,0.523240487,0.923515759,0.748376106,2,0.287779826,0.235460661,0.54324454,0.380271219,0.798564949,0.64799842
29.3,49.4467554,-0.553244627,0.523240509,0.923515741,0.748374966,2,0.287779857,0.235460651,0.543244529,0.380271212,0.798563943,0.647997012
29.32,49.4467554,-0.553244616,0.523240531,0.923515723,0.748373826,2,0.287779889,0.235460642,0.543244519,0.380271204,0.798562937,0.647995603
29.34,49.4467554,-0.553244605,0.523240552,0.923515706,0.748372686,2,0.28777992,0.235460632,0.543244509,0.380271197,0.798561931,0.647994195
29.36,49.4467554,-0.553244594,0.523240574,0.923515688,0.748371546,2,0.28777995,0.235460623,0.543244499,0.38027119,0.798560925,0.647992786
29.38,49.4467554,-0.553244584,0.523240595,0.923515671,0.748370406,2,0.287779981,0.235460614,0.543244489,0.380271182,0.798559919,0.647991378
29.4,49.4467554,-0.553244573,0.523240616,0.923515654,0.748369265,2,0.287780011,0.235460605,0.543244479,0.380271175,0.798558913,0.64798997
29.42,49.4467554,-0.553244562,0.523240637,0.923515637,0.748368125,2,0.287780041,0.235460596,0.543244469,0.380271168,0.798557907,0.647988561
29.44,49.4467554,-0.553244552,0.523240658,0.92351562,0.748366985,2,0.287780071,0.235460587,0.543244459,0.380271161,0.798556901,0.647987153
29.46,49.4467555,-0.553244541,0.523240678,0.923515603,0.748365845,2,0.287780101,0.235460578,0.54324445,0.380271154,0.798555895,0.647985744
29.48,49.4467555,-0.553244531,0.523240699,0.923515587,0.748364705,2,0.28778013,0.235460569,0.54324444,0.380271147,0.798554889,0.647984336
29.5,49.4467555,-0.553244521,0.523240719,0.92351557,0.748363565,2,0.287780159,0.23546056,0.54324443,0.38027114,0.798553883,0.647982927
29.52,49.4467555,-0.553244511,0.523240739,0.923515554,0.748362425,2,0.287780188,0.235460551,0.543244421,0.380271133,0.798552877,0.647981519
29.54,49.4467555,-0.553244501,0.523240759,0.923515537,0.748361284,2,0.287780216,0.235460542,0.543244412,0.380271126,0.798551871,0.647980111
29.56,49.4467555,-0.553244491,0.523240779,0.923515521,0.748360144,2,0.287780245,0.235460534,0.543244402,0.380271119,0.798550865,0.647978702
29.58,49.4467555,-0.553244481,0.523240798,0.923515505,0.748359004,2,0.287780273,0.235460525,0.543244393,0.380271112,0.798549859,0.647977294
29.6,49.4467555,-0.553244471,0.523240818,0.92351549,0.748357864,2,0.287780301,0.235460517,0.543244384,0.380271106,0.798548853,0.647975885
29.62,49.4467555,-0.553244461,0.523240837,0.923515474,0.748356724,2,0.287780329,0.235460508,0.543244375,0.380271099,0.798547847,0.647974477
29.64,49.4467555,-0.553244451,0.523240856,0.923515458,0.748355584,2,0.287780356,0.2354605,0.543244366,0.380271092,0.798546841,0.647973069
29.66,49.4467556,-0.553244442,0.523240875,0.923515443,0.748354444,2,0.287780383,0.235460492,0.543244357,0.380271086,0.798545835,0.64797166
29.68,49.4467556,-0.553244432,0.523240894,0.923515427,0.748353303,2,0.287780411,0.235460483,0.543244348,0.380271079,0.798544829,0.647970252
29.7,49.4467556,-0.553244423,0.523240913,0.923515412,0.748352163,2,0.287780437,0.235460475,0.543244339,0.380271073,0.798543823,0.647968843
29.72,49.4467556,-0.553244413,0.523240931,0.923515397,0.748351023,2,0.287780464,0.235460467,0.543244331,0.380271066,0.798542817,0.647967435
29.74,49.4467556,-0.553244404,0.52324095,0.923515382,0.748349883,2,0.28778049,0.235460459,0.543244322,0.38027106,0.798541811,0.647966027
29.76,49.4467556,-0.553244395,0.523240968,0.923515367,0.748348743,2,0.287780517,0.235460451,0.543244313,0.380271054,0.798540805,0.647964618
29.78,49.4467556,-0.553244386,0.523240986,0.923515352,0.748347603,2,0.287780543,0.235460443,0.543244305,0.380271048,0.798539799,0.64796321
29.8,49.4467556,-0.553244377,0.523241004,0.923515338,0.748346463,2,0.287780568,0.235460436,0.543244296,0.380271041,0.798538793,0.647961801
29.82,49.4467556,-0.553244367,0.523241022,0.923515323,0.748345322,2,0.287780594,0.235460428,0.543244288,0.380271035,0.798537787,0.647960393
29.84,49.4467556,-0.553244359,0.523241039,0.923515309,0.748344182,2,0.287780619,0.23546042,0.54324428,0.380271029,0.798536781,0.647958984
29.86,49.4467557,-0.55324435,0.523241057,0.923515295,0.748343042,2,0.287780645,0.235460412,0.543244271,0.380271023,0.798535775,0.647957576
29.88,49.4467557,-0.553244341,0.523241074,0.92351528,0.748341902,2,0.28778067,0.235460405,0.543244263,0.380271017,0.798534769,0.647956168
29.9,49.4467557,-0.553244332,0.523241092,0.923515266,0.748340762,2,0.287780694,0.235460397,0.543244255,0.380271011,0.798533763,0.647954759
29.92,49.4467557,-0.553244323,0.523241109,0.923515252,0.748339622,2,0.287780719,0.23546039,0.543244247,0.380271005,0.798532757,0.647953351
29.94,49.4467557,-0.553244315,0.523241126,0.923515239,0.748338482,2,0.287780743,0.235460382,0.543244239,0.380270999,0.798531751,0.647951942
29.96,49.4467557,-0.553244306,0.523241143,0.923515225,0.748337341,2,0.287780768,0.235460375,0.543244231,0.380270994,0.798530745,0.647950534
29.98,49.4467557,-0.553244298,0.523241159,0.923515211,0.748336201,2,0.287780792,0.235460368,0.543244223,0.380270988,0.798529739,0.647949126
30,49.4467557,-0.553244289,0.523241176,0.923515198,0.748335061,2,0.287780815,0.235460361,0.543244216,0.380270982,0.798528733,0.647947717
30.02,49.4467557,-0.553244281,0.523241192,0.923515184,0.748333921,2,0.287780839,0.235460353,0.543244208,0.380270977,0.798527727,0.647946309
30.04,49.4467557,-0.553244273,0.523241209,0.923515171,0.748332781,2,0.287780862,0.235460346,0.5432442,0.380270971,0.798526721,0.6479449
30.06,49.4467557,-0.553244265,0.523241225,0.923515158,0.748331641,2,0.287780886,0.235460339,0.543244192,0.380270965,0.798525715,0.647943492
30.08,49.4467557,-0.553244257,0.523241241,0.923515145,0.748330501,2,0.287780909,0.235460332,0.543244185,0.38027096,0.798524709,0.647942084
30.1,49.4467558,-0.553244248,0.523241257,0.923515132,0.74832936,2,0.287780932,0.235460325,0.543244177,0.380270954,0.798523703,0.647940675
30.12,49.4467558,-0.55324424,0.523241273,0.923515119,0.74832822,2,0.287780954,0.235460318,0.54324417,0.380270949,0.798522697,0.647939267
30.14,49.4467558,-0.553244233,0.523241288,0.923515106,0.74832708,2,0.287780977,0.235460312,0.543244163,0.380270943,0.798521691,0.647937858
30.16,49.4467558,-0.553244225,0.523241304,0.923515093,0.74832594,2,0.287780999,0.235460305,0.543244155,0.380270938,0.798520685,0.64793645
30.18,49.4467558,-0.553244217,0.523241319,0.923515081,0.7483248,2,0.287781021,0.235460298,0.543244148,0.380270933,0.798519679,0.647935042
30.2,49.4467558,-0.553244209,0.523241335,0.923515068,0.74832366,2,0.287781043,0.235460291,0.543244141,0.380270927,0.798518673,0.647933633
30.22,49.4467558,-0.553244201,0.52324135,0.923515056,0.74832252,2,0.287781065,0.235460285,0.543244134,0.380270922,0.798517667,0.647932225
30.24,49.4467558,-0.553244194,0.523241365,0.923515044,0.748321379,2,0.287781087,0.235460278,0.543244127,0.380270917,0.798516661,0.647930816
30.26,49.4467558,-0.553244186,0.52324138,0.923515031,0.748320239,2,0.287781108,0.235460272,0.54324412,0.380270912,0.798515655,0.647929408
30.28,49.4467558,-0.553244179,0.523241395,0.923515019,0.748319099,2,0.28778113,0.235460265,0.543244113,0.380270907,0.798514649,0.647927999
30.3,49.4467558,-0.553244171,0.523241409,0.923515007,0.748317959,2,0.287781151,0.235460259,0.543244106,0.380270902,0.798513643,0.647926591
30.32,49.4467558,-0.553244164,0.523241424,0.923514996,0.748316819,2,0.287781172,0.235460252,0.543244099,0.380270897,0.798512637,0.647925183
30.34,49.4467558,-0.553244157,0.523241439,0.923514984,0.748315679,2,0.287781192,0.235460246,0.543244092,0.380270892,0.798511631,0.647923774
30.36,49.4467559,-0.553244149,0.523241453,0.923514972,0.748314539,2,0.287781213,0.23546024,0.543244085,0.380270887,0.798510625,0.647922366
30.38,49.4467559,-0.553244142,0.523241467,0.92351496,0.748313398,2,0.287781234,0.235460234,0.543244079,0.380270882,0.798509619,0.647920957
30.4,49.4467559,-0.553244135,0.523241481,0.923514949,0.748312258,2,0.287781254,0.235460227,0.543244072,0.380270877,0.798508613,0.647919549
30.42,49.4467559,-0.553244128,0.523241495,0.923514937,0.748311118,2,0.287781274,0.235460221,0.543244065,0.380270872,0.798507607,0.647918141
30.44,49.4467559,-0.553244121,0.523241509,0.923514926,0.748309978,2,0.287781294,0.235460215,0.543244059,0.380270867,0.798506601,0.647916732
30.46,49.4467559,-0.553244114,0.523241523,0.923514915,0.748308838,2,0.287781314,0.235460209,0.543244052,0.380270863,0.798505595,0.647915324
30.48,49.4467559,-0.553244107,0.523241537,0.923514904,0.748307698,2,0.287781333,0.235460203,0.543244046,0.380270858,0.798504589,0.647913915
30.5,49.4467559,-0.5532441,0.52324155,0.923514893,0.748306558,2,0.287781353,0.235460197,0.543244039,0.380270853,0.798503583,0.647912507
30.52,49.4467559,-0.553244093,0.523241564,0.923514882,0.748305417,2,0.287781372,0.235460192,0.543244033,0.380270849,0.798502577,0.647911099
30.54,49.4467559,-0.553244086,0.523241577,0.923514871,0.748304277,2,0.287781391,0.235460186,0.543244027,0.380270844,0.798501571,0.64790969
30.56,49.4467559,-0.55324408,0.52324159,0.92351486,0.748303137,2,0.28778141,0.23546018,0.543244021,0.380270839,0.798500565,0.647908282
30.58,49.4467559,-0.553244073,0.523241604,0.923514849,0.748301997,2,0.287781429,0.235460174,0.543244014,0.380270835,0.798499559,0.647906873
30.6,49.4467559,-0.553244066,0.523241617,0.923514839,0.748300857,2,0.287781448,0.235460169,0.543244008,0.38027083,0.798498553,0.647905465
30.62,49.4467559,-0.55324406,0.52324163,0.923514828,0.748299717,2,0.287781467,0.235460163,0.543244002,0.380270826,0.798497547,0.647904056
30.64,49.4467559,-0.553244053,0.523241642,0.923514818,0.748298577,2,0.287781485,0.235460157,0.543243996,0.380270822,0.798496541,0.647902648
30.66,49.446756,-0.553244047,0.523241655,0.923514807,0.748297437,2,0.287781503,0.235460152,0.54324399,0.380270817,0.798495535,0.64790124
30.68,49.446756,-0.553244041,0.523241668,0.923514797,0.748296296,2,0.287781522,0.235460146,0.543243984,0.380270813,0.798494529,0.647899831
30.7,49.446756,-0.553244034,0.52324168,0.923514787,0.748295156,2,0.28778154,0.235460141,0.543243978,0.380270808,0.798493523,0.647898423
30.72,49.446756,-0.553244028,0.523241693,0.923514777,0.748294016,2,0.287781557,0.235460135,0.543243972,0.380270804,0.798492517,0.647897014
30.74,49.446756,-0.553244022,0.523241705,0.923514767,0.748292876,2,0.287781575,0.23546013,0.543243967,0.3802708,0.798491511,0.647895606
30.76,49.446756,-0.553244015,0.523241717,0.923514757,0.748291736,2,0.287781593,0.235460125,0.543243961,0.380270796,0.798490505,0.647894198
30.78,49.446756,-0.553244009,0.523241729,0.923514747,0.748290596,2,0.28778161,0.235460119,0.543243955,0.380270792,0.798489499,0.647892789
30.8,49.446756,-0.553244003,0.523241742,0.923514737,0.748289456,2,0.287781627,0.235460114,0.54324395,0.380270787,0.798488493,0.647891381
30.82,49.446756,-0.553243997,0.523241753,0.923514727,0.748288315,2,0.287781645,0.235460109,0.543243944,0.380270783,0.798487487,0.647889972
30.84,49.446756,-0.553243991,0.523241765,0.923514718,0.748287175,2,0.287781662,0.235460104,0.543243938,0.380270779,0.798486481,0.647888564
30.86,49.446756,-0.553243985,0.523241777,0.923514708,0.748286035,2,0.287781679,0.235460099,0.543243933,0.380270775,0.798485475,0.647887156
30.88,49.446756,-0.553243979,0.523241789,0.923514698,0.748284895,2,0.287781695,0.235460093,0.543243927,0.380270771,0.798484469,0.647885747
30.9,49.446756,-0.553243973,0.5232418,0.923514689,0.748283755,2,0.287781712,0.235460088,0.543243922,0.380270767,0.798483463,0.647884339
30.92,49.446756,-0.553243968,0.523241812,0.92351468,0.748282615,2,0.287781728,0.235460083,0.543243916,0.380270763,0.798482457,0.64788293
30.94,49.446756,-0.553243962,0.523241823,0.92351467,0.748281475,2,0.287781745,0.235460078,0.543243911,0.380270759,0.798481451,0.647881522
30.96,49.446756,-0.553243956,0.523241835,0.923514661,0.748280334,2,0.287781761,0.235460074,0.543243906,0.380270755,0.798480445,0.647880113
30.98,49.446756,-0.55324395,0.523241846,0.923514652,0.748279194,2,0.287781777,0.235460069,0.5432439,0.380270752,0.798479439,0.647878705
31,49.4467561,-0.553243945,0.523241857,0.923514643,0.748278054,2,0.287781793,0.235460064,0.543243895,0.380270748,0.798478433,0.647877297
31.02,49.4467561,-0.553243939,0.523241868,0.923514634,0.748276914,2,0.287781809,0.235460059,0.54324389,0.380270744,0.798477427,0.647875888
31.04,49.4467561,-0.553243934,0.523241879,0.923514625,0.748275774,2,0.287781825,0.235460054,0.543243885,0.38027074,0.798476421,0.64787448
31.06,49.4467561,-0.553243928,0.52324189,0.923514616,0.748274634,2,0.28778184,0.235460049,0.54324388,0.380270736,0.798475415,0.647873071
31.08,49.4467561,-0.553243923,0.5232419,0.923514607,0.748273494,2,0.287781856,0.235460045,0.543243875,0.380270733,0.798474409,0.647871663
31.1,49.4467561,-0.553243917,0.523241911,0.923514599,0.748272353,2,0.287781871,0.23546004,0.54324387,0.380270729,0.798473403,0.647870255
31.12,49.4467561,-0.553243912,0.523241922,0.92351459,0.748271213,2,0.287781886,0.235460035,0.543243865,0.380270725,0.798472397,0.647868846
31.14,49.4467561,-0.553243907,0.523241932,0.923514582,0.748270073,2,0.287781901,0.235460031,0.54324386,0.380270722,0.798471391,0.647867438
31.16,49.4467561,-0.553243901,0.523241943,0.923514573,0.748268933,2,0.287781916,0.235460026,0.543243855,0.380270718,0.798470385,0.647866029
31.18,49.4467561,-0.553243896,0.523241953,0.923514565,0.748267793,2,0.287781931,0.235460022,0.54324385,0.380270715,0.798469379,0.647864621
31.2,49.4467561,-0.553243891,0.523241963,0.923514556,0.748266653,2,0.287781946,0.235460017,0.543243845,0.380270711,0.798468373,0.647863213
31.22,49.4467561,-0.553243886,0.523241974,0.923514548,0.748265513,2,0.287781961,0.235460013,0.54324384,0.380270708,0.798467367,0.647861804
31.24,49.4467561,-0.553243881,0.523241984,0.92351454,0.748264372,2,0.287781975,0.235460009,0.543243836,0.380270704,0.798466361,0.647860396
31.26,49.4467561,-0.553243876,0.523241994,0.923514532,0.748263232,2,0.28778199,0.235460004,0.543243831,0.380270701,0.798465355,0.647858987
31.28,49.4467561,-0.553243871,0.523242004,0.923514523,0.748262092,2,0.287782004,0.23546,0.543243826,0.380270697,0.798464349,0.647857579
31.3,49.4467561,-0.553243866,0.523242013,0.923514515,0.748260952,2,0.287782018,0.235459996,0.543243822,0.380270694,0.798463343,0.647856171
31.32,49.4467561,-0.553243861,0.523242023,0.923514507,0.748259812,2,0.287782032,0.235459991,0.543243817,0.38027069,0.798462337,0.647854762
31.34,49.4467561,-0.553243856,0.523242033,0.923514499,0.748258672,2,0.287782046,0.235459987,0.543243812,0.380270687,0.798461331,0.647853354
31.36,49.4467561,-0.553243851,0.523242043,0.923514492,0.748257532,2,0.28778206,0.235459983,0.543243808,0.380270684,0.798460325,0.647851945
31.38,49.4467562,-0.553243846,0.523242052,0.923514484,0.748256391,2,0.287782074,0.235459979,0.543243803,0.38027068,0.798459319,0.647850537
31.4,49.4467562,-0.553243841,0.523242062,0.923514476,0.748255251,2,0.287782087,0.235459975,0.543243799,0.380270677,0.798458313,0.647849128
31.42,49.4467562,-0.553243836,0.523242071,0.923514468,0.748254111,2,0.287782101,0.23545997,0.543243795,0.380270674,0.798457307,0.64784772
31.44,49.4467562,-0.553243832,0.52324208,0.923514461,0.748252971,2,0.287782114,0.235459966,0.54324379,0.380270671,0.798456301,0.647846312
31.46,49.4467562,-0.553243827,0.52324209,0.923514453,0.748251831,2,0.287782127,0.235459962,0.543243786,0.380270668,0.798455295,0.647844903
31.48,49.4467562,-0.553243822,0.523242099,0.923514446,0.748250691,2,0.28778214,0.235459958,0.543243781,0.380270664,0.798454289,0.647843495
31.5,49.4467562,-0.553243818,0.523242108,0.923514438,0.748249551,2,0.287782154,0.235459954,0.543243777,0.380270661,0.798453283,0.647842086
31.52,49.4467562,-0.553243813,0.523242117,0.923514431,0.74824841,2,0.287782167,0.23545995,0.543243773,0.380270658,0.798452277,0.647840678
31.54,49.4467562,-0.553243809,0.523242126,0.923514424,0.74824727,2,0.287782179,0.235459947,0.543243769,0.380270655,0.798451271,0.64783927
31.56,49.4467562,-0.553243804,0.523242135,0.923514417,0.74824613,2,0.287782192,0.235459943,0.543243765,0.380270652,0.798450265,0.647837861
31.58,49.4467562,-0.5532438,0.523242144,0.923514409,0.74824499,2,0.287782205,0.235459939,0.54324376,0.380270649,0.798449259,0.647836453
31.6,49.4467562,-0.553243795,0.523242152,0.923514402,0.74824385,2,0.287782217,0.235459935,0.543243756,0.380270646,0.798448253,0.647835044
31.62,49.4467562,-0.553243791,0.523242161,0.923514395,0.74824271,2,0.28778223,0.235459931,0.543243752,0.380270643,0.798447247,0.647833636
31.64,49.4467562,-0.553243787,0.52324217,0.923514388,0.74824157,2,0.287782242,0.235459927,0.543243748,0.38027064,0.798446241,0.647832228
31.66,49.4467562,-0.553243782,0.523242178,0.923514381,0.748240429,2,0.287782255,0.235459924,0.543243744,0.380270637,0.798445235,0.647830819
31.68,49.4467562,-0.553243778,0.523242187,0.923514374,0.748239289,2,0.287782267,0.23545992,0.54324374,0.380270634,0.798444229,0.647829411
31.7,49.4467562,-0.553243774,0.523242195,0.923514367,0.748238149,2,0.287782279,0.235459916,0.543243736,0.380270631,0.798443223,0.647828002
31.72,49.4467562,-0.553243769,0.523242203,0.923514361,0.748237009,2,0.287782291,0.235459913,0.543243732,0.380270628,0.798442217,0.647826594
31.74,49.4467562,-0.553243765,0.523242212,0.923514354,0.748235869,2,0.287782303,0.235459909,0.543243728,0.380270625,0.798441211,0.647825186
31.76,49.4467562,-0.553243761,0.52324222,0.923514347,0.748234729,2,0.287782314,0.235459906,0.543243725,0.380270623,0.798440205,0.647823777
31.78,49.4467562,-0.553243757,0.523242228,0.923514341,0.748233589,2,0.287782326,0.235459902,0.543243721,0.38027062,0.798439199,0.647822369
31.8,49.4467562,-0.553243753,0.523242236,0.923514334,0.748232448,2,0.287782338,0.235459898,0.543243717,0.380270617,0.798438193,0.64782096
31.82,49.4467563,-0.553243749,0.523242244,0.923514327,0.748231308,2,0.287782349,0.235459895,0.543243713,0.380270614,0.798437187,0.647819552
31.84,49.4467563,-0.553243745,0.523242252,0.923514321,0.748230168,2,0.287782361,0.235459891,0.543243709,0.380270612,0.798436181,0.647818143
31.86,49.4467563,-0.553243741,0.52324226,0.923514315,0.748229028,2,0.287782372,0.235459888,0.543243706,0.380270609,0.798435175,0.647816735
31.88,49.4467563,-0.553243737,0.523242268,0.923514308,0.748227888,2,0.287782383,0.235459885,0.543243702,0.380270606,0.798434168,0.647815327
31.9,49.4467563,-0.553243733,0.523242276,0.923514302,0.748226748,2,0.287782394,0.235459881,0.543243698,0.380270603,0.798433162,0.647813918
31.92,49.4467563,-0.553243729,0.523242283,0.923514296,0.748225608,2,0.287782405,0.235459878,0.543243695,0.380270601,0.798432156,0.64781251
31.94,49.4467563,-0.553243725,0.523242291,0.923514289,0.748224467,2,0.287782416,0.235459875,0.543243691,0.380270598,0.79843115,0.647811101
31.96,49.4467563,-0.553243721,0.523242299,0.923514283,0.748223327,2,0.287782427,0.235459871,0.543243688,0.380270596,0.798430144,0.647809693
31.98,49.4467563,-0.553243718,0.523242306,0.923514277,0.748222187,2,0.287782438,0.235459868,0.543243684,0.380270593,0.798429138,0.647808285
32,49.4467563,-0.553243714,0.523242314,0.923514271,0.748221047,2,0.287782449,0.235459865,0.543243681,0.38027059,0.798428132,0.647806876
32.02,49.4467563,-0.55324371,0.523242321,0.923514265,0.748219907,2,0.287782459,0.235459862,0.543243677,0.380270588,0.798427126,0.647805468
32.04,49.4467563,-0.553243706,0.523242328,0.923514259,0.748218767,2,0.28778247,0.235459858,0.543243674,0.380270585,0.79842612,0.647804059
32.06,49.4467563,-0.553243703,0.523242336,0.923514253,0.748217627,2,0.28778248,0.235459855,0.54324367,0.380270583,0.798425114,0.647802651
32.08,49.4467563,-0.553243699,0.523242343,0.923514247,0.748216486,2,0.287782491,0.235459852,0.543243667,0.38027058,0.798424108,0.647801243
32.1,49.4467563,-0.553243695,0.52324235,0.923514241,0.748215346,2,0.287782501,0.235459849,0.543243663,0.380270578,0.798423102,0.647799834
32.12,49.4467563,-0.553243692,0.523242357,0.923514235,0.748214206,2,0.287782511,0.235459846,0.54324366,0.380270575,0.798422096,0.647798426
32.14,49.4467563,-0.553243688,0.523242364,0.92351423,0.748213066,2,0.287782521,0.235459843,0.543243657,0.380270573,0.79842109,0.647797017
32.16,49.4467563,-0.553243685,0.523242371,0.923514224,0.748211926,2,0.287782531,0.23545984,0.543243653,0.380270571,0.798420084,0.647795609
32.18,49.4467563,-0.553243681,0.523242378,0.923514218,0.748210786,2,0.287782541,0.235459837,0.54324365,0.380270568,0.798419078,0.647794201
32.2,49.4467563,-0.553243678,0.523242385,0.923514213,0.748209646,2,0.287782551,0.235459834,0.543243647,0.380270566,0.798418072,0.647792792
32.22,49.4467563,-0.553243674,0.523242392,0.923514207,0.748208505,2,0.287782561,0.235459831,0.543243644,0.380270563,0.798417066,0.647791384
32.24,49.4467563,-0.553243671,0.523242399,0.923514202,0.748207365,2,0.287782571,0.235459828,0.543243641,0.380270561,0.79841606,0.647789975
32.26,49.4467563,-0.553243667,0.523242405,0.923514196,0.748206225,2,0.28778258,0.235459825,0.543243637,0.380270559,0.798415054,0.647788567
32.28,49.4467563,-0.553243664,0.523242412,0.923514191,0.748205085,2,0.28778259,0.235459822,0.543243634,0.380270557,0.798414048,0.647787158
32.3,49.4467563,-0.553243661,0.523242419,0.923514185,0.748203945,2,0.2877826,0.235459819,0.543243631,0.380270554,0.798413042,0.64778575
32.32,49.4467563,-0.553243657,0.523242425,0.92351418,0.748202805,2,0.287782609,0.235459816,0.543243628,0.380270552,0.798412036,0.647784342
32.34,49.4467563,-0.553243654,0.523242432,0.923514175,0.748201665,2,0.287782618,0.235459813,0.543243625,0.38027055,0.79841103,0.647782933
32.36,49.4467563,-0.553243651,0.523242438,0.923514169,0.748200524,2,0.287782628,0.23545981,0.543243622,0.380270548,0.798410024,0.647781525
32.38,49.4467564,-0.553243647,0.523242444,0.923514164,0.748199384,2,0.287782637,0.235459808,0.543243619,0.380270545,0.798409018,0.647780116
32.4,49.4467564,-0.553243644,0.523242451,0.923514159,0.748198244,2,0.287782646,0.235459805,0.543243616,0.380270543,0.798408012,0.647778708
32.42,49.4467564,-0.553243641,0.523242457,0.923514154,0.748197104,2,0.287782655,0.235459802,0.543243613,0.380270541,0.798407006,0.6477773
32.44,49.4467564,-0.553243638,0.523242463,0.923514149,0.748195964,2,0.287782664,0.235459799,0.54324361,0.380270539,0.798406,0.647775891
32.46,49.4467564,-0.553243635,0.52324247,0.923514144,0.748194824,2,0.287782673,0.235459797,0.543243607,0.380270537,0.798404994,0.647774483
32.48,49.4467564,-0.553243632,0.523242476,0.923514139,0.748193684,2,0.287782682,0.235459794,0.543243604,0.380270535,0.798403988,0.647773074
32.5,49.4467564,-0.553243629,0.523242482,0.923514134,0.748192544,2,0.287782691,0.235459791,0.543243601,0.380270532,0.798402982,0.647771666
32.52,49.4467564,-0.553243626,0.523242488,0.923514129,0.748191403,2,0.287782699,0.235459789,0.543243598,0.38027053,0.798401976,0.647770258
32.54,49.4467564,-0.553243622,0.523242494,0.923514124,0.748190263,2,0.287782708,0.235459786,0.543243596,0.380270528,0.79840097,0.647768849
32.56,49.4467564,-0.553243619,0.5232425,0.923514119,0.748189123,2,0.287782716,0.235459783,0.543243593,0.380270526,0.798399964,0.647767441
32.58,49.4467564,-0.553243616,0.523242506,0.923514114,0.748187983,2,0.287782725,0.235459781,0.54324359,0.380270524,0.798398958,0.647766032
32.6,49.4467564,-0.553243613,0.523242512,0.923514109,0.748186843,2,0.287782733,0.235459778,0.543243587,0.380270522,0.798397952,0.647764624
32.62,49.4467564,-0.553243611,0.523242518,0.923514105,0.748185703,2,0.287782742,0.235459776,0.543243585,0.38027052,0.798396946,0.647763215
32.64,49.4467564,-0.553243608,0.523242523,0.9235141,0.748184563,2,0.28778275,0.235459773,0.543243582,0.380270518,0.79839594,0.647761807
32.66,49.4467564,-0.553243605,0.523242529,0.923514095,0.748183422,2,0.287782758,0.235459771,0.543243579,0.380270516,0.798394934,0.647760399
32.68,49.4467564,-0.553243602,0.523242535,0.923514091,0.748182282,2,0.287782766,0.235459768,0.543243576,0.380270514,0.798393928,0.64775899
32.7,49.4467564,-0.553243599,0.52324254,0.923514086,0.748181142,2,0.287782774,0.235459766,0.543243574,0.380270512,0.798392922,0.647757582
32.72,49.4467564,-0.553243596,0.523242546,0.923514082,0.748180002,2,0.287782783,0.235459763,0.543243571,0.38027051,0.798391916,0.647756173
32.74,49.4467564,-0.553243593,0.523242551,0.923514077,0.748178862,2,0.28778279,0.235459761,0.543243569,0.380270508,0.79839091,0.647754765
32.76,49.4467564,-0.553243591,0.523242557,0.923514073,0.748177722,2,0.287782798,0.235459759,0.543243566,0.380270507,0.798389904,0.647753357
32.78,49.4467564,-0.553243588,0.523242562,0.923514068,0.748176582,2,0.287782806,0.235459756,0.543243563,0.380270505,0.798388898,0.647751948
32.8,49.4467564,-0.553243585,0.523242568,0.923514064,0.748175441,2,0.287782814,0.235459754,0.543243561,0.380270503,0.798387892,0.64775054
32.82,49.4467564,-0.553243582,0.523242573,0.923514059,0.748174301,2,0.287782822,0.235459752,0.543243558,0.380270501,0.798386886,0.647749131
32.84,49.4467564,-0.55324358,0.523242579,0.923514055,0.748173161,2,0.287782829,0.235459749,0.543243556,0.380270499,0.79838588,0.647747723
32.86,49.4467564,-0.553243577,0.523242584,0.923514051,0.748172021,2,0.287782837,0.235459747,0.543243553,0.380270497,0.798384874,0.647746315
32.88,49.4467564,-0.553243574,0.523242589,0.923514046,0.748170881,2,0.287782845,0.235459745,0.543243551,0.380270496,0.798383868,0.647744906
32.9,49.4467564,-0.553243572,0.523242594,0.923514042,0.748169741,2,0.287782852,0.235459742,0.543243548,0.380270494,0.798382862,0.647743498
32.92,49.4467564,-0.553243569,0.523242599,0.923514038,0.748168601,2,0.287782859,0.23545974,0.543243546,0.380270492,0.798381856,0.647742089
32.94,49.4467564,-0.553243566,0.523242605,0.923514034,0.74816746,2,0.287782867,0.235459738,0.543243544,0.38027049,0.79838085,0.647740681
32.96,49.4467564,-0.553243564,0.52324261,0.92351403,0.74816632,2,0.287782874,0.235459736,0.543243541,0.380270488,0.798379844,0.647739273
32.98,49.4467564,-0.553243561,0.523242615,0.923514026,0.74816518,2,0.287782881,0.235459733,0.543243539,0.380270487,0.798378838,0.647737864
33,49.4467564,-0.553243559,0.52324262,0.923514021,0.74816404,2,0.287782888,0.235459731,0.543243536,0.380270485,0.798377832,0.647736456
33.02,49.4467564,-0.553243556,0.523242625,0.923514017,0.7481629,2,0.287782896,0.235459729,0.543243534,0.380270483,0.798376826,0.647735047
33.04,49.4467564,-0.553243554,0.52324263,0.923514013,0.74816176,2,0.287782903,0.235459727,0.543243532,0.380270482,0.79837582,0.647733639
33.06,49.4467564,-0.553243551,0.523242635,0.923514009,0.74816062,2,0.28778291,0.235459725,0.54324353,0.38027048,0.798374814,0.64773223
33.08,49.4467565,-0.553243549,0.523242639,0.923514005,0.748159479,2,0.287782917,0.235459723,0.543243527,0.380270478,0.798373808,0.647730822
33.1,49.4467565,-0.553243546,0.523242644,0.923514002,0.748158339,2,0.287782924,0.235459721,0.543243525,0.380270477,0.798372802,0.647729414
33.12,49.4467565,-0.553243544,0.523242649,0.923513998,0.748157199,2,0.28778293,0.235459719,0.543243523,0.380270475,0.798371796,0.647728005
33.14,49.4467565,-0.553243542,0.523242654,0.923513994,0.748156059,2,0.287782937,0.235459716,0.543243521,0.380270473,0.79837079,0.647726597
33.16,49.4467565,-0.553243539,0.523242658,0.92351399,0.748154919,2,0.287782944,0.235459714,0.543243518,0.380270472,0.798369784,0.647725188
33.18,49.4467565,-0.553243537,0.523242663,0.923513986,0.748153779,2,0.287782951,0.235459712,0.543243516,0.38027047,0.798368778,0.64772378
33.2,49.4467565,-0.553243535,0.523242668,0.923513982,0.748152639,2,0.287782957,0.23545971,0.543243514,0.380270468,0.798367772,0.647722372
33.22,49.4467565,-0.553243532,0.523242672,0.923513979,0.748151498,2,0.287782964,0.235459708,0.543243512,0.380270467,0.798366766,0.647720963
33.24,49.4467565,-0.55324353,0.523242677,0.923513975,0.748150358,2,0.28778297,0.235459706,0.54324351,0.380270465,0.79836576,0.647719555
33.26,49.4467565,-0.553243528,0.523242681,0.923513971,0.748149218,2,0.287782977,0.235459704,0.543243508,0.380270464,0.798364754,0.647718146
33.28,49.4467565,-0.553243525,0.523242686,0.923513968,0.748148078,2,0.287782983,0.235459702,0.543243505,0.380270462,0.798363748,0.647716738
33.3,49.4467565,-0.553243523,0.52324269,0.923513964,0.748146938,2,0.28778299,0.235459701,0.543243503,0.380270461,0.798362742,0.64771533
33.32,49.4467565,-0.553243521,0.523242695,0.923513961,0.748145798,2,0.287782996,0.235459699,0.543243501,0.380270459,0.798361736,0.647713921
33.34,49.4467565,-0.553243519,0.523242699,0.923513957,0.748144658,2,0.287783002,0.235459697,0.543243499,0.380270458,0.79836073,0.647712513
33.36,49.4467565,-0.553243517,0.523242703,0.923513953,0.748143517,2,0.287783008,0.235459695,0.543243497,0.380270456,0.798359724,0.647711104
33.38,49.4467565,-0.553243514,0.523242708,0.92351395,0.748142377,2,0.287783015,0.235459693,0.543243495,0.380270455,0.798358718,0.647709696
33.4,49.4467565,-0.553243512,0.523242712,0.923513946,0.748141237,2,0.287783021,0.235459691,0.543243493,0.380270453,0.798357712,0.647708288
33.42,49.4467565,-0.55324351,0.523242716,0.923513943,0.748140097,2,0.287783027,0.235459689,0.543243491,0.380270452,0.798356706,0.647706879
33.44,49.4467565,-0.553243508,0.52324272,0.92351394,0.748138957,2,0.287783033,0.235459687,0.543243489,0.38027045,0.7983557,0.647705471
33.46,49.4467565,-0.553243506,0.523242724,0.923513936,0.748137817,2,0.287783039,0.235459686,0.543243487,0.380270449,0.798354694,0.647704062
33.48,49.4467565,-0.553243504,0.523242729,0.923513933,0.748136677,2,0.287783045,0.235459684,0.543243485,0.380270448,0.798353688,0.647702654
33.5,49.4467565,-0.553243502,0.523242733,0.923513929,0.748135536,2,0.287783051,0.235459682,0.543243483,0.380270446,0.798352682,0.647701245
33.52,49.4467565,-0.5532435,0.523242737,0.923513926,0.748134396,2,0.287783056,0.23545968,0.543243481,0.380270445,0.798351676,0.647699837
33.54,49.4467565,-0.553243498,0.523242741,0.923513923,0.748133256,2,0.287783062,0.235459679,0.54324348,0.380270443,0.79835067,0.647698429
33.56,49.4467565,-0.553243496,0.523242745,0.92351392,0.748132116,2,0.287783068,0.235459677,0.543243478,0.380270442,0.798349664,0.64769702
33.58,49.4467565,-0.553243494,0.523242749,0.923513916,0.748130976,2,0.287783074,0.235459675,0.543243476,0.380270441,0.798348658,0.647695612
33.6,49.4467565,-0.553243492,0.523242753,0.923513913,0.748129836,2,0.287783079,0.235459673,0.543243474,0.380270439,0.798347652,0.647694203
33.62,49.4467565,-0.55324349,0.523242757,0.92351391,0.748128696,2,0.287783085,0.235459672,0.543243472,0.380270438,0.798346646,0.647692795
33.64,49.4467565,-0.553243488,0.52324276,0.923513907,0.748127555,2,0.28778309,0.23545967,0.54324347,0.380270437,0.79834564,0.647691387
33.66,49.4467565,-0.553243486,0.523242764,0.923513904,0.748126415,2,0.287783096,0.235459668,0.543243469,0.380270435,0.798344634,0.647689978
33.68,49.4467565,-0.553243484,0.523242768,0.923513901,0.748125275,2,0.287783101,0.235459667,0.543243467,0.380270434,0.798343628,0.64768857
33.7,49.4467565,-0.553243482,0.523242772,0.923513898,0.748124135,2,0.287783107,0.235459665,0.543243465,0.380270433,0.798342622,0.647687161
33.72,49.4467565,-0.55324348,0.523242776,0.923513894,0.748122995,2,0.287783112,0.235459663,0.543243463,0.380270431,0.798341616,0.647685753
33.74,49.4467565,-0.553243478,0.523242779,0.923513891,0.748121855,2,0.287783118,0.235459662,0.543243461,0.38027043,0.79834061,0.647684345
33.76,49.4467565,-0.553243476,0.523242783,0.923513888,0.748120715,2,0.287783123,0.23545966,0.54324346,0.380270429,0.798339604,0.647682936
33.78,49.4467565,-0.553243474,0.523242787,0.923513885,0.748119575,2,0.287783128,0.235459658,0.543243458,0.380270427,0.798338598,0.647681528
33.8,49.4467565,-0.553243472,0.52324279,0.923513883,0.748118434,2,0.287783133,0.235459657,0.543243456,0.380270426,0.798337592,0.647680119
33.82,49.4467565,-0.553243471,0.523242794,0.92351388,0.748117294,2,0.287783139,0.235459655,0.543243455,0.380270425,0.798336586,0.647678711
33.84,49.4467565,-0.553243469,0.523242797,0.923513877,0.748116154,2,0.287783144,0.235459654,0.543243453,0.380270424,0.79833558,0.647677303
33.86,49.4467565,-0.553243467,0.523242801,0.923513874,0.748115014,2,0.287783149,0.235459652,0.543243451,0.380270423,0.798334574,0.647675894
33.88,49.4467565,-0.553243465,0.523242805,0.923513871,0.748113874,2,0.287783154,0.235459651,0.54324345,0.380270421,0.798333568,0.647674486
33.9,49.4467565,-0.553243463,0.523242808,0.923513868,0.748112734,2,0.287783159,0.235459649,0.543243448,0.38027042,0.798332562,0.647673077
33.92,49.4467565,-0.553243462,0.523242812,0.923513865,0.748111594,2,0.287783164,0.235459648,0.543243446,0.380270419,0.798331556,0.647671669
33.94,49.4467565,-0.55324346,0.523242815,0.923513862,0.748110453,2,0.287783169,0.235459646,0.543243445,0.380270418,0.79833055,0.64767026
33.96,49.4467565,-0.553243458,0.523242818,0.92351386,0.748109313,2,0.287783174,0.235459645,0.543243443,0.380270417,0.798329544,0.647668852
33.98,49.4467565,-0.553243457,0.523242822,0.923513857,0.748108173,2,0.287783179,0.235459643,0.543243441,0.380270415,0.798328538,0.647667444
34,49.4467565,-0.553243455,0.523242825,0.923513854,0.748107033,2,0.287783183,0.235459642,0.54324344,0.380270414,0.798327532,0.647666035
34.02,49.4467565,-0.553243453,0.523242828,0.923513851,0.748105893,2,0.287783188,0.23545964,0.543243438,0.380270413,0.798326526,0.647664627
34.04,49.4467565,-0.553243452,0.523242832,0.923513849,0.748104753,2,0.287783193,0.235459639,0.543243437,0.380270412,0.79832552,0.647663218
34.06,49.4467566,-0.55324345,0.523242835,0.923513846,0.748103613,2,0.287783198,0.235459637,0.543243435,0.380270411,0.798324514,0.64766181
34.08,49.4467566,-0.553243448,0.523242838,0.923513843,0.748102472,2,0.287783202,0.235459636,0.543243434,0.38027041,0.798323508,0.647660402
34.1,49.4467566,-0.553243447,0.523242841,0.923513841,0.748101332,2,0.287783207,0.235459635,0.543243432,0.380270409,0.798322502,0.647658993
34.12,49.4467566,-0.553243445,0.523242845,0.923513838,0.748100192,2,0.287783211,0.235459633,0.543243431,0.380270408,0.798321496,0.647657585
34.14,49.4467566,-0.553243443,0.523242848,0.923513836,0.748099052,2,0.287783216,0.235459632,0.543243429,0.380270406,0.79832049,0.647656176
34.16,49.4467566,-0.553243442,0.523242851,0.923513833,0.748097912,2,0.287783221,0.23545963,0.543243428,0.380270405,0.798319484,0.647654768
34.18,49.4467566,-0.55324344,0.523242854,0.923513831,0.748096772,2,0.287783225,0.235459629,0.543243426,0.380270404,0.798318478,0.64765336
34.2,49.4467566,-0.553243439,0.523242857,0.923513828,0.748095632,2,0.287783229,0.235459628,0.543243425,0.380270403,0.798317472,0.647651951
34.22,49.4467566,-0.553243437,0.52324286,0.923513825,0.748094491,2,0.287783234,0.235459626,0.543243423,0.380270402,0.798316466,0.647650543
34.24,49.4467566,-0.553243436,0.523242863,0.923513823,0.748093351,2,0.287783238,0.235459625,0.543243422,0.380270401,0.79831546,0.647649134
34.26,49.4467566,-0.553243434,0.523242866,0.923513821,0.748092211,2,0.287783243,0.235459624,0.54324342,0.3802704,0.798314454,0.647647726
34.28,49.4467566,-0.553243432,0.523242869,0.923513818,0.748091071,2,0.287783247,0.235459622,0.543243419,0.380270399,0.798313448,0.647646318
34.3,49.4467566,-0.553243431,0.523242872,0.923513816,0.748089931,2,0.287783251,0.235459621,0.543243418,0.380270398,0.798312442,0.647644909
34.32,49.4467566,-0.553243429,0.523242875,0.923513813,0.748088791,2,0.287783255,0.23545962,0.543243416,0.380270397,0.798311436,0.647643501
34.34,49.4467566,-0.553243428,0.523242878,0.923513811,0.748087651,2,0.28778326,0.235459619,0.543243415,0.380270396,0.79831043,0.647642092
34.36,49.4467566,-0.553243427,0.523242881,0.923513809,0.74808651,2,0.287783264,0.235459617,0.543243414,0.380270395,0.798309424,0.647640684
34.38,49.4467566,-0.553243425,0.523242884,0.923513806,0.74808537,2,0.287783268,0.235459616,0.543243412,0.380270394,0.798308418,0.647639275
34.4,49.4467566,-0.553243424,0.523242887,0.923513804,0.74808423,2,0.287783272,0.235459615,0.543243411,0.380270393,0.798307412,0.647637867
34.42,49.4467566,-0.553243422,0.52324289,0.923513802,0.74808309,2,0.287783276,0.235459614,0.54324341,0.380270392,0.798306406,0.647636459
34.44,49.4467566,-0.553243421,0.523242893,0.923513799,0.74808195,2,0.28778328,0.235459612,0.543243408,0.380270391,0.7983054,0.64763505
34.46,49.4467566,-0.553243419,0.523242895,0.923513797,0.74808081,2,0.287783284,0.235459611,0.543243407,0.38027039,0.798304394,0.647633642
34.48,49.4467566,-0.553243418,0.523242898,0.923513795,0.74807967,2,0.287783288,0.23545961,0.543243406,0.380270389,0.798303388,0.647632233
34.5,49.4467566,-0.553243417,0.523242901,0.923513792,0.748078529,2,0.287783292,0.235459609,0.543243404,0.380270388,0.798302382,0.647630825
34.52,49.4467566,-0.553243415,0.523242904,0.92351379,0.748077389,2,0.287783296,0.235459608,0.543243403,0.380270387,0.798301376,0.647629417
34.54,49.4467566,-0.553243414,0.523242906,0.923513788,0.748076249,2,0.2877833,0.235459606,0.543243402,0.380270386,0.79830037,0.647628008
34.56,49.4467566,-0.553243412,0.523242909,0.923513786,0.748075109,2,0.287783304,0.235459605,0.5432434,0.380270385,0.798299364,0.6476266
34.58,49.4467566,-0.553243411,0.523242912,0.923513784,0.748073969,2,0.287783308,0.235459604,0.543243399,0.380270384,0.798298358,0.647625191
34.6,49.4467566,-0.55324341,0.523242914,0.923513782,0.748072829,2,0.287783311,0.235459603,0.543243398,0.380270384,0.798297352,0.647623783
34.62,49.4467566,-0.553243408,0.523242917,0.923513779,0.748071689,2,0.287783315,0.235459602,0.543243397,0.380270383,0.798296346,0.647622375
34.64,49.4467566,-0.553243407,0.523242919,0.923513777,0.748070548,2,0.287783319,0.235459601,0.543243396,0.380270382,0.79829534,0.647620966
34.66,49.4467566,-0.553243406,0.523242922,0.923513775,0.748069408,2,0.287783323,0.235459599,0.543243394,0.380270381,0.798294334,0.647619558
34.68,49.4467566,-0.553243405,0.523242925,0.923513773,0.748068268,2,0.287783326,0.235459598,0.543243393,0.38027038,0.798293328,0.647618149
34.7,49.4467566,-0.553243403,0.523242927,0.923513771,0.748067128,2,0.28778333,0.235459597,0.543243392,0.380270379,0.798292322,0.647616741
34.72,49.4467566,-0.553243402,0.52324293,0.923513769,0.748065988,2,0.287783333,0.235459596,0.543243391,0.380270378,0.798291316,0.647615333
34.74,49.4467566,-0.553243401,0.523242932,0.923513767,0.748064848,2,0.287783337,0.235459595,0.54324339,0.380270377,0.79829031,0.647613924
34.76,49.4467566,-0.553243399,0.523242935,0.923513765,0.748063708,2,0.287783341,0.235459594,0.543243388,0.380270377,0.798289304,0.647612516
34.78,49.4467566,-0.553243398,0.523242937,0.923513763,0.748062567,2,0.287783344,0.235459593,0.543243387,0.380270376,0.798288298,0.647611107
34.8,49.4467566,-0.553243397,0.523242939,0.923513761,0.748061427,2,0.287783348,0.235459592,0.543243386,0.380270375,0.798287292,0.647609699
34.82,49.4467566,-0.553243396,0.523242942,0.923513759,0.748060287,2,0.287783351,0.235459591,0.543243385,0.380270374,0.798286286,0.647608291
34.84,49.4467566,-0.553243395,0.523242944,0.923513757,0.748059147,2,0.287783355,0.23545959,0.543243384,0.380270373,0.79828528,0.647606882
34.86,49.4467566,-0.553243393,0.523242947,0.923513755,0.748058007,2,0.287783358,0.235459589,0.543243383,0.380270372,0.798284274,0.647605474
34.88,49.4467566,-0.553243392,0.523242949,0.923513753,0.748056867,2,0.287783361,0.235459588,0.543243382,0.380270372,0.798283268,0.647604065
34.9,49.4467566,-0.553243391,0.523242951,0.923513751,0.748055727,2,0.287783365,0.235459587,0.543243381,0.380270371,0.798282262,0.647602657
34.92,49.4467566,-0.55324339,0.523242954,0.923513749,0.748054586,2,0.287783368,0.235459586,0.543243379,0.38027037,0.798281256,0.647601248
34.94,49.4467566,-0.553243389,0.523242956,0.923513748,0.748053446,2,0.287783371,0.235459585,0.543243378,0.380270369,0.79828025,0.64759984
34.96,49.4467566,-0.553243387,0.523242958,0.923513746,0.748052306,2,0.287783375,0.235459584,0.543243377,0.380270368,0.798279243,0.647598432
34.98,49.4467566,-0.553243386,0.523242961,0.923513744,0.748051166,2,0.287783378,0.235459583,0.543243376,0.380270368,0.798278237,0.647597023
35,49.4467566,-0.553243385,0.523242963,0.923513742,0.748050026,2,0.287783381,0.235459582,0.543243375,0.380270367,0.798277231,0.647595615
35.02,49.4467566,-0.553243384,0.523242965,0.92351374,0.748048886,2,0.287783384,0.235459581,0.543243374,0.380270366,0.798276225,0.647594206
35.04,49.4467566,-0.553243383,0.523242967,0.923513738,0.748047746,2,0.287783388,0.23545958,0.543243373,0.380270365,0.798275219,0.647592798
35.06,49.4467566,-0.553243382,0.523242969,0.923513737,0.748046606,2,0.287783391,0.235459579,0.543243372,0.380270365,0.798274213,0.64759139
35.08,49.4467566,-0.553243381,0.523242972,0.923513735,0.748045465,2,0.287783394,0.235459578,0.543243371,0.380270364,0.798273207,0.647589981
35.1,49.4467566,-0.55324338,0.523242974,0.923513733,0.748044325,2,0.287783397,0.235459577,0.54324337,0.380270363,0.798272201,0.647588573
35.12,49.4467566,-0.553243379,0.523242976,0.923513731,0.748043185,2,0.2877834,0.235459576,0.543243369,0.380270362,0.798271195,0.647587164
35.14,49.4467566,-0.553243377,0.523242978,0.92351373,0.748042045,2,0.287783403,0.235459575,0.543243368,0.380270362,0.798270189,0.647585756
35.16,49.4467566,-0.553243376,0.52324298,0.923513728,0.748040905,2,0.287783406,0.235459574,0.543243367,0.380270361,0.798269183,0.647584348
35.18,49.4467566,-0.553243375,0.523242982,0.923513726,0.748039765,2,0.287783409,0.235459573,0.543243366,0.38027036,0.798268177,0.647582939
35.2,49.4467566,-0.553243374,0.523242984,0.923513724,0.748038625,2,0.287783412,0.235459572,0.543243365,0.380270359,0.798267171,0.647581531
35.22,49.4467566,-0.553243373,0.523242986,0.923513723,0.748037484,2,0.287783415,0.235459571,0.543243364,0.380270359,0.798266165,0.647580122
35.24,49.4467566,-0.553243372,0.523242988,0.923513721,0.748036344,2,0.287783418,0.235459571,0.543243363,0.380270358,0.798265159,0.647578714
35.26,49.4467566,-0.553243371,0.52324299,0.923513719,0.748035204,2,0.287783421,0.23545957,0.543243362,0.380270357,0.798264153,0.647577306
35.28,49.4467566,-0.55324337,0.523242993,0.923513718,0.748034064,2,0.287783424,0.235459569,0.543243361,0.380270357,0.798263147,0.647575897
35.3,49.4467566,-0.553243369,0.523242995,0.923513716,0.748032924,2,0.287783427,0.235459568,0.54324336,0.380270356,0.798262141,0.647574489
35.32,49.4467566,-0.553243368,0.523242996,0.923513715,0.748031784,2,0.287783429,0.235459567,0.543243359,0.380270355,0.798261135,0.64757308
35.34,49.4467566,-0.553243367,0.523242998,0.923513713,0.748030644,2,0.287783432,0.235459566,0.543243358,0.380270355,0.798260129,0.647571672
35.36,49.4467566,-0.553243366,0.523243,0.923513711,0.748029503,2,0.287783435,0.235459565,0.543243357,0.380270354,0.798259123,0.647570263
35.38,49.4467566,-0.553243365,0.523243002,0.92351371,0.748028363,2,0.287783438,0.235459564,0.543243357,0.380270353,0.798258117,0.647568855
35.4,49.4467566,-0.553243364,0.523243004,0.923513708,0.748027223,2,0.287783441,0.235459564,0.543243356,0.380270353,0.798257111,0.647567447
35.42,49.4467566,-0.553243363,0.523243006,0.923513707,0.748026083,2,0.287783443,0.235459563,0.543243355,0.380270352,0.798256105,0.647566038
35.44,49.4467566,-0.553243362,0.523243008,0.923513705,0.748024943,2,0.287783446,0.235459562,0.543243354,0.380270351,0.798255099,0.64756463
35.46,49.4467566,-0.553243361,0.52324301,0.923513704,0.748023803,2,0.287783449,0.235459561,0.543243353,0.380270351,0.798254093,0.647563221
35.48,49.4467566,-0.55324336,0.523243012,0.923513702,0.748022663,2,0.287783451,0.23545956,0.543243352,0.38027035,0.798253087,0.647561813
35.5,49.4467566,-0.553243359,0.523243014,0.923513701,0.748021522,2,0.287783454,0.23545956,0.543243351,0.380270349,0.798252081,0.647560405
35.52,49.4467566,-0.553243359,0.523243015,0.923513699,0.748020382,2,0.287783457,0.235459559,0.54324335,0.380270349,0.798251075,0.647558996
35.54,49.4467566,-0.553243358,0.523243017,0.923513698,0.748019242,2,0.287783459,0.235459558,0.54324335,0.380270348,0.798250069,0.647557588
35.56,49.4467566,-0.553243357,0.523243019,0.923513696,0.748018102,2,0.287783462,0.235459557,0.543243349,0.380270347,0.798249063,0.647556179
35.58,49.4467566,-0.553243356,0.523243021,0.923513695,0.748016962,2,0.287783464,0.235459556,0.543243348,0.380270347,0.798248057,0.647554771
35.6,49.4467566,-0.553243355,0.523243023,0.923513693,0.748015822,2,0.287783467,0.235459556,0.543243347,0.380270346,0.798247051,0.647553363
35.62,49.4467566,-0.553243354,0.523243024,0.923513692,0.748014682,2,0.287783469,0.235459555,0.543243346,0.380270346,0.798246045,0.647551954
35.64,49.4467566,-0.553243353,0.523243026,0.92351369,0.748013541,2,0.287783472,0.235459554,0.543243345,0.380270345,0.798245039,0.647550546
35.66,49.4467566,-0.553243352,0.523243028,0.923513689,0.748012401,2,0.287783474,0.235459553,0.543243345,0.380270344,0.798244033,0.647549137
35.68,49.4467566,-0.553243351,0.52324303,0.923513688,0.748011261,2,0.287783477,0.235459553,0.543243344,0.380270344,0.798243027,0.647547729
35.7,49.4467566,-0.553243351,0.523243031,0.923513686,0.748010121,2,0.287783479,0.235459552,0.543243343,0.380270343,0.798242021,0.647546321
35.72,49.4467567,-0.55324335,0.523243033,0.923513685,0.748008981,2,0.287783482,0.235459551,0.543243342,0.380270343,0.798241015,0.647544912
35.74,49.4467567,-0.553243349,0.523243035,0.923513683,0.748007841,2,0.287783484,0.23545955,0.543243341,0.380270342,0.798240009,0.647543504
35.76,49.4467567,-0.553243348,0.523243036,0.923513682,0.748006701,2,0.287783487,0.23545955,0.543243341,0.380270342,0.798239003,0.647542095
35.78,49.4467567,-0.553243347,0.523243038,0.923513681,0.74800556,2,0.287783489,0.235459549,0.54324334,0.380270341,0.798237997,0.647540687
35.8,49.4467567,-0.553243346,0.52324304,0.923513679,0.74800442,2,0.287783491,0.235459548,0.543243339,0.38027034,0.798236991,0.647539278
35.82,49.4467567,-0.553243346,0.523243041,0.923513678,0.74800328,2,0.287783494,0.235459548,0.543243338,0.38027034,0.798235985,0.64753787
35.84,49.4467567,-0.553243345,0.523243043,0.923513677,0.74800214,2,0.287783496,0.235459547,0.543243338,0.380270339,0.798234979,0.647536462
35.86,49.4467567,-0.553243344,0.523243044,0.923513676,0.748001,2,0.287783498,0.235459546,0.543243337,0.380270339,0.798233973,0.647535053
35.88,49.4467567,-0.553243343,0.523243046,0.923513674,0.74799986,2,0.2877835,0.235459545,0.543243336,0.380270338,0.798232967,0.647533645
35.9,49.4467567,-0.553243342,0.523243048,0.923513673,0.74799872,2,0.287783503,0.235459545,0.543243335,0.380270338,0.798231961,0.647532236
35.92,49.4467567,-0.553243342,0.523243049,0.923513672,0.747997579,2,0.287783505,0.235459544,0.543243335,0.380270337,0.798230955,0.647530828
35.94,49.4467567,-0.553243341,0.523243051,0.92351367,0.747996439,2,0.287783507,0.235459543,0.543243334,0.380270337,0.798229949,0.64752942
35.96,49.4467567,-0.55324334,0.523243052,0.923513669,0.747995299,2,0.287783509,0.235459543,0.543243333,0.380270336,0.798228943,0.647528011
35.98,49.4467567,-0.553243339,0.523243054,0.923513668,0.747994159,2,0.287783512,0.235459542,0.543243332,0.380270336,0.798227937,0.647526603
36,49.4467567,-0.553243338,0.523243055,0.923513667,0.747993019,2,0.287783514,0.235459541,0.543243332,0.380270335,0.798226931,0.647525194
36.02,49.4467567,-0.553243338,0.523243057,0.923513665,0.747991879,2,0.287783516,0.235459541,0.543243331,0.380270335,0.798225925,0.647523786
36.04,49.4467567,-0.553243337,0.523243058,0.923513664,0.747990739,2,0.287783518,0.23545954,0.54324333,0.380270334,0.798224919,0.647522378
36.06,49.4467567,-0.553243336,0.52324306,0.923513663,0.747989598,2,0.28778352,0.235459539,0.54324333,0.380270333,0.798223913,0.647520969
36.08,49.4467567,-0.553243335,0.523243061,0.923513662,0.747988458,2,0.287783522,0.235459539,0.543243329,0.380270333,0.798222907,0.647519561
36.1,49.4467567,-0.553243335,0.523243063,0.923513661,0.747987318,2,0.287783524,0.235459538,0.543243328,0.380270332,0.798221901,0.647518152
36.12,49.4467567,-0.553243334,0.523243064,0.92351366,0.747986178,2,0.287783526,0.235459538,0.543243328,0.380270332,0.798220895,0.647516744
36.14,49.4467567,-0.553243333,0.523243065,0.923513658,0.747985038,2,0.287783528,0.235459537,0.543243327,0.380270332,0.798219889,0.647515336
36.16,49.4467567,-0.553243333,0.523243067,0.923513657,0.747983898,2,0.28778353,0.235459536,0.543243326,0.380270331,0.798218883,0.647513927
36.18,49.4467567,-0.553243332,0.523243068,0.923513656,0.747982758,2,0.287783532,0.235459536,0.543243326,0.380270331,0.798217877,0.647512519
36.2,49.4467567,-0.553243331,0.52324307,0.923513655,0.747981618,2,0.287783534,0.235459535,0.543243325,0.38027033,0.798216871,0.64751111
36.22,49.4467567,-0.55324333,0.523243071,0.923513654,0.747980477,2,0.287783536,0.235459535,0.543243324,0.38027033,0.798215865,0.647509702
36.24,49.4467567,-0.55324333,0.523243072,0.923513653,0.747979337,2,0.287783538,0.235459534,0.543243324,0.380270329,0.798214859,0.647508293
36.26,49.4467567,-0.553243329,0.523243074,0.923513652,0.747978197,2,0.28778354,0.235459533,0.543243323,0.380270329,0.798213853,0.647506885
36.28,49.4467567,-0.553243328,0.523243075,0.923513651,0.747977057,2,0.287783542,0.235459533,0.543243322,0.380270328,0.798212847,0.647505477
36.3,49.4467567,-0.553243328,0.523243076,0.923513649,0.747975917,2,0.287783544,0.235459532,0.543243322,0.380270328,0.798211841,0.647504068
36.32,49.4467567,-0.553243327,0.523243078,0.923513648,0.747974777,2,0.287783546,0.235459532,0.543243321,0.380270327,0.798210835,0.64750266
36.34,49.4467567,-0.553243326,0.523243079,0.923513647,0.747973637,2,0.287783548,0.235459531,0.54324332,0.380270327,0.798209829,0.647501251
36.36,49.4467567,-0.553243326,0.52324308,0.923513646,0.747972496,2,0.28778355,0.23545953,0.54324332,0.380270326,0.798208823,0.647499843
36.38,49.4467567,-0.553243325,0.523243082,0.923513645,0.747971356,2,0.287783552,0.23545953,0.543243319,0.380270326,0.798207817,0.647498435
36.4,49.4467567,-0.553243324,0.523243083,0.923513644,0.747970216,2,0.287783554,0.235459529,0.543243319,0.380270325,0.798206811,0.647497026
36.42,49.4467567,-0.553243324,0.523243084,0.923513643,0.747969076,2,0.287783555,0.235459529,0.543243318,0.380270325,0.798205805,0.647495618
36.44,49.4467567,-0.553243323,0.523243086,0.923513642,0.747967936,2,0.287783557,0.235459528,0.543243317,0.380270325,0.798204799,0.647494209
36.46,49.4467567,-0.553243322,0.523243087,0.923513641,0.747966796,2,0.287783559,0.235459528,0.543243317,0.380270324,0.798203793,0.647492801
36.48,49.4467567,-0.553243322,0.523243088,0.92351364,0.747965656,2,0.287783561,0.235459527,0.543243316,0.380270324,0.798202787,0.647491393
36.5,49.4467567,-0.553243321,0.523243089,0.923513639,0.747964515,2,0.287783563,0.235459527,0.543243316,0.380270323,0.798201781,0.647489984
36.52,49.4467567,-0.553243321,0.52324309,0.923513638,0.747963375,2,0.287783564,0.235459526,0.543243315,0.380270323,0.798200775,0.647488576
36.54,49.4467567,-0.55324332,0.523243092,0.923513637,0.747962235,2,0.287783566,0.235459526,0.543243315,0.380270322,0.798199769,0.647487167
36.56,49.4467567,-0.553243319,0.523243093,0.923513636,0.747961095,2,0.287783568,0.235459525,0.543243314,0.380270322,0.798198763,0.647485759
36.58,49.4467567,-0.553243319,0.523243094,0.923513635,0.747959955,2,0.28778357,0.235459524,0.543243313,0.380270322,0.798197757,0.647484351
36.6,49.4467567,-0.553243318,0.523243095,0.923513634,0.747958815,2,0.287783571,0.235459524,0.543243313,0.380270321,0.798196751,0.647482942
36.62,49.4467567,-0.553243318,0.523243096,0.923513633,0.747957675,2,0.287783573,0.235459523,0.543243312,0.380270321,0.798195745,0.647481534
36.64,49.4467567,-0.553243317,0.523243098,0.923513632,0.747956534,2,0.287783575,0.235459523,0.543243312,0.38027032,0.798194739,0.647480125
36.66,49.4467567,-0.553243316,0.523243099,0.923513631,0.747955394,2,0.287783576,0.235459522,0.543243311,0.38027032,0.798193733,0.647478717
36.68,49.4467567,-0.553243316,0.5232431,0.92351363,0.747954254,2,0.287783578,0.235459522,0.543243311,0.38027032,0.798192727,0.647477308
36.7,49.4467567,-0.553243315,0.523243101,0.923513629,0.747953114,2,0.28778358,0.235459521,0.54324331,0.380270319,0.798191721,0.6474759
36.72,49.4467567,-0.553243315,0.523243102,0.923513628,0.747951974,2,0.287783581,0.235459521,0.54324331,0.380270319,0.798190715,0.647474492
36.74,49.4467567,-0.553243314,0.523243103,0.923513628,0.747950834,2,0.287783583,0.23545952,0.543243309,0.380270318,0.798189709,0.647473083
36.76,49.4467567,-0.553243313,0.523243104,0.923513627,0.747949694,2,0.287783584,0.23545952,0.543243309,0.380270318,0.798188703,0.647471675
36.78,49.4467567,-0.553243313,0.523243106,0.923513626,0.747948553,2,0.287783586,0.235459519,0.543243308,0.380270318,0.798187697,0.647470266
36.8,49.4467567,-0.553243312,0.523243107,0.923513625,0.747947413,2,0.287783588,0.235459519,0.543243307,0.380270317,0.798186691,0.647468858
36.82,49.4467567,-0.553243312,0.523243108,0.923513624,0.747946273,2,0.287783589,0.235459519,0.543243307,0.380270317,0.798185685,0.64746745
36.84,49.4467567,-0.553243311,0.523243109,0.923513623,0.747945133,2,0.287783591,0.235459518,0.543243306,0.380270317,0.798184679,0.647466041
36.86,49.4467567,-0.553243311,0.52324311,0.923513622,0.747943993,2,0.287783592,0.235459518,0.543243306,0.380270316,0.798183673,0.647464633
36.88,49.4467567,-0.55324331,0.523243111,0.923513621,0.747942853,2,0.287783594,0.235459517,0.543243305,0.380270316,0.798182667,0.647463224
36.9,49.4467567,-0.55324331,0.523243112,0.92351362,0.747941713,2,0.287783595,0.235459517,0.543243305,0.380270315,0.798181661,0.647461816
36.92,49.4467567,-0.553243309,0.523243113,0.92351362,0.747940572,2,0.287783597,0.235459516,0.543243304,0.380270315,0.798180655,0.647460408
36.94,49.4467567,-0.553243309,0.523243114,0.923513619,0.747939432,2,0.287783598,0.235459516,0.543243304,0.380270315,0.798179649,0.647458999
36.96,49.4467567,-0.553243308,0.523243115,0.923513618,0.747938292,2,0.2877836,0.235459515,0.543243304,0.380270314,0.798178643,0.647457591
36.98,49.4467567,-0.553243308,0.523243116,0.923513617,0.747937152,2,0.287783601,0.235459515,0.543243303,0.380270314,0.798177637,0.647456182
37,49.4467567,-0.553243307,0.523243117,0.923513616,0.747936012,2,0.287783603,0.235459514,0.543243303,0.380270314,0.798176631,0.647454774
37.02,49.4467567,-0.553243307,0.523243118,0.923513615,0.747934872,2,0.287783604,0.235459514,0.543243302,0.380270313,0.798175625,0.647453366
37.04,49.4467567,-0.553243306,0.523243119,0.923513615,0.747933732,2,0.287783606,0.235459514,0.543243302,0.380270313,0.798174619,0.647451957
37.06,49.4467567,-0.553243306,0.52324312,0.923513614,0.747932591,2,0.287783607,0.235459513,0.543243301,0.380270313,0.798173613,0.647450549
37.08,49.4467567,-0.553243305,0.523243121,0.923513613,0.747931451,2,0.287783608,0.235459513,0.543243301,0.380270312,0.798172607,0.64744914
37.1,49.4467567,-0.553243305,0.523243122,0.923513612,0.747930311,2,0.28778361,0.235459512,0.5432433,0.380270312,0.798171601,0.647447732
37.12,49.4467567,-0.553243304,0.523243123,0.923513611,0.747929171,2,0.287783611,0.235459512,0.5432433,0.380270312,0.798170595,0.647446324
37.14,49.4467567,-0.553243304,0.523243124,0.923513611,0.747928031,2,0.287783613,0.235459511,0.543243299,0.380270311,0.798169589,0.647444915
37.16,49.4467567,-0.553243303,0.523243125,0.92351361,0.747926891,2,0.287783614,0.235459511,0.543243299,0.380270311,0.798168583,0.647443507
37.18,49.4467567,-0.553243303,0.523243126,0.923513609,0.747925751,2,0.287783615,0.235459511,0.543243298,0.380270311,0.798167577,0.647442098
37.2,49.4467567,-0.553243302,0.523243127,0.923513608,0.74792461,2,0.287783617,0.23545951,0.543243298,0.38027031,0.798166571,0.64744069
37.22,49.4467567,-0.553243302,0.523243128,0.923513608,0.74792347,2,0.287783618,0.23545951,0.543243298,0.38027031,0.798165565,0.647439281
37.24,49.4467567,-0.553243301,0.523243129,0.923513607,0.74792233,2,0.287783619,0.235459509,0.543243297,0.38027031,0.798164559,0.647437873
37.26,49.4467567,-0.553243301,0.52324313,0.923513606,0.74792119,2,0.287783621,0.235459509,0.543243297,0.380270309,0.798163553,0.647436465
37.28,49.4467567,-0.5532433,0.52324313,0.923513605,0.74792005,2,0.287783622,0.235459509,0.543243296,0.380270309,0.798162547,0.647435056
37.3,49.4467567,-0.5532433,0.523243131,0.923513605,0.74791891,2,0.287783623,0.235459508,0.543243296,0.380270309,0.798161541,0.647433648
37.32,49.4467567,-0.553243299,0.523243132,0.923513604,0.74791777,2,0.287783624,0.235459508,0.543243295,0.380270308,0.798160535,0.647432239
37.34,49.4467567,-0.553243299,0.523243133,0.923513603,0.74791663,2,0.287783626,0.235459507,0.543243295,0.380270308,0.798159529,0.647430831
37.36,49.4467567,-0.553243299,0.523243134,0.923513602,0.747915489,2,0.287783627,0.235459507,0.543243295,0.380270308,0.798158523,0.647429423
37.38,49.4467567,-0.553243298,0.523243135,0.923513602,0.747914349,2,0.287783628,0.235459507,0.543243294,0.380270308,0.798157517,0.647428014
37.4,49.4467567,-0.553243298,0.523243136,0.923513601,0.747913209,2,0.287783629,0.235459506,0.543243294,0.380270307,0.798156511,0.647426606
37.42,49.4467567,-0.553243297,0.523243137,0.9235136,0.747912069,2,0.287783631,0.235459506,0.543243293,0.380270307,0.798155505,0.647425197
37.44,49.4467567,-0.553243297,0.523243137,0.9235136,0.747910929,2,0.287783632,0.235459506,0.543243293,0.380270307,0.798154499,0.647423789
37.46,49.4467567,-0.553243296,0.523243138,0.923513599,0.747909789,2,0.287783633,0.235459505,0.543243293,0.380270306,0.798153493,0.647422381
37.48,49.4467567,-0.553243296,0.523243139,0.923513598,0.747908649,2,0.287783634,0.235459505,0.543243292,0.380270306,0.798152487,0.647420972
37.5,49.4467567,-0.553243296,0.52324314,0.923513598,0.747907508,2,0.287783635,0.235459504,0.543243292,0.380270306,0.798151481,0.647419564
37.52,49.4467567,-0.553243295,0.523243141,0.923513597,0.747906368,2,0.287783637,0.235459504,0.543243291,0.380270306,0.798150475,0.647418155
37.54,49.4467567,-0.553243295,0.523243142,0.923513596,0.747905228,2,0.287783638,0.235459504,0.543243291,0.380270305,0.798149469,0.647416747
37.56,49.4467567,-0.553243294,0.523243142,0.923513596,0.747904088,2,0.287783639,0.235459503,0.543243291,0.380270305,0.798148463,0.647415339
37.58,49.4467567,-0.553243294,0.523243143,0.923513595,0.747902948,2,0.28778364,0.235459503,0.54324329,0.380270305,0.798147457,0.64741393
37.6,49.4467567,-0.553243293,0.523243144,0.923513594,0.747901808,2,0.287783641,0.235459503,0.54324329,0.380270304,0.798146451,0.647412522
37.62,49.4467567,-0.553243293,0.523243145,0.923513594,0.747900668,2,0.287783642,0.235459502,0.54324329,0.380270304,0.798145445,0.647411113
37.64,49.4467567,-0.553243293,0.523243146,0.923513593,0.747899527,2,0.287783644,0.235459502,0.543243289,0.380270304,0.798144439,0.647409705
37.66,49.4467567,-0.553243292,0.523243146,0.923513592,0.747898387,2,0.287783645,0.235459502,0.543243289,0.380270304,0.798143433,0.647408296
37.68,49.4467567,-0.553243292,0.523243147,0.923513592,0.747897247,2,0.287783646,0.235459501,0.543243288,0.380270303,0.798142427,0.647406888
37.7,49.4467567,-0.553243291,0.523243148,0.923513591,0.747896107,2,0.287783647,0.235459501,0.543243288,0.380270303,0.798141421,0.64740548
37.72,49.4467567,-0.553243291,0.523243149,0.923513591,0.747894967,2,0.287783648,0.235459501,0.543243288,0.380270303,0.798140415,0.647404071
37.74,49.4467567,-0.553243291,0.523243149,0.92351359,0.747893827,2,0.287783649,0.2354595,0.543243287,0.380270303,0.798139409,0.647402663
37.76,49.4467567,-0.55324329,0.52324315,0.923513589,0.747892687,2,0.28778365,0.2354595,0.543243287,0.380270302,0.798138403,0.647401254
37.78,49.4467567,-0.55324329,0.523243151,0.923513589,0.747891546,2,0.287783651,0.2354595,0.543243287,0.380270302,0.798137397,0.647399846
37.8,49.4467567,-0.55324329,0.523243152,0.923513588,0.747890406,2,0.287783652,0.235459499,0.543243286,0.380270302,0.798136391,0.647398438
37.82,49.4467567,-0.553243289,0.523243152,0.923513588,0.747889266,2,0.287783653,0.235459499,0.543243286,0.380270302,0.798135385,0.647397029
37.84,49.4467567,-0.553243289,0.523243153,0.923513587,0.747888126,2,0.287783654,0.235459499,0.543243286,0.380270301,0.798134379,0.647395621
37.86,49.4467567,-0.553243289,0.523243154,0.923513586,0.747886986,2,0.287783655,0.235459498,0.543243285,0.380270301,0.798133373,0.647394212
37.88,49.4467567,-0.553243288,0.523243155,0.923513586,0.747885846,2,0.287783656,0.235459498,0.543243285,0.380270301,0.798132367,0.647392804
37.9,49.4467567,-0.553243288,0.523243155,0.923513585,0.747884706,2,0.287783657,0.235459498,0.543243285,0.380270301,0.798131361,0.647391396
37.92,49.4467567,-0.553243287,0.523243156,0.923513585,0.747883565,2,0.287783658,0.235459498,0.543243284,0.3802703,0.798130355,0.647389987
37.94,49.4467567,-0.553243287,0.523243157,0.923513584,0.747882425,2,0.287783659,0.235459497,0.543243284,0.3802703,0.798129349,0.647388579
37.96,49.4467567,-0.553243287,0.523243157,0.923513584,0.747881285,2,0.28778366,0.235459497,0.543243284,0.3802703,0.798128343,0.64738717
37.98,49.4467567,-0.553243286,0.523243158,0.923513583,0.747880145,2,0.287783661,0.235459497,0.543243283,0.3802703,0.798127337,0.647385762
38,49.4467567,-0.553243286,0.523243159,0.923513582,0.747879005,2,0.287783662,0.235459496,0.543243283,0.380270299,0.798126331,0.647384354
38.02,49.4467567,-0.553243286,0.523243159,0.923513582,0.747877865,2,0.287783663,0.235459496,0.543243283,0.380270299,0.798125325,0.647382945
38.04,49.4467567,-0.553243285,0.52324316,0.923513581,0.747876725,2,0.287783664,0.235459496,0.543243282,0.380270299,0.798124319,0.647381537
38.06,49.4467567,-0.553243285,0.523243161,0.923513581,0.747875584,2,0.287783665,0.235459495,0.543243282,0.380270299,0.798123313,0.647380128
38.08,49.4467567,-0.553243285,0.523243161,0.92351358,0.747874444,2,0.287783666,0.235459495,0.543243282,0.380270298,0.798122307,0.64737872
38.1,49.4467567,-0.553243284,0.523243162,0.92351358,0.747873304,2,0.287783667,0.235459495,0.543243281,0.380270298,0.798121301,0.647377311
38.12,49.4467567,-0.553243284,0.523243163,0.923513579,0.747872164,2,0.287783668,0.235459495,0.543243281,0.380270298,0.798120295,0.647375903
38.14,49.4467567,-0.553243284,0.523243163,0.923513579,0.747871024,2,0.287783669,0.235459494,0.543243281,0.380270298,0.798119289,0.647374495
38.16,49.4467567,-0.553243283,0.523243164,0.923513578,0.747869884,2,0.28778367,0.235459494,0.543243281,0.380270298,0.798118283,0.647373086
38.18,49.4467567,-0.553243283,0.523243165,0.923513578,0.747868744,2,0.287783671,0.235459494,0.54324328,0.380270297,0.798117277,0.647371678
38.2,49.4467567,-0.553243283,0.523243165,0.923513577,0.747867603,2,0.287783672,0.235459493,0.54324328,0.380270297,0.798116271,0.647370269
38.22,49.4467567,-0.553243282,0.523243166,0.923513577,0.747866463,2,0.287783673,0.235459493,0.54324328,0.380270297,0.798115264,0.647368861
38.24,49.4467567,-0.553243282,0.523243166,0.923513576,0.747865323,2,0.287783673,0.235459493,0.543243279,0.380270297,0.798114258,0.647367453
38.26,49.4467567,-0.553243282,0.523243167,0.923513576,0.747864183,2,0.287783674,0.235459493,0.543243279,0.380270297,0.798113252,0.647366044
38.28,49.4467567,-0.553243282,0.523243168,0.923513575,0.747863043,2,0.287783675,0.235459492,0.543243279,0.380270296,0.798112246,0.647364636
38.3,49.4467567,-0.553243281,0.523243168,0.923513575,0.747861903,2,0.287783676,0.235459492,0.543243279,0.380270296,0.79811124,0.647363227
38.32,49.4467567,-0.553243281,0.523243169,0.923513574,0.747860763,2,0.287783677,0.235459492,0.543243278,0.380270296,0.798110234,0.647361819
38.34,49.4467567,-0.553243281,0.523243169,0.923513574,0.747859623,2,0.287783678,0.235459492,0.543243278,0.380270296,0.798109228,0.647360411
38.36,49.4467567,-0.55324328,0.52324317,0.923513573,0.747858482,2,0.287783679,0.235459491,0.543243278,0.380270295,0.798108222,0.647359002
38.38,49.4467567,-0.55324328,0.523243171,0.923513573,0.747857342,2,0.287783679,0.235459491,0.543243277,0.380270295,0.798107216,0.647357594
38.4,49.4467567,-0.55324328,0.523243171,0.923513572,0.747856202,2,0.28778368,0.235459491,0.543243277,0.380270295,0.79810621,0.647356185
38.42,49.4467567,-0.553243279,0.523243172,0.923513572,0.747855062,2,0.287783681,0.235459491,0.543243277,0.380270295,0.798105204,0.647354777
38.44,49.4467567,-0.553243279,0.523243172,0.923513571,0.747853922,2,0.287783682,0.23545949,0.543243277,0.380270295,0.798104198,0.647353369
38.46,49.4467567,-0.553243279,0.523243173,0.923513571,0.747852782,2,0.287783683,0.23545949,0.543243276,0.380270295,0.798103192,0.64735196
38.48,49.4467567,-0.553243279,0.523243173,0.92351357,0.747851642,2,0.287783684,0.23545949,0.543243276,0.380270294,0.798102186,0.647350552
38.5,49.4467567,-0.553243278,0.523243174,0.92351357,0.747850501,2,0.287783684,0.23545949,0.543243276,0.380270294,0.79810118,0.647349143
38.52,49.4467567,-0.553243278,0.523243175,0.923513569,0.747849361,2,0.287783685,0.235459489,0.543243276,0.380270294,0.798100174,0.647347735
38.54,49.4467567,-0.553243278,0.523243175,0.923513569,0.747848221,2,0.287783686,0.235459489,0.543243275,0.380270294,0.798099168,0.647346326
38.56,49.4467567,-0.553243277,0.523243176,0.923513569,0.747847081,2,0.287783687,0.235459489,0.543243275,0.380270294,0.798098162,0.647344918
38.58,49.4467567,-0.553243277,0.523243176,0.923513568,0.747845941,2,0.287783687,0.235459489,0.543243275,0.380270293,0.798097156,0.64734351
38.6,49.4467567,-0.553243277,0.523243177,0.923513568,0.747844801,2,0.287783688,0.235459488,0.543243275,0.380270293,0.79809615,0.647342101
38.62,49.4467567,-0.553243277,0.523243177,0.923513567,0.747843661,2,0.287783689,0.235459488,0.543243274,0.380270293,0.798095144,0.647340693
38.64,49.4467567,-0.553243276,0.523243178,0.923513567,0.74784252,2,0.28778369,0.235459488,0.543243274,0.380270293,0.798094138,0.647339284
38.66,49.4467567,-0.553243276,0.523243178,0.923513566,0.74784138,2,0.28778369,0.235459488,0.543243274,0.380270293,0.798093132,0.647337876
38.68,49.4467567,-0.553243276,0.523243179,0.923513566,0.74784024,2,0.287783691,0.235459488,0.543243274,0.380270292,0.798092126,0.647336468
38.7,49.4467567,-0.553243276,0.523243179,0.923513566,0.7478391,2,0.287783692,0.235459487,0.543243273,0.380270292,0.79809112,0.647335059
38.72,49.4467567,-0.553243275,0.52324318,0.923513565,0.74783796,2,0.287783693,0.235459487,0.543243273,0.380270292,0.798090114,0.647333651
38.74,49.4467567,-0.553243275,0.52324318,0.923513565,0.74783682,2,0.287783693,0.235459487,0.543243273,0.380270292,0.798089108,0.647332242
38.76,49.4467567,-0.553243275,0.523243181,0.923513564,0.74783568,2,0.287783694,0.235459487,0.543243273,0.380270292,0.798088102,0.647330834
38.78,49.4467567,-0.553243275,0.523243181,0.923513564,0.747834539,2,0.287783695,0.235459486,0.543243272,0.380270292,0.798087096,0.647329426
38.8,49.4467567,-0.553243274,0.523243182,0.923513564,0.747833399,2,0.287783696,0.235459486,0.543243272,0.380270291,0.79808609,0.647328017
38.82,49.4467567,-0.553243274,0.523243182,0.923513563,0.747832259,2,0.287783696,0.235459486,0.543243272,0.380270291,0.798085084,0.647326609
38.84,49.4467567,-0.553243274,0.523243183,0.923513563,0.747831119,2,0.287783697,0.235459486,0.543243272,0.380270291,0.798084078,0.6473252
38.86,49.4467567,-0.553243274,0.523243183,0.923513562,0.747829979,2,0.287783698,0.235459486,0.543243271,0.380270291,0.798083072,0.647323792
38.88,49.4467567,-0.553243273,0.523243184,0.923513562,0.747828839,2,0.287783698,0.235459485,0.543243271,0.380270291,0.798082066,0.647322384
38.9,49.4467567,-0.553243273,0.523243184,0.923513562,0.747827699,2,0.287783699,0.235459485,0.543243271,0.380270291,0.79808106,0.647320975
38.92,49.4467567,-0.553243273,0.523243185,0.923513561,0.747826558,2,0.2877837,0.235459485,0.543243271,0.38027029,0.798080054,0.647319567
38.94,49.4467567,-0.553243273,0.523243185,0.923513561,0.747825418,2,0.2877837,0.235459485,0.543243271,0.38027029,0.798079048,0.647318158
38.96,49.4467567,-0.553243272,0.523243186,0.92351356,0.747824278,2,0.287783701,0.235459485,0.54324327,0.38027029,0.798078042,0.64731675
38.98,49.4467567,-0.553243272,0.523243186,0.92351356,0.747823138,2,0.287783702,0.235459484,0.54324327,0.38027029,0.798077036,0.647315342
39,49.4467567,-0.553243272,0.523243187,0.92351356,0.747821998,2,0.287783702,0.235459484,0.54324327,0.38027029,0.79807603,0.647313933
39.02,49.4467567,-0.553243272,0.523243187,0.923513559,0.747820858,2,0.287783703,0.235459484,0.54324327,0.38027029,0.798075024,0.647312525
39.04,49.4467567,-0.553243271,0.523243187,0.923513559,0.747819718,2,0.287783704,0.235459484,0.543243269,0.380270289,0.798074018,0.647311116
39.06,49.4467567,-0.553243271,0.523243188,0.923513559,0.747818577,2,0.287783704,0.235459484,0.543243269,0.380270289,0.798073012,0.647309708
39.08,49.4467567,-0.553243271,0.523243188,0.923513558,0.747817437,2,0.287783705,0.235459483,0.543243269,0.380270289,0.798072006,0.647308299
39.1,49.4467567,-0.553243271,0.523243189,0.923513558,0.747816297,2,0.287783706,0.235459483,0.543243269,0.380270289,0.798071,0.647306891
39.12,49.4467567,-0.553243271,0.523243189,0.923513558,0.747815157,2,0.287783706,0.235459483,0.543243269,0.380270289,0.798069994,0.647305483
39.14,49.4467567,-0.55324327,0.52324319,0.923513557,0.747814017,2,0.287783707,0.235459483,0.543243268,0.380270289,0.798068988,0.647304074
39.16,49.4467567,-0.55324327,0.52324319,0.923513557,0.747812877,2,0.287783707,0.235459483,0.543243268,0.380270289,0.798067982,0.647302666
39.18,49.4467567,-0.55324327,0.52324319,0.923513557,0.747811737,2,0.287783708,0.235459482,0.543243268,0.380270288,0.798066976,0.647301257
39.2,49.4467567,-0.55324327,0.523243191,0.923513556,0.747810596,2,0.287783709,0.235459482,0.543243268,0.380270288,0.79806597,0.647299849
39.22,49.4467567,-0.55324327,0.523243191,0.923513556,0.747809456,2,0.287783709,0.235459482,0.543243268,0.380270288,0.798064964,0.647298441
39.24,49.4467567,-0.553243269,0.523243192,0.923513555,0.747808316,2,0.28778371,0.235459482,0.543243267,0.380270288,0.798063958,0.647297032
39.26,49.4467567,-0.553243269,0.523243192,0.923513555,0.747807176,2,0.28778371,0.235459482,0.543243267,0.380270288,0.798062952,0.647295624
39.28,49.4467567,-0.553243269,0.523243193,0.923513555,0.747806036,2,0.287783711,0.235459482,0.543243267,0.380270288,0.798061946,0.647294215
39.3,49.4467567,-0.553243269,0.523243193,0.923513555,0.747804896,2,0.287783712,0.235459481,0.543243267,0.380270288,0.79806094,0.647292807
39.32,49.4467567,-0.553243269,0.523243193,0.923513554,0.747803756,2,0.287783712,0.235459481,0.543243267,0.380270287,0.798059934,0.647291399
39.34,49.4467567,-0.553243268,0.523243194,0.923513554,0.747802615,2,0.287783713,0.235459481,0.543243267,0.380270287,0.798058928,0.64728999
39.36,49.4467567,-0.553243268,0.523243194,0.923513554,0.747801475,2,0.287783713,0.235459481,0.543243266,0.380270287,0.798057922,0.647288582
39.38,49.4467567,-0.553243268,0.523243195,0.923513553,0.747800335,2,0.287783714,0.235459481,0.543243266,0.380270287,0.798056916,0.647287173
39.4,49.4467567,-0.553243268,0.523243195,0.923513553,0.747799195,2,0.287783714,0.235459481,0.543243266,0.380270287,0.79805591,0.647285765
39.42,49.4467567,-0.553243268,0.523243195,0.923513553,0.747798055,2,0.287783715,0.23545948,0.543243266,0.380270287,0.798054904,0.647284357
39.44,49.4467567,-0.553243267,0.523243196,0.923513552,0.747796915,2,0.287783715,0.23545948,0.543243266,0.380270287,0.798053898,0.647282948
39.46,49.4467567,-0.553243267,0.523243196,0.923513552,0.747795775,2,0.287783716,0.23545948,0.543243265,0.380270287,0.798052892,0.64728154
39.48,49.4467567,-0.553243267,0.523243196,0.923513552,0.747794635,2,0.287783717,0.23545948,0.543243265,0.380270286,0.798051886,0.647280131
39.5,49.4467567,-0.553243267,0.523243197,0.923513551,0.747793494,2,0.287783717,0.23545948,0.543243265,0.380270286,0.79805088,0.647278723
39.52,49.4467567,-0.553243267,0.523243197,0.923513551,0.747792354,2,0.287783718,0.23545948,0.543243265,0.380270286,0.798049874,0.647277314
39.54,49.4467567,-0.553243266,0.523243198,0.923513551,0.747791214,2,0.287783718,0.235459479,0.543243265,0.380270286,0.798048868,0.647275906
39.56,49.4467567,-0.553243266,0.523243198,0.92351355,0.747790074,2,0.287783719,0.235459479,0.543243265,0.380270286,0.798047862,0.647274498
39.58,49.4467567,-0.553243266,0.523243198,0.92351355,0.747788934,2,0.287783719,0.235459479,0.543243264,0.380270286,0.798046856,0.647273089
39.6,49.4467567,-0.553243266,0.523243199,0.92351355,0.747787794,2,0.28778372,0.235459479,0.543243264,0.380270286,0.79804585,0.647271681
39.62,49.4467567,-0.553243266,0.523243199,0.92351355,0.747786654,2,0.28778372,0.235459479,0.543243264,0.380270286,0.798044844,0.647270272
39.64,49.4467567,-0.553243265,0.523243199,0.923513549,0.747785513,2,0.287783721,0.235459479,0.543243264,0.380270285,0.798043838,0.647268864
39.66,49.4467567,-0.553243265,0.5232432,0.923513549,0.747784373,2,0.287783721,0.235459478,0.543243264,0.380270285,0.798042832,0.647267456
39.68,49.4467567,-0.553243265,0.5232432,0.923513549,0.747783233,2,0.287783722,0.235459478,0.543243264,0.380270285,0.798041826,0.647266047
39.7,49.4467567,-0.553243265,0.5232432,0.923513548,0.747782093,2,0.287783722,0.235459478,0.543243263,0.380270285,0.79804082,0.647264639
39.72,49.4467567,-0.553243265,0.523243201,0.923513548,0.747780953,2,0.287783723,0.235459478,0.543243263,0.380270285,0.798039814,0.64726323
39.74,49.4467567,-0.553243265,0.523243201,0.923513548,0.747779813,2,0.287783723,0.235459478,0.543243263,0.380270285,0.798038808,0.647261822
39.76,49.4467567,-0.553243264,0.523243201,0.923513548,0.747778673,2,0.287783724,0.235459478,0.543243263,0.380270285,0.798037802,0.647260414
39.78,49.4467567,-0.553243264,0.523243202,0.923513547,0.747777532,2,0.287783724,0.235459478,0.543243263,0.380270285,0.798036796,0.647259005
39.8,49.4467567,-0.553243264,0.523243202,0.923513547,0.747776392,2,0.287783725,0.235459477,0.543243263,0.380270284,0.79803579,0.647257597
39.82,49.4467567,-0.553243264,0.523243202,0.923513547,0.747775252,2,0.287783725,0.235459477,0.543243262,0.380270284,0.798034784,0.647256188
39.84,49.4467567,-0.553243264,0.523243203,0.923513547,0.747774112,2,0.287783726,0.235459477,0.543243262,0.380270284,0.798033778,0.64725478
39.86,49.4467567,-0.553243264,0.523243203,0.923513546,0.747772972,2,0.287783726,0.235459477,0.543243262,0.380270284,0.798032772,0.647253372
39.88,49.4467567,-0.553243263,0.523243203,0.923513546,0.747771832,2,0.287783726,0.235459477,0.543243262,0.380270284,0.798031766,0.647251963
39.9,49.4467567,-0.553243263,0.523243204,0.923513546,0.747770692,2,0.287783727,0.235459477,0.543243262,0.380270284,0.79803076,0.647250555
39.92,49.4467567,-0.553243263,0.523243204,0.923513546,0.747769551,2,0.287783727,0.235459477,0.543243262,0.380270284,0.798029754,0.647249146
39.94,49.4467567,-0.553243263,0.523243204,0.923513545,0.747768411,2,0.287783728,0.235459476,0.543243262,0.380270284,0.798028748,0.647247738
39.96,49.4467567,-0.553243263,0.523243205,0.923513545,0.747767271,2,0.287783728,0.235459476,0.543243261,0.380270284,0.798027742,0.647246329
39.98,49.4467567,-0.553243263,0.523243205,0.923513545,0.747766131,2,0.287783729,0.235459476,0.543243261,0.380270283,0.798026736,0.647244921
40,49.4467567,-0.553243262,0.523243205,0.923513545,0.747764991,2,0.287783729,0.235459476,0.543243261,0.380270283,0.79802573,0.647243513
40.02,49.4467567,-0.553243262,0.523243206,0.923513544,0.747763851,2,0.28778373,0.235459476,0.543243261,0.380270283,0.798024724,0.647242104
40.04,49.4467567,-0.553243262,0.523243206,0.923513544,0.747762711,2,0.28778373,0.235459476,0.543243261,0.380270283,0.798023718,0.647240696
40.06,49.4467567,-0.553243262,0.523243206,0.923513544,0.74776157,2,0.28778373,0.235459476,0.543243261,0.380270283,0.798022712,0.647239287
40.08,49.4467567,-0.553243262,0.523243206,0.923513544,0.74776043,2,0.287783731,0.235459476,0.543243261,0.380270283,0.798021706,0.647237879
40.1,49.4467567,-0.553243262,0.523243207,0.923513543,0.74775929,2,0.287783731,0.235459475,0.54324326,0.380270283,0.7980207,0.647236471
40.12,49.4467567,-0.553243262,0.523243207,0.923513543,0.74775815,2,0.287783732,0.235459475,0.54324326,0.380270283,0.798019694,0.647235062
40.14,49.4467567,-0.553243261,0.523243207,0.923513543,0.74775701,2,0.287783732,0.235459475,0.54324326,0.380270283,0.798018688,0.647233654
40.16,49.4467567,-0.553243261,0.523243208,0.923513543,0.74775587,2,0.287783733,0.235459475,0.54324326,0.380270283,0.798017682,0.647232245
40.18,49.4467567,-0.553243261,0.523243208,0.923513542,0.74775473,2,0.287783733,0.235459475,0.54324326,0.380270282,0.798016676,0.647230837
40.2,49.4467567,-0.553243261,0.523243208,0.923513542,0.747753589,2,0.287783733,0.235459475,0.54324326,0.380270282,0.79801567,0.647229429
40.22,49.4467567,-0.553243261,0.523243208,0.923513542,0.747752449,2,0.287783734,0.235459475,0.54324326,0.380270282,0.798014664,0.64722802
40.24,49.4467567,-0.553243261,0.523243209,0.923513542,0.747751309,2,0.287783734,0.235459475,0.543243259,0.380270282,0.798013658,0.647226612
40.26,49.4467567,-0.553243261,0.523243209,0.923513541,0.747750169,2,0.287783735,0.235459474,0.543243259,0.380270282,0.798012652,0.647225203
40.28,49.4467567,-0.55324326,0.523243209,0.923513541,0.747749029,2,0.287783735,0.235459474,0.543243259,0.380270282,0.798011646,0.647223795
40.3,49.4467567,-0.55324326,0.52324321,0.923513541,0.747747889,2,0.287783735,0.235459474,0.543243259,0.380270282,0.79801064,0.647222387
40.32,49.4467567,-0.55324326,0.52324321,0.923513541,0.747746749,2,0.287783736,0.235459474,0.543243259,0.380270282,0.798009634,0.647220978
40.34,49.4467567,-0.55324326,0.52324321,0.923513541,0.747745608,2,0.287783736,0.235459474,0.543243259,0.380270282,0.798008628,0.64721957
40.36,49.4467567,-0.55324326,0.52324321,0.92351354,0.747744468,2,0.287783736,0.235459474,0.543243259,0.380270282,0.798007622,0.647218161
40.38,49.4467567,-0.55324326,0.523243211,0.92351354,0.747743328,2,0.287783737,0.235459474,0.543243259,0.380270282,0.798006616,0.647216753
40.4,49.4467567,-0.55324326,0.523243211,0.92351354,0.747742188,2,0.287783737,0.235459474,0.543243258,0.380270281,0.79800561,0.647215345
40.42,49.4467567,-0.55324326,0.523243211,0.92351354,0.747741048,2,0.287783738,0.235459473,0.543243258,0.380270281,0.798004604,0.647213936
40.44,49.4467567,-0.553243259,0.523243211,0.92351354,0.747739908,2,0.287783738,0.235459473,0.543243258,0.380270281,0.798003598,0.647212528
40.46,49.4467567,-0.553243259,0.523243212,0.923513539,0.747738768,2,0.287783738,0.235459473,0.543243258,0.380270281,0.798002592,0.647211119
40.48,49.4467567,-0.553243259,0.523243212,0.923513539,0.747737628,2,0.287783739,0.235459473,0.543243258,0.380270281,0.798001586,0.647209711
40.5,49.4467567,-0.553243259,0.523243212,0.923513539,0.747736487,2,0.287783739,0.235459473,0.543243258,0.380270281,0.79800058,0.647208302
40.52,49.4467567,-0.553243259,0.523243212,0.923513539,0.747735347,2,0.287783739,0.235459473,0.543243258,0.380270281,0.797999574,0.647206894
40.54,49.4467567,-0.553243259,0.523243213,0.923513538,0.747734207,2,0.28778374,0.235459473,0.543243258,0.380270281,0.797998568,0.647205486
40.56,49.4467567,-0.553243259,0.523243213,0.923513538,0.747733067,2,0.28778374,0.235459473,0.543243258,0.380270281,0.797997562,0.647204077
40.58,49.4467567,-0.553243259,0.523243213,0.923513538,0.747731927,2,0.28778374,0.235459473,0.543243257,0.380270281,0.797996556,0.647202669
40.6,49.4467567,-0.553243258,0.523243213,0.923513538,0.747730787,2,0.287783741,0.235459473,0.543243257,0.380270281,0.79799555,0.64720126
40.62,49.4467567,-0.553243258,0.523243214,0.923513538,0.747729647,2,0.287783741,0.235459472,0.543243257,0.38027028,0.797994544,0.647199852
40.64,49.4467567,-0.553243258,0.523243214,0.923513538,0.747728506,2,0.287783741,0.235459472,0.543243257,0.38027028,0.797993538,0.647198444
40.66,49.4467567,-0.553243258,0.523243214,0.923513537,0.747727366,2,0.287783742,0.235459472,0.543243257,0.38027028,0.797992532,0.647197035
40.68,49.4467567,-0.553243258,0.523243214,0.923513537,0.747726226,2,0.287783742,0.235459472,0.543243257,0.38027028,0.797991526,0.647195627
40.7,49.4467567,-0.553243258,0.523243214,0.923513537,0.747725086,2,0.287783742,0.235459472,0.543243257,0.38027028,0.79799052,0.647194218
40.72,49.4467567,-0.553243258,0.523243215,0.923513537,0.747723946,2,0.287783743,0.235459472,0.543243257,0.38027028,0.797989514,0.64719281
40.74,49.4467567,-0.553243258,0.523243215,0.923513537,0.747722806,2,0.287783743,0.235459472,0.543243257,0.38027028,0.797988508,0.647191402
40.76,49.4467567,-0.553243257,0.523243215,0.923513536,0.747721666,2,0.287783743,0.235459472,0.543243256,0.38027028,0.797987502,0.647189993
40.78,49.4467567,-0.553243257,0.523243215,0.923513536,0.747720525,2,0.287783744,0.235459472,0.543243256,0.38027028,0.797986496,0.647188585
40.8,49.4467567,-0.553243257,0.523243216,0.923513536,0.747719385,2,0.287783744,0.235459472,0.543243256,0.38027028,0.79798549,0.647187176
40.82,49.4467567,-0.553243257,0.523243216,0.923513536,0.747718245,2,0.287783744,0.235459471,0.543243256,0.38027028,0.797984484,0.647185768
40.84,49.4467567,-0.553243257,0.523243216,0.923513536,0.747717105,2,0.287783745,0.235459471,0.543243256,0.38027028,0.797983478,0.64718436
40.86,49.4467567,-0.553243257,0.523243216,0.923513535,0.747715965,2,0.287783745,0.235459471,0.543243256,0.38027028,0.797982472,0.647182951
40.88,49.4467567,-0.553243257,0.523243216,0.923513535,0.747714825,2,0.287783745,0.235459471,0.543243256,0.380270279,0.797981466,0.647181543
40.9,49.4467567,-0.553243257,0.523243217,0.923513535,0.747713685,2,0.287783746,0.235459471,0.543243256,0.380270279,0.79798046,0.647180134
40.92,49.4467567,-0.553243257,0.523243217,0.923513535,0.747712544,2,0.287783746,0.235459471,0.543243256,0.380270279,0.797979454,0.647178726
40.94,49.4467567,-0.553243256,0.523243217,0.923513535,0.747711404,2,0.287783746,0.235459471,0.543243256,0.380270279,0.797978448,0.647177317
40.96,49.4467567,-0.553243256,0.523243217,0.923513535,0.747710264,2,0.287783747,0.235459471,0.543243255,0.380270279,0.797977442,0.647175909
40.98,49.4467567,-0.553243256,0.523243218,0.923513534,0.747709124,2,0.287783747,0.235459471,0.543243255,0.380270279,0.797976436,0.647174501
41,49.4467567,-0.553243256,0.523243218,0.923513534,0.747707984,2,0.287783747,0.235459471,0.543243255,0.380270279,0.79797543,0.647173092
41.02,49.4467567,-0.553243256,0.523243218,0.923513534,0.747706844,2,0.287783747,0.23545947,0.543243255,0.380270279,0.797974424,0.647171684
41.04,49.4467567,-0.553243256,0.523243218,0.923513534,0.747705704,2,0.287783748,0.23545947,0.543243255,0.380270279,0.797973418,0.647170275
41.06,49.4467567,-0.553243256,0.523243218,0.923513534,0.747704563,2,0.287783748,0.23545947,0.543243255,0.380270279,0.797972412,0.647168867
41.08,49.4467567,-0.553243256,0.523243219,0.923513534,0.747703423,2,0.287783748,0.23545947,0.543243255,0.380270279,0.797971406,0.647167459
41.1,49.4467567,-0.553243256,0.523243219,0.923513533,0.747702283,2,0.287783749,0.23545947,0.543243255,0.380270279,0.7979704,0.64716605
41.12,49.4467567,-0.553243256,0.523243219,0.923513533,0.747701143,2,0.287783749,0.23545947,0.543243255,0.380270279,0.797969394,0.647164642
41.14,49.4467567,-0.553243255,0.523243219,0.923513533,0.747700003,2,0.287783749,0.23545947,0.543243255,0.380270279,0.797968388,0.647163233
41.16,49.4467567,-0.553243255,0.523243219,0.923513533,0.747698863,2,0.287783749,0.23545947,0.543243254,0.380270279,0.797967382,0.647161825
41.18,49.4467567,-0.553243255,0.52324322,0.923513533,0.747697723,2,0.28778375,0.23545947,0.543243254,0.380270278,0.797966376,0.647160417
41.2,49.4467567,-0.553243255,0.52324322,0.923513533,0.747696582,2,0.28778375,0.23545947,0.543243254,0.380270278,0.79796537,0.647159008
41.22,49.4467567,-0.553243255,0.52324322,0.923513533,0.747695442,2,0.28778375,0.23545947,0.543243254,0.380270278,0.797964364,0.6471576
41.24,49.4467567,-0.553243255,0.52324322,0.923513532,0.747694302,2,0.287783751,0.23545947,0.543243254,0.380270278,0.797963358,0.647156191
41.26,49.4467567,-0.553243255,0.52324322,0.923513532,0.747693162,2,0.287783751,0.235459469,0.543243254,0.380270278,0.797962352,0.647154783
41.28,49.4467567,-0.553243255,0.52324322,0.923513532,0.747692022,2,0.287783751,0.235459469,0.543243254,0.380270278,0.797961346,0.647153375
41.3,49.4467567,-0.553243255,0.523243221,0.923513532,0.747690882,2,0.287783751,0.235459469,0.543243254,0.380270278,0.79796034,0.647151966
41.32,49.4467567,-0.553243255,0.523243221,0.923513532,0.747689742,2,0.287783752,0.235459469,0.543243254,0.380270278,0.797959334,0.647150558
41.34,49.4467567,-0.553243255,0.523243221,0.923513532,0.747688601,2,0.287783752,0.235459469,0.543243254,0.380270278,0.797958328,0.647149149
41.36,49.4467567,-0.553243254,0.523243221,0.923513532,0.747687461,2,0.287783752,0.235459469,0.543243254,0.380270278,0.797957322,0.647147741
41.38,49.4467567,-0.553243254,0.523243221,0.923513531,0.747686321,2,0.287783752,0.235459469,0.543243254,0.380270278,0.797956316,0.647146332
41.4,49.4467567,-0.553243254,0.523243222,0.923513531,0.747685181,2,0.287783753,0.235459469,0.543243253,0.380270278,0.79795531,0.647144924
41.42,49.4467567,-0.553243254,0.523243222,0.923513531,0.747684041,2,0.287783753,0.235459469,0.543243253,0.380270278,0.797954304,0.647143516
41.44,49.4467567,-0.553243254,0.523243222,0.923513531,0.747682901,2,0.287783753,0.235459469,0.543243253,0.380270278,0.797953298,0.647142107
41.46,49.4467567,-0.553243254,0.523243222,0.923513531,0.747681761,2,0.287783753,0.235459469,0.543243253,0.380270278,0.797952292,0.647140699
41.48,49.4467567,-0.553243254,0.523243222,0.923513531,0.74768062,2,0.287783754,0.235459469,0.543243253,0.380270278,0.797951286,0.64713929
41.5,49.4467567,-0.553243254,0.523243222,0.923513531,0.74767948,2,0.287783754,0.235459469,0.543243253,0.380270277,0.79795028,0.647137882
41.52,49.4467567,-0.553243254,0.523243223,0.92351353,0.74767834,2,0.287783754,0.235459468,0.543243253,0.380270277,0.797949273,0.647136474
41.54,49.4467567,-0.553243254,0.523243223,0.92351353,0.7476772,2,0.287783754,0.235459468,0.543243253,0.380270277,0.797948267,0.647135065
41.56,49.4467567,-0.553243254,0.523243223,0.92351353,0.74767606,2,0.287783754,0.235459468,0.543243253,0.380270277,0.797947261,0.647133657
41.58,49.4467567,-0.553243253,0.523243223,0.92351353,0.74767492,2,0.287783755,0.235459468,0.543243253,0.380270277,0.797946255,0.647132248
41.6,49.4467567,-0.553243253,0.523243223,0.92351353,0.74767378,2,0.287783755,0.235459468,0.543243253,0.380270277,0.797945249,0.64713084
41.62,49.4467567,-0.553243253,0.523243223,0.92351353,0.74767264,2,0.287783755,0.235459468,0.543243253,0.380270277,0.797944243,0.647129432
41.64,49.4467567,-0.553243253,0.523243223,0.92351353,0.747671499,2,0.287783755,0.235459468,0.543243253,0.380270277,0.797943237,0.647128023
41.66,49.4467567,-0.553243253,0.523243224,0.923513529,0.747670359,2,0.287783756,0.235459468,0.543243252,0.380270277,0.797942231,0.647126615
41.68,49.4467567,-0.553243253,0.523243224,0.923513529,0.747669219,2,0.287783756,0.235459468,0.543243252,0.380270277,0.797941225,0.647125206
41.7,49.4467567,-0.553243253,0.523243224,0.923513529,0.747668079,2,0.287783756,0.235459468,0.543243252,0.380270277,0.797940219,0.647123798
41.72,49.4467567,-0.553243253,0.523243224,0.923513529,0.747666939,2,0.287783756,0.235459468,0.543243252,0.380270277,0.797939213,0.64712239
41.74,49.4467567,-0.553243253,0.523243224,0.923513529,0.747665799,2,0.287783757,0.235459468,0.543243252,0.380270277,0.797938207,0.647120981
41.76,49.4467567,-0.553243253,0.523243224,0.923513529,0.747664659,2,0.287783757,0.235459468,0.543243252,0.380270277,0.797937201,0.647119573
41.78,49.4467567,-0.553243253,0.523243225,0.923513529,0.747663518,2,0.287783757,0.235459468,0.543243252,0.380270277,0.797936195,0.647118164
41.8,49.4467567,-0.553243253,0.523243225,0.923513529,0.747662378,2,0.287783757,0.235459468,0.543243252,0.380270277,0.797935189,0.647116756
41.82,49.4467567,-0.553243253,0.523243225,0.923513528,0.747661238,2,0.287783757,0.235459467,0.543243252,0.380270277,0.797934183,0.647115348
41.84,49.4467567,-0.553243252,0.523243225,0.923513528,0.747660098,2,0.287783758,0.235459467,0.543243252,0.380270277,0.797933177,0.647113939
41.86,49.4467567,-0.553243252,0.523243225,0.923513528,0.747658958,2,0.287783758,0.235459467,0.543243252,0.380270277,0.797932171,0.647112531
41.88,49.4467567,-0.553243252,0.523243225,0.923513528,0.747657818,2,0.287783758,0.235459467,0.543243252,0.380270276,0.797931165,0.647111122
41.9,49.4467567,-0.553243252,0.523243225,0.923513528,0.747656678,2,0.287783758,0.235459467,0.543243252,0.380270276,0.797930159,0.647109714
41.92,49.4467567,-0.553243252,0.523243226,0.923513528,0.747655537,2,0.287783758,0.235459467,0.543243252,0.380270276,0.797929153,0.647108305
41.94,49.4467567,-0.553243252,0.523243226,0.923513528,0.747654397,2,0.287783759,0.235459467,0.543243251,0.380270276,0.797928147,0.647106897
41.96,49.4467567,-0.553243252,0.523243226,0.923513528,0.747653257,2,0.287783759,0.235459467,0.543243251,0.380270276,0.797927141,0.647105489
41.98,49.4467567,-0.553243252,0.523243226,0.923513528,0.747652117,2,0.287783759,0.235459467,0.543243251,0.380270276,0.797926135,0.64710408
42,49.4467567,-0.553243252,0.523243226,0.923513527,0.747650977,2,0.287783759,0.235459467,0.543243251,0.380270276,0.797925129,0.647102672
42.02,49.4467567,-0.553243252,0.523243226,0.923513527,0.747649837,2,0.287783759,0.235459467,0.543243251,0.380270276,0.797924123,0.647101263
42.04,49.4467567,-0.553243252,0.523243226,0.923513527,0.747648697,2,0.28778376,0.235459467,0.543243251,0.380270276,0.797923117,0.647099855
42.06,49.4467567,-0.553243252,0.523243227,0.923513527,0.747647556,2,0.28778376,0.235459467,0.543243251,0.380270276,0.797922111,0.647098447
42.08,49.4467567,-0.553243252,0.523243227,0.923513527,0.747646416,2,0.28778376,0.235459467,0.543243251,0.380270276,0.797921105,0.647097038
42.1,49.4467567,-0.553243252,0.523243227,0.923513527,0.747645276,2,0.28778376,0.235459467,0.543243251,0.380270276,0.797920099,0.64709563
42.12,49.4467567,-0.553243251,0.523243227,0.923513527,0.747644136,2,0.28778376,0.235459467,0.543243251,0.380270276,0.797919093,0.647094221
42.14,49.4467567,-0.553243251,0.523243227,0.923513527,0.747642996,2,0.287783761,0.235459467,0.543243251,0.380270276,0.797918087,0.647092813
42.16,49.4467567,-0.553243251,0.523243227,0.923513527,0.747641856,2,0.287783761,0.235459466,0.543243251,0.380270276,0.797917081,0.647091405
42.18,49.4467567,-0.553243251,0.523243227,0.923513526,0.747640716,2,0.287783761,0.235459466,0.543243251,0.380270276,0.797916075,0.647089996
42.2,49.4467567,-0.553243251,0.523243227,0.923513526,0.747639575,2,0.287783761,0.235459466,0.543243251,0.380270276,0.797915069,0.647088588
42.22,49.4467567,-0.553243251,0.523243228,0.923513526,0.747638435,2,0.287783761,0.235459466,0.543243251,0.380270276,0.797914063,0.647087179
42.24,49.4467567,-0.553243251,0.523243228,0.923513526,0.747637295,2,0.287783761,0.235459466,0.543243251,0.380270276,0.797913057,0.647085771
42.26,49.4467567,-0.553243251,0.523243228,0.923513526,0.747636155,2,0.287783762,0.235459466,0.54324325,0.380270276,0.797912051,0.647084363
42.28,49.4467567,-0.553243251,0.523243228,0.923513526,0.747635015,2,0.287783762,0.235459466,0.54324325,0.380270276,0.797911045,0.647082954
42.3,49.4467567,-0.553243251,0.523243228,0.923513526,0.747633875,2,0.287783762,0.235459466,0.54324325,0.380270275,0.797910039,0.647081546
42.32,49.4467567,-0.553243251,0.523243228,0.923513526,0.747632735,2,0.287783762,0.235459466,0.54324325,0.380270275,0.797909033,0.647080137
42.34,49.4467567,-0.553243251,0.523243228,0.923513526,0.747631594,2,0.287783762,0.235459466,0.54324325,0.380270275,0.797908027,0.647078729
42.36,49.4467567,-0.553243251,0.523243228,0.923513526,0.747630454,2,0.287783763,0.235459466,0.54324325,0.380270275,0.797907021,0.64707732
42.38,49.4467567,-0.553243251,0.523243229,0.923513525,0.747629314,2,0.287783763,0.235459466,0.54324325,0.380270275,0.797906015,0.647075912
42.4,49.4467567,-0.553243251,0.523243229,0.923513525,0.747628174,2,0.287783763,0.235459466,0.54324325,0.380270275,0.797905009,0.647074504
42.42,49.4467567,-0.553243251,0.523243229,0.923513525,0.747627034,2,0.287783763,0.235459466,0.54324325,0.380270275,0.797904003,0.647073095
42.44,49.4467567,-0.553243251,0.523243229,0.923513525,0.747625894,2,0.287783763,0.235459466,0.54324325,0.380270275,0.797902997,0.647071687
42.46,49.4467567,-0.55324325,0.523243229,0.923513525,0.747624754,2,0.287783763,0.235459466,0.54324325,0.380270275,0.797901991,0.647070278
42.48,49.4467567,-0.55324325,0.523243229,0.923513525,0.747623613,2,0.287783764,0.235459466,0.54324325,0.380270275,0.797900985,0.64706887
42.5,49.4467567,-0.55324325,0.523243229,0.923513525,0.747622473,2,0.287783764,0.235459466,0.54324325,0.380270275,0.797899979,0.647067462
42.52,49.4467567,-0.55324325,0.523243229,0.923513525,0.747621333,2,0.287783764,0.235459466,0.54324325,0.380270275,0.797898973,0.647066053
42.54,49.4467567,-0.55324325,0.523243229,0.923513525,0.747620193,2,0.287783764,0.235459465,0.54324325,0.380270275,0.797897967,0.647064645
42.56,49.4467567,-0.55324325,0.52324323,0.923513525,0.747619053,2,0.287783764,0.235459465,0.54324325,0.380270275,0.797896961,0.647063236
42.58,49.4467567,-0.55324325,0.52324323,0.923513525,0.747617913,2,0.287783764,0.235459465,0.54324325,0.380270275,0.797895955,0.647061828
42.6,49.4467567,-0.55324325,0.52324323,0.923513524,0.747616773,2,0.287783764,0.235459465,0.54324325,0.380270275,0.797894949,0.64706042
42.62,49.4467567,-0.55324325,0.52324323,0.923513524,0.747615633,2,0.287783765,0.235459465,0.54324325,0.380270275,0.797893943,0.647059011
42.64,49.4467568,-0.55324325,0.52324323,0.923513524,0.747614492,2,0.287783765,0.235459465,0.543243249,0.380270275,0.797892937,0.647057603
42.66,49.4467568,-0.55324325,0.52324323,0.923513524,0.747613352,2,0.287783765,0.235459465,0.543243249,0.380270275,0.797891931,0.647056194
42.68,49.4467568,-0.55324325,0.52324323,0.923513524,0.747612212,2,0.287783765,0.235459465,0.543243249,0.380270275,0.797890925,0.647054786
42.7,49.4467568,-0.55324325,0.52324323,0.923513524,0.747611072,2,0.287783765,0.235459465,0.543243249,0.380270275,0.797889919,0.647053378
42.72,49.4467568,-0.55324325,0.52324323,0.923513524,0.747609932,2,0.287783765,0.235459465,0.543243249,0.380270275,0.797888913,0.647051969
42.74,49.4467568,-0.55324325,0.523243231,0.923513524,0.747608792,2,0.287783766,0.235459465,0.543243249,0.380270275,0.797887907,0.647050561
42.76,49.4467568,-0.55324325,0.523243231,0.923513524,0.747607652,2,0.287783766,0.235459465,0.543243249,0.380270275,0.797886901,0.647049152
42.78,49.4467568,-0.55324325,0.523243231,0.923513524,0.747606511,2,0.287783766,0.235459465,0.543243249,0.380270275,0.797885895,0.647047744
42.8,49.4467568,-0.55324325,0.523243231,0.923513524,0.747605371,2,0.287783766,0.235459465,0.543243249,0.380270275,0.797884889,0.647046335
42.82,49.4467568,-0.553243249,0.523243231,0.923513524,0.747604231,2,0.287783766,0.235459465,0.543243249,0.380270275,0.797883883,0.647044927
42.84,49.4467568,-0.553243249,0.523243231,0.923513523,0.747603091,2,0.287783766,0.235459465,0.543243249,0.380270274,0.797882877,0.647043519
42.86,49.4467568,-0.553243249,0.523243231,0.923513523,0.747601951,2,0.287783766,0.235459465,0.543243249,0.380270274,0.797881871,0.64704211
42.88,49.4467568,-0.553243249,0.523243231,0.923513523,0.747600811,2,0.287783767,0.235459465,0.543243249,0.380270274,0.797880865,0.647040702
42.9,49.4467568,-0.553243249,0.523243231,0.923513523,0.747599671,2,0.287783767,0.235459465,0.543243249,0.380270274,0.797879859,0.647039293
42.92,49.4467568,-0.553243249,0.523243231,0.923513523,0.74759853,2,0.287783767,0.235459465,0.543243249,0.380270274,0.797878853,0.647037885
42.94,49.4467568,-0.553243249,0.523243231,0.923513523,0.74759739,2,0.287783767,0.235459465,0.543243249,0.380270274,0.797877847,0.647036477
42.96,49.4467568,-0.553243249,0.523243232,0.923513523,0.74759625,2,0.287783767,0.235459465,0.543243249,0.380270274,0.797876841,0.647035068
42.98,49.4467568,-0.553243249,0.523243232,0.923513523,0.74759511,2,0.287783767,0.235459465,0.543243249,0.380270274,0.797875835,0.64703366
43,49.4467568,-0.553243249,0.523243232,0.923513523,0.74759397,2,0.287783767,0.235459464,0.543243249,0.380270274,0.797874829,0.647032251
43.02,49.4467568,-0.553243249,0.523243232,0.923513523,0.74759283,2,0.287783767,0.235459464,0.543243249,0.380270274,0.797873823,0.647030843
43.04,49.4467568,-0.553243249,0.523243232,0.923513523,0.74759169,2,0.287783768,0.235459464,0.543243249,0.380270274,0.797872817,0.647029435
43.06,49.4467568,-0.553243249,0.523243232,0.923513523,0.747590549,2,0.287783768,0.235459464,0.543243249,0.380270274,0.797871811,0.647028026
43.08,49.4467568,-0.553243249,0.523243232,0.923513523,0.747589409,2,0.287783768,0.235459464,0.543243248,0.380270274,0.797870805,0.647026618
43.1,49.4467568,-0.553243249,0.523243232,0.923513522,0.747588269,2,0.287783768,0.235459464,0.543243248,0.380270274,0.797869799,0.647025209
43.12,49.4467568,-0.553243249,0.523243232,0.923513522,0.747587129,2,0.287783768,0.235459464,0.543243248,0.380270274,0.797868793,0.647023801
43.14,49.4467568,-0.553243249,0.523243232,0.923513522,0.747585989,2,0.287783768,0.235459464,0.543243248,0.380270274,0.797867787,0.647022393
43.16,49.4467568,-0.553243249,0.523243232,0.923513522,0.747584849,2,0.287783768,0.235459464,0.543243248,0.380270274,0.797866781,0.647020984
43.18,49.4467568,-0.553243249,0.523243233,0.923513522,0.747583709,2,0.287783768,0.235459464,0.543243248,0.380270274,0.797865775,0.647019576
43.2,49.4467568,-0.553243249,0.523243233,0.923513522,0.747582568,2,0.287783769,0.235459464,0.543243248,0.380270274,0.797864769,0.647018167
43.22,49.4467568,-0.553243249,0.523243233,0.923513522,0.747581428,2,0.287783769,0.235459464,0.543243248,0.380270274,0.797863763,0.647016759
43.24,49.4467568,-0.553243249,0.523243233,0.923513522,0.747580288,2,0.287783769,0.235459464,0.543243248,0.380270274,0.797862757,0.647015351
43.26,49.4467568,-0.553243248,0.523243233,0.923513522,0.747579148,2,0.287783769,0.235459464,0.543243248,0.380270274,0.797861751,0.647013942
43.28,49.4467568,-0.553243248,0.523243233,0.923513522,0.747578008,2,0.287783769,0.235459464,0.543243248,0.380270274,0.797860745,0.647012534
43.3,49.4467568,-0.553243248,0.523243233,0.923513522,0.747576868,2,0.287783769,0.235459464,0.543243248,0.380270274,0.797859739,0.647011125
43.32,49.4467568,-0.553243248,0.523243233,0.923513522,0.747575728,2,0.287783769,0.235459464,0.543243248,0.380270274,0.797858733,0.647009717
43.34,49.4467568,-0.553243248,0.523243233,0.923513522,0.747574587,2,0.287783769,0.235459464,0.543243248,0.380270274,0.797857727,0.647008308
43.36,49.4467568,-0.553243248,0.523243233,0.923513522,0.747573447,2,0.28778377,0.235459464,0.543243248,0.380270274,0.797856721,0.6470069
43.38,49.4467568,-0.553243248,0.523243233,0.923513522,0.747572307,2,0.28778377,0.235459464,0.543243248,0.380270274,0.797855715,0.647005492
43.4,49.4467568,-0.553243248,0.523243233,0.923513521,0.747571167,2,0.28778377,0.235459464,0.543243248,0.380270274,0.797854709,0.647004083
43.42,49.4467568,-0.553243248,0.523243234,0.923513521,0.747570027,2,0.28778377,0.235459464,0.543243248,0.380270274,0.797853703,0.647002675
43.44,49.4467568,-0.553243248,0.523243234,0.923513521,0.747568887,2,0.28778377,0.235459464,0.543243248,0.380270274,0.797852697,0.647001266
43.46,49.4467568,-0.553243248,0.523243234,0.923513521,0.747567747,2,0.28778377,0.235459464,0.543243248,0.380270274,0.797851691,0.646999858
43.48,49.4467568,-0.553243248,0.523243234,0.923513521,0.747566606,2,0.28778377,0.235459464,0.543243248,0.380270274,0.797850685,0.64699845
43.5,49.4467568,-0.553243248,0.523243234,0.923513521,0.747565466,2,0.28778377,0.235459464,0.543243248,0.380270274,0.797849679,0.646997041
43.52,49.4467568,-0.553243248,0.523243234,0.923513521,0.747564326,2,0.28778377,0.235459464,0.543243248,0.380270273,0.797848673,0.646995633
43.54,49.4467568,-0.553243248,0.523243234,0.923513521,0.747563186,2,0.287783771,0.235459463,0.543243248,0.380270273,0.797847667,0.646994224
43.56,49.4467568,-0.553243248,0.523243234,0.923513521,0.747562046,2,0.287783771,0.235459463,0.543243248,0.380270273,0.797846661,0.646992816
43.58,49.4467568,-0.553243248,0.523243234,0.923513521,0.747560906,2,0.287783771,0.235459463,0.543243248,0.380270273,0.797845655,0.646991408
43.6,49.4467568,-0.553243248,0.523243234,0.923513521,0.747559766,2,0.287783771,0.235459463,0.543243247,0.380270273,0.797844649,0.646989999
43.62,49.4467568,-0.553243248,0.523243234,0.923513521,0.747558625,2,0.287783771,0.235459463,0.543243247,0.380270273,0.797843643,0.646988591
43.64,49.4467568,-0.553243248,0.523243234,0.923513521,0.747557485,2,0.287783771,0.235459463,0.543243247,0.380270273,0.797842637,0.646987182
43.66,49.4467568,-0.553243248,0.523243234,0.923513521,0.747556345,2,0.287783771,0.235459463,0.543243247,0.380270273,0.797841631,0.646985774
43.68,49.4467568,-0.553243248,0.523243235,0.923513521,0.747555205,2,0.287783771,0.235459463,0.543243247,0.380270273,0.797840625,0.646984366
43.7,49.4467568,-0.553243248,0.523243235,0.923513521,0.747554065,2,0.287783771,0.235459463,0.543243247,0.380270273,0.797839619,0.646982957
43.72,49.4467568,-0.553243248,0.523243235,0.923513521,0.747552925,2,0.287783771,0.235459463,0.543243247,0.380270273,0.797838613,0.646981549
43.74,49.4467568,-0.553243248,0.523243235,0.92351352,0.747551785,2,0.287783772,0.235459463,0.543243247,0.380270273,0.797837607,0.64698014
43.76,49.4467568,-0.553243248,0.523243235,0.92351352,0.747550645,2,0.287783772,0.235459463,0.543243247,0.380270273,0.797836601,0.646978732
43.78,49.4467568,-0.553243247,0.523243235,0.92351352,0.747549504,2,0.287783772,0.235459463,0.543243247,0.380270273,0.797835595,0.646977323
43.8,49.4467568,-0.553243247,0.523243235,0.92351352,0.747548364,2,0.287783772,0.235459463,0.543243247,0.380270273,0.797834589,0.646975915
43.82,49.4467568,-0.553243247,0.523243235,0.92351352,0.747547224,2,0.287783772,0.235459463,0.543243247,0.380270273,0.797833583,0.646974507
43.84,49.4467568,-0.553243247,0.523243235,0.92351352,0.747546084,2,0.287783772,0.235459463,0.543243247,0.380270273,0.797832577,0.646973098
43.86,49.4467568,-0.553243247,0.523243235,0.92351352,0.747544944,2,0.287783772,0.235459463,0.543243247,0.380270273,0.797831571,0.64697169
43.88,49.4467568,-0.553243247,0.523243235,0.92351352,0.747543804,2,0.287783772,0.235459463,0.543243247,0.380270273,0.797830565,0.646970281
43.9,49.4467568,-0.553243247,0.523243235,0.92351352,0.747542664,2,0.287783772,0.235459463,0.543243247,0.380270273,0.797829559,0.646968873
43.92,49.4467568,-0.553243247,0.523243235,0.92351352,0.747541523,2,0.287783772,0.235459463,0.543243247,0.380270273,0.797828553,0.646967465
43.94,49.4467568,-0.553243247,0.523243235,0.92351352,0.747540383,2,0.287783772,0.235459463,0.543243247,0.380270273,0.797827547,0.646966056
43.96,49.4467568,-0.553243247,0.523243235,0.92351352,0.747539243,2,0.287783773,0.235459463,0.543243247,0.380270273,0.797826541,0.646964648
43.98,49.4467568,-0.553243247,0.523243235,0.92351352,0.747538103,2,0.287783773,0.235459463,0.543243247,0.380270273,0.797825535,0.646963239
44,49.4467568,-0.553243247,0.523243236,0.92351352,0.747536963,2,0.287783773,0.235459463,0.543243247,0.380270273,0.797824529,0.646961831
44.02,49.4467568,-0.553243247,0.523243236,0.92351352,0.747535823,2,0.287783773,0.235459463,0.543243247,0.380270273,0.797823523,0.646960423
44.04,49.4467568,-0.553243247,0.523243236,0.92351352,0.747534683,2,0.287783773,0.235459463,0.543243247,0.380270273,0.797822517,0.646959014
44.06,49.4467568,-0.553243247,0.523243236,0.92351352,0.747533542,2,0.287783773,0.235459463,0.543243247,0.380270273,0.797821511,0.646957606
44.08,49.4467568,-0.553243247,0.523243236,0.92351352,0.747532402,2,0.287783773,0.235459463,0.543243247,0.380270273,0.797820505,0.646956197
44.1,49.4467568,-0.553243247,0.523243236,0.92351352,0.747531262,2,0.287783773,0.235459463,0.543243247,0.380270273,0.797819499,0.646954789
44.12,49.4467568,-0.553243247,0.523243236,0.923513519,0.747530122,2,0.287783773,0.235459463,0.543243247,0.380270273,0.797818493,0.646953381
44.14,49.4467568,-0.553243247,0.523243236,0.923513519,0.747528982,2,0.287783773,0.235459463,0.543243247,0.380270273,0.797817487,0.646951972
44.16,49.4467568,-0.553243247,0.523243236,0.923513519,0.747527842,2,0.287783773,0.235459463,0.543243247,0.380270273,0.797816481,0.646950564
44.18,49.4467568,-0.553243247,0.523243236,0.923513519,0.747526702,2,0.287783774,0.235459463,0.543243247,0.380270273,0.797815475,0.646949155
44.2,49.4467568,-0.553243247,0.523243236,0.923513519,0.747525561,2,0.287783774,0.235459463,0.543243247,0.380270273,0.797814469,0.646947747
44.22,49.4467568,-0.553243247,0.523243236,0.923513519,0.747524421,2,0.287783774,0.235459463,0.543243247,0.380270273,0.797813463,0.646946339
44.24,49.4467568,-0.553243247,0.523243236,0.923513519,0.747523281,2,0.287783774,0.235459463,0.543243247,0.380270273,0.797812457,0.64694493
44.26,49.4467568,-0.553243247,0.523243236,0.923513519,0.747522141,2,0.287783774,0.235459462,0.543243247,0.380270273,0.797811451,0.646943522
44.28,49.4467568,-0.553243247,0.523243236,0.923513519,0.747521001,2,0.287783774,0.235459462,0.543243246,0.380270273,0.797810445,0.646942113
44.3,49.4467568,-0.553243247,0.523243236,0.923513519,0.747519861,2,0.287783774,0.235459462,0.543243246,0.380270273,0.797809439,0.646940705
44.32,49.4467568,-0.553243247,0.523243236,0.923513519,0.747518721,2,0.287783774,0.235459462,0.543243246,0.380270273,0.797808433,0.646939296
44.34,49.4467568,-0.553243247,0.523243237,0.923513519,0.74751758,2,0.287783774,0.235459462,0.543243246,0.380270273,0.797807427,0.646937888
44.36,49.4467568,-0.553243247,0.523243237,0.923513519,0.74751644,2,0.287783774,0.235459462,0.543243246,0.380270273,0.797806421,0.64693648
44.38,49.4467568,-0.553243247,0.523243237,0.923513519,0.7475153,2,0.287783774,0.235459462,0.543243246,0.380270273,0.797805415,0.646935071
44.4,49.4467568,-0.553243247,0.523243237,0.923513519,0.74751416,2,0.287783774,0.235459462,0.543243246,0.380270273,0.797804409,0.646933663
44.42,49.4467568,-0.553243247,0.523243237,0.923513519,0.74751302,2,0.287783774,0.235459462,0.543243246,0.380270273,0.797803403,0.646932254
44.44,49.4467568,-0.553243247,0.523243237,0.923513519,0.74751188,2,0.287783775,0.235459462,0.543243246,0.380270272,0.797802397,0.646930846
44.46,49.4467568,-0.553243246,0.523243237,0.923513519,0.74751074,2,0.287783775,0.235459462,0.543243246,0.380270272,0.797801391,0.646929438
44.48,49.4467568,-0.553243246,0.523243237,0.923513519,0.747509599,2,0.287783775,0.235459462,0.543243246,0.380270272,0.797800385,0.646928029
44.5,49.4467568,-0.553243246,0.523243237,0.923513519,0.747508459,2,0.287783775,0.235459462,0.543243246,0.380270272,0.797799379,0.646926621
44.52,49.4467568,-0.553243246,0.523243237,0.923513519,0.747507319,2,0.287783775,0.235459462,0.543243246,0.380270272,0.797798373,0.646925212
44.54,49.4467568,-0.553243246,0.523243237,0.923513519,0.747506179,2,0.287783775,0.235459462,0.543243246,0.380270272,0.797797367,0.646923804
44.56,49.4467568,-0.553243246,0.523243237,0.923513519,0.747505039,2,0.287783775,0.235459462,0.543243246,0.380270272,0.797796361,0.646922396
44.58,49.4467568,-0.553243246,0.523243237,0.923513518,0.747503899,2,0.287783775,0.235459462,0.543243246,0.380270272,0.797795355,0.646920987
44.6,49.4467568,-0.553243246,0.523243237,0.923513518,0.747502759,2,0.287783775,0.235459462,0.543243246,0.380270272,0.797794349,0.646919579
44.62,49.4467568,-0.553243246,0.523243237,0.923513518,0.747501618,2,0.287783775,0.235459462,0.543243246,0.380270272,0.797793343,0.64691817
44.64,49.4467568,-0.553243246,0.523243237,0.923513518,0.747500478,2,0.287783775,0.235459462,0.543243246,0.380270272,0.797792337,0.646916762
44.66,49.4467568,-0.553243246,0.523243237,0.923513518,0.747499338,2,0.287783775,0.235459462,0.543243246,0.380270272,0.797791331,0.646915354
44.68,49.4467568,-0.553243246,0.523243237,0.923513518,0.747498198,2,0.287783775,0.235459462,0.543243246,0.380270272,0.797790325,0.646913945
44.7,49.4467568,-0.553243246,0.523243237,0.923513518,0.747497058,2,0.287783775,0.235459462,0.543243246,0.380270272,0.797789319,0.646912537
44.72,49.4467568,-0.553243246,0.523243237,0.923513518,0.747495918,2,0.287783775,0.235459462,0.543243246,0.380270272,0.797788313,0.646911128
44.74,49.4467568,-0.553243246,0.523243238,0.923513518,0.747494778,2,0.287783776,0.235459462,0.543243246,0.380270272,0.797787307,0.64690972
44.76,49.4467568,-0.553243246,0.523243238,0.923513518,0.747493638,2,0.287783776,0.235459462,0.543243246,0.380270272,0.797786301,0.646908311
44.78,49.4467568,-0.553243246,0.523243238,0.923513518,0.747492497,2,0.287783776,0.235459462,0.543243246,0.380270272,0.797785295,0.646906903
44.8,49.4467568,-0.553243246,0.523243238,0.923513518,0.747491357,2,0.287783776,0.235459462,0.543243246,0.380270272,0.797784289,0.646905495
44.82,49.4467568,-0.553243246,0.523243238,0.923513518,0.747490217,2,0.287783776,0.235459462,0.543243246,0.380270272,0.797783283,0.646904086
44.84,49.4467568,-0.553243246,0.523243238,0.923513518,0.747489077,2,0.287783776,0.235459462,0.543243246,0.380270272,0.797782277,0.646902678
44.86,49.4467568,-0.553243246,0.523243238,0.923513518,0.747487937,2,0.287783776,0.235459462,0.543243246,0.380270272,0.79778127,0.646901269
44.88,49.4467568,-0.553243246,0.523243238,0.923513518,0.747486797,2,0.287783776,0.235459462,0.543243246,0.380270272,0.797780264,0.646899861
44.9,49.4467568,-0.553243246,0.523243238,0.923513518,0.747485657,2,0.287783776,0.235459462,0.543243246,0.380270272,0.797779258,0.646898453
44.92,49.4467568,-0.553243246,0.523243238,0.923513518,0.747484516,2,0.287783776,0.235459462,0.543243246,0.380270272,0.797778252,0.646897044
44.94,49.4467568,-0.553243246,0.523243238,0.923513518,0.747483376,2,0.287783776,0.235459462,0.543243246,0.380270272,0.797777246,0.646895636
44.96,49.4467568,-0.553243246,0.523243238,0.923513518,0.747482236,2,0.287783776,0.235459462,0.543243246,0.380270272,0.79777624,0.646894227
44.98,49.4467568,-0.553243246,0.523243238,0.923513518,0.747481096,2,0.287783776,0.235459462,0.543243246,0.380270272,0.797775234,0.646892819
45,49.4467568,-0.553243246,0.523243238,0.923513518,0.747479956,2,0.287783776,0.235459462,0.543243246,0.380270272,0.797774228,0.646891411
45.02,49.4467568,-0.553243246,0.523243238,0.923513518,0.747478816,2,0.287783776,0.235459462,0.543243246,0.380270272,0.797773222,0.646890002
45.04,49.4467568,-0.553243246,0.523243238,0.923513518,0.747477676,2,0.287783776,0.235459462,0.543243246,0.380270272,0.797772216,0.646888594
45.06,49.4467568,-0.553243246,0.523243238,0.923513518,0.747476535,2,0.287783777,0.235459462,0.543243246,0.380270272,0.79777121,0.646887185
45.08,49.4467568,-0.553243246,0.523243238,0.923513518,0.747475395,2,0.287783777,0.235459462,0.543243246,0.380270272,0.797770204,0.646885777
45.1,49.4467568,-0.553243246,0.523243238,0.923513518,0.747474255,2,0.287783777,0.235459462,0.543243246,0.380270272,0.797769198,0.646884369
45.12,49.4467568,-0.553243246,0.523243238,0.923513518,0.747473115,2,0.287783777,0.235459462,0.543243246,0.380270272,0.797768192,0.64688296
45.14,49.4467568,-0.553243246,0.523243238,0.923513517,0.747471975,2,0.287783777,0.235459462,0.543243246,0.380270272,0.797767186,0.646881552
45.16,49.4467568,-0.553243246,0.523243238,0.923513517,0.747470835,2,0.287783777,0.235459462,0.543243246,0.380270272,0.79776618,0.646880143
45.18,49.4467568,-0.553243246,0.523243238,0.923513517,0.747469695,2,0.287783777,0.235459462,0.543243246,0.380270272,0.797765174,0.646878735
45.2,49.4467568,-0.553243246,0.523243238,0.923513517,0.747468554,2,0.287783777,0.235459462,0.543243245,0.380270272,0.797764168,0.646877326
45.22,49.4467568,-0.553243246,0.523243239,0.923513517,0.747467414,2,0.287783777,0.235459462,0.543243245,0.380270272,0.797763162,0.646875918
45.24,49.4467568,-0.553243246,0.523243239,0.923513517,0.747466274,2,0.287783777,0.235459462,0.543243245,0.380270272,0.797762156,0.64687451
45.26,49.4467568,-0.553243246,0.523243239,0.923513517,0.747465134,2,0.287783777,0.235459461,0.543243245,0.380270272,0.79776115,0.646873101
45.28,49.4467568,-0.553243246,0.523243239,0.923513517,0.747463994,2,0.287783777,0.235459461,0.543243245,0.380270272,0.797760144,0.646871693
45.3,49.4467568,-0.553243246,0.523243239,0.923513517,0.747462854,2,0.287783777,0.235459461,0.543243245,0.380270272,0.797759138,0.646870284
45.32,49.4467568,-0.553243246,0.523243239,0.923513517,0.747461714,2,0.287783777,0.235459461,0.543243245,0.380270272,0.797758132,0.646868876
45.34,49.4467568,-0.553243246,0.523243239,0.923513517,0.747460573,2,0.287783777,0.235459461,0.543243245,0.380270272,0.797757126,0.646867468
45.36,49.4467568,-0.553243246,0.523243239,0.923513517,0.747459433,2,0.287783777,0.235459461,0.543243245,0.380270272,0.79775612,0.646866059
45.38,49.4467568,-0.553243245,0.523243239,0.923513517,0.747458293,2,0.287783777,0.235459461,0.543243245,0.380270272,0.797755114,0.646864651
45.4,49.4467568,-0.553243245,0.523243239,0.923513517,0.747457153,2,0.287783777,0.235459461,0.543243245,0.380270272,0.797754108,0.646863242
45.42,49.4467568,-0.553243245,0.523243239,0.923513517,0.747456013,2,0.287783778,0.235459461,0.543243245,0.380270272,0.797753102,0.646861834
45.44,49.4467568,-0.553243245,0.523243239,0.923513517,0.747454873,2,0.287783778,0.235459461,0.543243245,0.380270272,0.797752096,0.646860426
45.46,49.4467568,-0.553243245,0.523243239,0.923513517,0.747453733,2,0.287783778,0.235459461,0.543243245,0.380270272,0.79775109,0.646859017
45.48,49.4467568,-0.553243245,0.523243239,0.923513517,0.747452592,2,0.287783778,0.235459461,0.543243245,0.380270272,0.797750084,0.646857609
45.5,49.4467568,-0.553243245,0.523243239,0.923513517,0.747451452,2,0.287783778,0.235459461,0.543243245,0.380270272,0.797749078,0.6468562
45.52,49.4467568,-0.553243245,0.523243239,0.923513517,0.747450312,2,0.287783778,0.235459461,0.543243245,0.380270272,0.797748072,0.646854792
45.54,49.4467568,-0.553243245,0.523243239,0.923513517,0.747449172,2,0.287783778,0.235459461,0.543243245,0.380270272,0.797747066,0.646853384
45.56,49.4467568,-0.553243245,0.523243239,0.923513517,0.747448032,2,0.287783778,0.235459461,0.543243245,0.380270272,0.79774606,0.646851975
45.58,49.4467568,-0.553243245,0.523243239,0.923513517,0.747446892,2,0.287783778,0.235459461,0.543243245,0.380270272,0.797745054,0.646850567
45.6,49.4467568,-0.553243245,0.523243239,0.923513517,0.747445752,2,0.287783778,0.235459461,0.543243245,0.380270272,0.797744048,0.646849158
45.62,49.4467568,-0.553243245,0.523243239,0.923513517,0.747444611,2,0.287783778,0.235459461,0.543243245,0.380270272,0.797743042,0.64684775
45.64,49.4467568,-0.553243245,0.523243239,0.923513517,0.747443471,2,0.287783778,0.235459461,0.543243245,0.380270272,0.797742036,0.646846342
45.66,49.4467568,-0.553243245,0.523243239,0.923513517,0.747442331,2,0.287783778,0.235459461,0.543243245,0.380270272,0.79774103,0.646844933
45.68,49.4467568,-0.553243245,0.523243239,0.923513517,0.747441191,2,0.287783778,0.235459461,0.543243245,0.380270272,0.797740024,0.646843525
45.7,49.4467568,-0.553243245,0.523243239,0.923513517,0.747440051,2,0.287783778,0.235459461,0.543243245,0.380270272,0.797739018,0.646842116
45.72,49.4467568,-0.553243245,0.523243239,0.923513517,0.747438911,2,0.287783778,0.235459461,0.543243245,0.380270272,0.797738012,0.646840708
45.74,49.4467568,-0.553243245,0.523243239,0.923513517,0.747437771,2,0.287783778,0.235459461,0.543243245,0.380270272,0.797737006,0.646839299
45.76,49.4467568,-0.553243245,0.523243239,0.923513517,0.747436631,2,0.287783778,0.235459461,0.543243245,0.380270272,0.797736,0.646837891
45.78,49.4467568,-0.553243245,0.523243239,0.923513517,0.74743549,2,0.287783778,0.235459461,0.543243245,0.380270272,0.797734994,0.646836483
45.8,49.4467568,-0.553243245,0.523243239,0.923513517,0.74743435,2,0.287783778,0.235459461,0.543243245,0.380270272,0.797733988,0.646835074
45.82,49.4467568,-0.553243245,0.52324324,0.923513517,0.74743321,2,0.287783778,0.235459461,0.543243245,0.380270272,0.797732982,0.646833666
45.84,49.4467568,-0.553243245,0.52324324,0.923513517,0.74743207,2,0.287783778,0.235459461,0.543243245,0.380270272,0.797731976,0.646832257
45.86,49.4467568,-0.553243245,0.52324324,0.923513516,0.74743093,2,0.287783779,0.235459461,0.543243245,0.380270272,0.79773097,0.646830849
45.88,49.4467568,-0.553243245,0.52324324,0.923513516,0.74742979,2,0.287783779,0.235459461,0.543243245,0.380270272,0.797729964,0.646829441
45.9,49.4467568,-0.553243245,0.52324324,0.923513516,0.74742865,2,0.287783779,0.235459461,0.543243245,0.380270272,0.797728958,0.646828032
45.92,49.4467568,-0.553243245,0.52324324,0.923513516,0.747427509,2,0.287783779,0.235459461,0.543243245,0.380270272,0.797727952,0.646826624
45.94,49.4467568,-0.553243245,0.52324324,0.923513516,0.747426369,2,0.287783779,0.235459461,0.543243245,0.380270271,0.797726946,0.646825215
45.96,49.4467568,-0.553243245,0.52324324,0.923513516,0.747425229,2,0.287783779,0.235459461,0.543243245,0.380270271,0.79772594,0.646823807
45.98,49.4467568,-0.553243245,0.52324324,0.923513516,0.747424089,2,0.287783779,0.235459461,0.543243245,0.380270271,0.797724934,0.646822399
46,49.4467568,-0.553243245,0.52324324,0.923513516,0.747422949,2,0.287783779,0.235459461,0.543243245,0.380270271,0.797723928,0.64682099
46.02,49.4467568,-0.553243245,0.52324324,0.923513516,0.747421809,2,0.287783779,0.235459461,0.543243245,0.380270271,0.797722922,0.646819582
46.04,49.4467568,-0.553243245,0.52324324,0.923513516,0.747420669,2,0.287783779,0.235459461,0.543243245,0.380270271,0.797721916,0.646818173
46.06,49.4467568,-0.553243245,0.52324324,0.923513516,0.747419528,2,0.287783779,0.235459461,0.543243245,0.380270271,0.79772091,0.646816765
46.08,49.4467568,-0.553243245,0.52324324,0.923513516,0.747418388,2,0.287783779,0.235459461,0.543243245,0.380270271,0.797719904,0.646815357
46.1,49.4467568,-0.553243245,0.52324324,0.923513516,0.747417248,2,0.287783779,0.235459461,0.543243245,0.380270271,0.797718898,0.646813948
46.12,49.4467568,-0.553243245,0.52324324,0.923513516,0.747416108,2,0.287783779,0.235459461,0.543243245,0.380270271,0.797717892,0.64681254
46.14,49.4467568,-0.553243245,0.52324324,0.923513516,0.747414968,2,0.287783779,0.235459461,0.543243245,0.380270271,0.797716886,0.646811131
46.16,49.4467568,-0.553243245,0.52324324,0.923513516,0.747413828,2,0.287783779,0.235459461,0.543243245,0.380270271,0.79771588,0.646809723
46.18,49.4467568,-0.553243245,0.52324324,0.923513516,0.747412688,2,0.287783779,0.235459461,0.543243245,0.380270271,0.797714874,0.646808314
46.2,49.4467568,-0.553243245,0.52324324,0.923513516,0.747411547,2,0.287783779,0.235459461,0.543243245,0.380270271,0.797713868,0.646806906
46.22,49.4467568,-0.553243245,0.52324324,0.923513516,0.747410407,2,0.287783779,0.235459461,0.543243245,0.380270271,0.797712862,0.646805498
46.24,49.4467568,-0.553243245,0.52324324,0.923513516,0.747409267,2,0.287783779,0.235459461,0.543243245,0.380270271,0.797711856,0.646804089
46.26,49.4467568,-0.553243245,0.52324324,0.923513516,0.747408127,2,0.287783779,0.235459461,0.543243245,0.380270271,0.79771085,0.646802681
46.28,49.4467568,-0.553243245,0.52324324,0.923513516,0.747406987,2,0.287783779,0.235459461,0.543243245,0.380270271,0.797709844,0.646801272
46.3,49.4467568,-0.553243245,0.52324324,0.923513516,0.747405847,2,0.287783779,0.235459461,0.543243245,0.380270271,0.797708838,0.646799864
46.32,49.4467568,-0.553243245,0.52324324,0.923513516,0.747404707,2,0.287783779,0.235459461,0.543243245,0.380270271,0.797707832,0.646798456
46.34,49.4467568,-0.553243245,0.52324324,0.923513516,0.747403566,2,0.287783779,0.235459461,0.543243245,0.380270271,0.797706826,0.646797047
46.36,49.4467568,-0.553243245,0.52324324,0.923513516,0.747402426,2,0.287783779,0.235459461,0.543243245,0.380270271,0.79770582,0.646795639
46.38,49.4467568,-0.553243245,0.52324324,0.923513516,0.747401286,2,0.28778378,0.235459461,0.543243245,0.380270271,0.797704814,0.64679423
46.4,49.4467568,-0.553243245,0.52324324,0.923513516,0.747400146,2,0.28778378,0.235459461,0.543243245,0.380270271,0.797703808,0.646792822
46.42,49.4467568,-0.553243245,0.52324324,0.923513516,0.747399006,2,0.28778378,0.235459461,0.543243245,0.380270271,0.797702802,0.646791414
46.44,49.4467568,-0.553243245,0.52324324,0.923513516,0.747397866,2,0.28778378,0.235459461,0.543243245,0.380270271,0.797701796,0.646790005
46.46,49.4467568,-0.553243245,0.52324324,0.923513516,0.747396726,2,0.28778378,0.235459461,0.543243245,0.380270271,0.79770079,0.646788597
46.48,49.4467568,-0.553243245,0.52324324,0.923513516,0.747395585,2,0.28778378,0.235459461,0.543243245,0.380270271,0.797699784,0.646787188
46.5,49.4467568,-0.553243245,0.52324324,0.923513516,0.747394445,2,0.28778378,0.235459461,0.543243245,0.380270271,0.797698778,0.64678578
46.52,49.4467568,-0.553243245,0.52324324,0.923513516,0.747393305,2,0.28778378,0.235459461,0.543243245,0.380270271,0.797697772,0.646784372
46.54,49.4467568,-0.553243245,0.52324324,0.923513516,0.747392165,2,0.28778378,0.235459461,0.543243245,0.380270271,0.797696766,0.646782963
46.56,49.4467568,-0.553243245,0.52324324,0.923513516,0.747391025,2,0.28778378,0.235459461,0.543243245,0.380270271,0.79769576,0.646781555
46.58,49.4467568,-0.553243245,0.52324324,0.923513516,0.747389885,2,0.28778378,0.235459461,0.543243245,0.380270271,0.797694754,0.646780146
46.6,49.4467568,-0.553243245,0.523243241,0.923513516,0.747388745,2,0.28778378,0.235459461,0.543243245,0.380270271,0.797693748,0.646778738
46.62,49.4467568,-0.553243245,0.523243241,0.923513516,0.747387604,2,0.28778378,0.235459461,0.543243245,0.380270271,0.797692742,0.646777329
46.64,49.4467568,-0.553243245,0.523243241,0.923513516,0.747386464,2,0.28778378,0.235459461,0.543243245,0.380270271,0.797691736,0.646775921
46.66,49.4467568,-0.553243245,0.523243241,0.923513516,0.747385324,2,0.28778378,0.235459461,0.543243244,0.380270271,0.79769073,0.646774513
46.68,49.4467568,-0.553243245,0.523243241,0.923513516,0.747384184,2,0.28778378,0.235459461,0.543243244,0.380270271,0.797689724,0.646773104
46.7,49.4467568,-0.553243245,0.523243241,0.923513516,0.747383044,2,0.28778378,0.235459461,0.543243244,0.380270271,0.797688718,0.646771696
46.72,49.4467568,-0.553243245,0.523243241,0.923513516,0.747381904,2,0.28778378,0.235459461,0.543243244,0.380270271,0.797687712,0.646770287
46.74,49.4467568,-0.553243245,0.523243241,0.923513516,0.747380764,2,0.28778378,0.235459461,0.543243244,0.380270271,0.797686706,0.646768879
46.76,49.4467568,-0.553243245,0.523243241,0.923513516,0.747379623,2,0.28778378,0.235459461,0.543243244,0.380270271,0.7976857,0.646767471
46.78,49.4467568,-0.553243245,0.523243241,0.923513516,0.747378483,2,0.28778378,0.235459461,0.543243244,0.380270271,0.797684694,0.646766062
46.8,49.4467568,-0.553243245,0.523243241,0.923513516,0.747377343,2,0.28778378,0.235459461,0.543243244,0.380270271,0.797683688,0.646764654
46.82,49.4467568,-0.553243245,0.523243241,0.923513516,0.747376203,2,0.28778378,0.235459461,0.543243244,0.380270271,0.797682682,0.646763245
46.84,49.4467568,-0.553243244,0.523243241,0.923513516,0.747375063,2,0.28778378,0.235459461,0.543243244,0.380270271,0.797681676,0.646761837
46.86,49.4467568,-0.553243244,0.523243241,0.923513516,0.747373923,2,0.28778378,0.235459461,0.543243244,0.380270271,0.79768067,0.646760429
46.88,49.4467568,-0.553243244,0.523243241,0.923513515,0.747372783,2,0.28778378,0.235459461,0.543243244,0.380270271,0.797679664,0.64675902
46.9,49.4467568,-0.553243244,0.523243241,0.923513515,0.747371643,2,0.28778378,0.235459461,0.543243244,0.380270271,0.797678658,0.646757612
46.92,49.4467568,-0.553243244,0.523243241,0.923513515,0.747370502,2,0.28778378,0.235459461,0.543243244,0.380270271,0.797677652,0.646756203
46.94,49.4467568,-0.553243244,0.523243241,0.923513515,0.747369362,2,0.28778378,0.23545946,0.543243244,0.380270271,0.797676646,0.646754795
46.96,49.4467568,-0.553243244,0.523243241,0.923513515,0.747368222,2,0.28778378,0.23545946,0.543243244,0.380270271,0.79767564,0.646753387
46.98,49.4467568,-0.553243244,0.523243241,0.923513515,0.747367082,2,0.28778378,0.23545946,0.543243244,0.380270271,0.797674634,0.646751978
47,49.4467568,-0.553243244,0.523243241,0.923513515,0.747365942,2,0.28778378,0.23545946,0.543243244,0.380270271,0.797673628,0.64675057
47.02,49.4467568,-0.553243244,0.523243241,0.923513515,0.747364802,2,0.28778378,0.23545946,0.543243244,0.380270271,0.797672622,0.646749161
47.04,49.4467568,-0.553243244,0.523243241,0.923513515,0.747363662,2,0.287783781,0.23545946,0.543243244,0.380270271,0.797671616,0.646747753
47.06,49.4467568,-0.553243244,0.523243241,0.923513515,0.747362521,2,0.287783781,0.23545946,0.543243244,0.380270271,0.79767061,0.646746345
47.08,49.4467568,-0.553243244,0.523243241,0.923513515,0.747361381,2,0.287783781,0.23545946,0.543243244,0.380270271,0.797669604,0.646744936
47.1,49.4467568,-0.553243244,0.523243241,0.923513515,0.747360241,2,0.287783781,0.23545946,0.543243244,0.380270271,0.797668598,0.646743528
47.12,49.4467568,-0.553243244,0.523243241,0.923513515,0.747359101,2,0.287783781,0.23545946,0.543243244,0.380270271,0.797667592,0.646742119
47.14,49.4467568,-0.553243244,0.523243241,0.923513515,0.747357961,2,0.287783781,0.23545946,0.543243244,0.380270271,0.797666586,0.646740711
47.16,49.4467568,-0.553243244,0.523243241,0.923513515,0.747356821,2,0.287783781,0.23545946,0.543243244,0.380270271,0.79766558,0.646739302
47.18,49.4467568,-0.553243244,0.523243241,0.923513515,0.747355681,2,0.287783781,0.23545946,0.543243244,0.380270271,0.797664574,0.646737894
47.2,49.4467568,-0.553243244,0.523243241,0.923513515,0.74735454,2,0.287783781,0.23545946,0.543243244,0.380270271,0.797663568,0.646736486
47.22,49.4467568,-0.553243244,0.523243241,0.923513515,0.7473534,2,0.287783781,0.23545946,0.543243244,0.380270271,0.797662562,0.646735077
47.24,49.4467568,-0.553243244,0.523243241,0.923513515,0.74735226,2,0.287783781,0.23545946,0.543243244,0.380270271,0.797661556,0.646733669
47.26,49.4467568,-0.553243244,0.523243241,0.923513515,0.74735112,2,0.287783781,0.23545946,0.543243244,0.380270271,0.79766055,0.64673226
47.28,49.4467568,-0.553243244,0.523243241,0.923513515,0.74734998,2,0.287783781,0.23545946,0.543243244,0.380270271,0.797659544,0.646730852
47.3,49.4467568,-0.553243244,0.523243241,0.923513515,0.74734884,2,0.287783781,0.23545946,0.543243244,0.380270271,0.797658538,0.646729444
47.32,49.4467568,-0.553243244,0.523243241,0.923513515,0.7473477,2,0.287783781,0.23545946,0.543243244,0.380270271,0.797657532,0.646728035
47.34,49.4467568,-0.553243244,0.523243241,0.923513515,0.747346559,2,0.287783781,0.23545946,0.543243244,0.380270271,0.797656526,0.646726627
47.36,49.4467568,-0.553243244,0.523243241,0.923513515,0.747345419,2,0.287783781,0.23545946,0.543243244,0.380270271,0.79765552,0.646725218
47.38,49.4467568,-0.553243244,0.523243241,0.923513515,0.747344279,2,0.287783781,0.23545946,0.543243244,0.380270271,0.797654514,0.64672381
47.4,49.4467568,-0.553243244,0.523243241,0.923513515,0.747343139,2,0.287783781,0.23545946,0.543243244,0.380270271,0.797653508,0.646722402
47.42,49.4467568,-0.553243244,0.523243241,0.923513515,0.747341999,2,0.287783781,0.23545946,0.543243244,0.380270271,0.797652502,0.646720993
47.44,49.4467568,-0.553243244,0.523243241,0.923513515,0.747340859,2,0.287783781,0.23545946,0.543243244,0.380270271,0.797651496,0.646719585
47.46,49.4467568,-0.553243244,0.523243241,0.923513515,0.747339719,2,0.287783781,0.23545946,0.543243244,0.380270271,0.79765049,0.646718176
47.48,49.4467568,-0.553243244,0.523243241,0.923513515,0.747338578,2,0.287783781,0.23545946,0.543243244,0.380270271,0.797649484,0.646716768
47.5,49.4467568,-0.553243244,0.523243241,0.923513515,0.747337438,2,0.287783781,0.23545946,0.543243244,0.380270271,0.797648478,0.64671536
47.52,49.4467568,-0.553243244,0.523243241,0.923513515,0.747336298,2,0.287783781,0.23545946,0.543243244,0.380270271,0.797647472,0.646713951
47.54,49.4467568,-0.553243244,0.523243241,0.923513515,0.747335158,2,0.287783781,0.23545946,0.543243244,0.380270271,0.797646466,0.646712543
47.56,49.4467568,-0.553243244,0.523243241,0.923513515,0.747334018,2,0.287783781,0.23545946,0.543243244,0.380270271,0.79764546,0.646711134
47.58,49.4467568,-0.553243244,0.523243241,0.923513515,0.747332878,2,0.287783781,0.23545946,0.543243244,0.380270271,0.797644454,0.646709726
47.6,49.4467568,-0.553243244,0.523243241,0.923513515,0.747331738,2,0.287783781,0.23545946,0.543243244,0.380270271,0.797643448,0.646708317
47.62,49.4467568,-0.553243244,0.523243241,0.923513515,0.747330597,2,0.287783781,0.23545946,0.543243244,0.380270271,0.797642442,0.646706909
47.64,49.4467568,-0.553243244,0.523243241,0.923513515,0.747329457,2,0.287783781,0.23545946,0.543243244,0.380270271,0.797641436,0.646705501
47.66,49.4467568,-0.553243244,0.523243241,0.923513515,0.747328317,2,0.287783781,0.23545946,0.543243244,0.380270271,0.79764043,0.646704092
47.68,49.4467568,-0.553243244,0.523243241,0.923513515,0.747327177,2,0.287783781,0.23545946,0.543243244,0.380270271,0.797639424,0.646702684
47.7,49.4467568,-0.553243244,0.523243241,0.923513515,0.747326037,2,0.287783781,0.23545946,0.543243244,0.380270271,0.797638418,0.646701275
47.72,49.4467568,-0.553243244,0.523243242,0.923513515,0.747324897,2,0.287783781,0.23545946,0.543243244,0.380270271,0.797637412,0.646699867
47.74,49.4467568,-0.553243244,0.523243242,0.923513515,0.747323757,2,0.287783781,0.23545946,0.543243244,0.380270271,0.797636406,0.646698459
47.76,49.4467568,-0.553243244,0.523243242,0.923513515,0.747322616,2,0.287783781,0.23545946,0.543243244,0.380270271,0.7976354,0.64669705
47.78,49.4467568,-0.553243244,0.523243242,0.923513515,0.747321476,2,0.287783781,0.23545946,0.543243244,0.380270271,0.797634394,0.646695642
47.8,49.4467568,-0.553243244,0.523243242,0.923513515,0.747320336,2,0.287783781,0.23545946,0.543243244,0.380270271,0.797633388,0.646694233
47.82,49.4467568,-0.553243244,0.523243242,0.923513515,0.747319196,2,0.287783781,0.23545946,0.543243244,0.380270271,0.797632382,0.646692825
47.84,49.4467568,-0.553243244,0.523243242,0.923513515,0.747318056,2,0.287783781,0.23545946,0.543243244,0.380270271,0.797631376,0.646691417
47.86,49.4467568,-0.553243244,0.523243242,0.923513515,0.747316916,2,0.287783781,0.23545946,0.543243244,0.380270271,0.79763037,0.646690008
47.88,49.4467568,-0.553243244,0.523243242,0.923513515,0.747315776,2,0.287783781,0.23545946,0.543243244,0.380270271,0.797629364,0.6466886
47.9,49.4467568,-0.553243244,0.523243242,0.923513515,0.747314636,2,0.287783781,0.23545946,0.543243244,0.380270271,0.797628358,0.646687191
47.92,49.4467568,-0.553243244,0.523243242,0.923513515,0.747313495,2,0.287783781,0.23545946,0.543243244,0.380270271,0.797627352,0.646685783
47.94,49.4467568,-0.553243244,0.523243242,0.923513515,0.747312355,2,0.287783781,0.23545946,0.543243244,0.380270271,0.797626346,0.646684375
47.96,49.4467568,-0.553243244,0.523243242,0.923513515,0.747311215,2,0.287783782,0.23545946,0.543243244,0.380270271,0.79762534,0.646682966
47.98,49.4467568,-0.553243244,0.523243242,0.923513515,0.747310075,2,0.287783782,0.23545946,0.543243244,0.380270271,0.797624334,0.646681558
48,49.4467568,-0.553243244,0.523243242,0.923513515,0.747308935,2,0.287783782,0.23545946,0.543243244,0.380270271,0.797623328,0.646680149
48.02,49.4467568,-0.553243244,0.523243242,0.923513515,0.747307795,2,0.287783782,0.23545946,0.543243244,0.380270271,0.797622322,0.646678741
48.04,49.4467568,-0.553243244,0.523243242,0.923513515,0.747306655,2,0.287783782,0.23545946,0.543243244,0.380270271,0.797621316,0.646677332
48.06,49.4467568,-0.553243244,0.523243242,0.923513515,0.747305514,2,0.287783782,0.23545946,0.543243244,0.380270271,0.79762031,0.646675924
48.08,49.4467568,-0.553243244,0.523243242,0.923513515,0.747304374,2,0.287783782,0.23545946,0.543243244,0.380270271,0.797619304,0.646674516
48.1,49.4467568,-0.553243244,0.523243242,0.923513515,0.747303234,2,0.287783782,0.23545946,0.543243244,0.380270271,0.797618298,0.646673107
48.12,49.4467568,-0.553243244,0.523243242,0.923513515,0.747302094,2,0.287783782,0.23545946,0.543243244,0.380270271,0.797617292,0.646671699
48.14,49.4467568,-0.553243244,0.523243242,0.923513515,0.747300954,2,0.287783782,0.23545946,0.543243244,0.380270271,0.797616286,0.64667029
48.16,49.4467568,-0.553243244,0.523243242,0.923513515,0.747299814,2,0.287783782,0.23545946,0.543243244,0.380270271,0.79761528,0.646668882
48.18,49.4467568,-0.553243244,0.523243242,0.923513515,0.747298674,2,0.287783782,0.23545946,0.543243244,0.380270271,0.797614273,0.646667474
48.2,49.4467568,-0.553243244,0.523243242,0.923513515,0.747297533,2,0.287783782,0.23545946,0.543243244,0.380270271,0.797613267,0.646666065
48.22,49.4467568,-0.553243244,0.523243242,0.923513515,0.747296393,2,0.287783782,0.23545946,0.543243244,0.380270271,0.797612261,0.646664657
48.24,49.4467568,-0.553243244,0.523243242,0.923513515,0.747295253,2,0.287783782,0.23545946,0.543243244,0.380270271,0.797611255,0.646663248
48.26,49.4467568,-0.553243244,0.523243242,0.923513515,0.747294113,2,0.287783782,0.23545946,0.543243244,0.380270271,0.797610249,0.64666184
48.28,49.4467568,-0.553243244,0.523243242,0.923513515,0.747292973,2,0.287783782,0.23545946,0.543243244,0.380270271,0.797609243,0.646660432
48.3,49.4467568,-0.553243244,0.523243242,0.923513515,0.747291833,2,0.287783782,0.23545946,0.543243244,0.380270271,0.797608237,0.646659023
48.32,49.4467568,-0.553243244,0.523243242,0.923513515,0.747290693,2,0.287783782,0.23545946,0.543243244,0.380270271,0.797607231,0.646657615
48.34,49.4467568,-0.553243244,0.523243242,0.923513515,0.747289552,2,0.287783782,0.23545946,0.543243244,0.380270271,0.797606225,0.646656206
48.36,49.4467568,-0.553243244,0.523243242,0.923513515,0.747288412,2,0.287783782,0.23545946,0.543243244,0.380270271,0.797605219,0.646654798
48.38,49.4467568,-0.553243244,0.523243242,0.923513515,0.747287272,2,0.287783782,0.23545946,0.543243244,0.380270271,0.797604213,0.64665339
48.4,49.4467568,-0.553243244,0.523243242,0.923513515,0.747286132,2,0.287783782,0.23545946,0.543243244,0.380270271,0.797603207,0.646651981
48.42,49.4467568,-0.553243244,0.523243242,0.923513515,0.747284992,2,0.287783782,0.23545946,0.543243244,0.380270271,0.797602201,0.646650573
48.44,49.4467568,-0.553243244,0.523243242,0.923513515,0.747283852,2,0.287783782,0.23545946,0.543243244,0.380270271,0.797601195,0.646649164
48.46,49.4467568,-0.553243244,0.523243242,0.923513515,0.747282712,2,0.287783782,0.23545946,0.543243244,0.380270271,0.797600189,0.646647756
48.48,49.4467568,-0.553243244,0.523243242,0.923513515,0.747281571,2,0.287783782,0.23545946,0.543243244,0.380270271,0.797599183,0.646646348
48.5,49.4467568,-0.553243244,0.523243242,0.923513515,0.747280431,2,0.287783782,0.23545946,0.543243244,0.380270271,0.797598177,0.646644939
48.52,49.4467568,-0.553243244,0.523243242,0.923513515,0.747279291,2,0.287783782,0.23545946,0.543243244,0.380270271,0.797597171,0.646643531
48.54,49.4467568,-0.553243244,0.523243242,0.923513515,0.747278151,2,0.287783782,0.23545946,0.543243244,0.380270271,0.797596165,0.646642122
48.56,49.4467568,-0.553243244,0.523243242,0.923513515,0.747277011,2,0.287783782,0.23545946,0.543243244,0.380270271,0.797595159,0.646640714
48.58,49.4467568,-0.553243244,0.523243242,0.923513515,0.747275871,2,0.287783782,0.23545946,0.543243244,0.380270271,0.797594153,0.646639305
48.6,49.4467568,-0.553243244,0.523243242,0.923513515,0.747274731,2,0.287783782,0.23545946,0.543243244,0.380270271,0.797593147,0.646637897
48.62,49.4467568,-0.553243244,0.523243242,0.923513515,0.74727359,2,0.287783782,0.23545946,0.543243244,0.380270271,0.797592141,0.646636489
48.64,49.4467568,-0.553243244,0.523243242,0.923513514,0.74727245,2,0.287783782,0.23545946,0.543243244,0.380270271,0.797591135,0.64663508
48.66,49.4467568,-0.553243244,0.523243242,0.923513514,0.74727131,2,0.287783782,0.23545946,0.543243244,0.380270271,0.797590129,0.646633672
48.68,49.4467568,-0.553243244,0.523243242,0.923513514,0.74727017,2,0.287783782,0.23545946,0.543243244,0.380270271,0.797589123,0.646632263
48.7,49.4467568,-0.553243244,0.523243242,0.923513514,0.74726903,2,0.287783782,0.23545946,0.543243244,0.380270271,0.797588117,0.646630855
48.72,49.4467568,-0.553243244,0.523243242,0.923513514,0.74726789,2,0.287783782,0.23545946,0.543243244,0.380270271,0.797587111,0.646629447
48.74,49.4467568,-0.553243244,0.523243242,0.923513514,0.74726675,2,0.287783782,0.23545946,0.543243244,0.380270271,0.797586105,0.646628038
48.76,49.4467568,-0.553243244,0.523243242,0.923513514,0.747265609,2,0.287783782,0.23545946,0.543243244,0.380270271,0.797585099,0.64662663
48.78,49.4467568,-0.553243244,0.523243242,0.923513514,0.747264469,2,0.287783782,0.23545946,0.543243244,0.380270271,0.797584093,0.646625221
48.8,49.4467568,-0.553243244,0.523243242,0.923513514,0.747263329,2,0.287783782,0.23545946,0.543243244,0.380270271,0.797583087,0.646623813
48.82,49.4467568,-0.553243244,0.523243242,0.923513514,0.747262189,2,0.287783782,0.23545946,0.543243244,0.380270271,0.797582081,0.646622405
48.84,49.4467568,-0.553243244,0.523243242,0.923513514,0.747261049,2,0.287783782,0.23545946,0.543243244,0.380270271,0.797581075,0.646620996
48.86,49.4467568,-0.553243244,0.523243242,0.923513514,0.747259909,2,0.287783782,0.23545946,0.543243244,0.380270271,0.797580069,0.646619588
48.88,49.4467568,-0.553243244,0.523243242,0.923513514,0.747258769,2,0.287783782,0.23545946,0.543243244,0.380270271,0.797579063,0.646618179
48.9,49.4467568,-0.553243244,0.523243242,0.923513514,0.747257628,2,0.287783782,0.23545946,0.543243244,0.380270271,0.797578057,0.646616771
48.92,49.4467568,-0.553243244,0.523243242,0.923513514,0.747256488,2,0.287783782,0.23545946,0.543243244,0.380270271,0.797577051,0.646615363
48.94,49.4467568,-0.553243244,0.523243242,0.923513514,0.747255348,2,0.287783782,0.23545946,0.543243244,0.380270271,0.797576045,0.646613954
48.96,49.4467568,-0.553243244,0.523243242,0.923513514,0.747254208,2,0.287783782,0.23545946,0.543243244,0.380270271,0.797575039,0.646612546
48.98,49.4467568,-0.553243244,0.523243242,0.923513514,0.747253068,2,0.287783782,0.23545946,0.543243244,0.380270271,0.797574033,0.646611137
49,49.4467568,-0.553243244,0.523243242,0.923513514,0.747251928,2,0.287783782,0.23545946,0.543243244,0.380270271,0.797573027,0.646609729
49.02,49.4467568,-0.553243244,0.523243242,0.923513514,0.747250788,2,0.287783782,0.23545946,0.543243244,0.380270271,0.797572021,0.64660832
49.04,49.4467568,-0.553243244,0.523243242,0.923513514,0.747249648,2,0.287783782,0.23545946,0.543243244,0.380270271,0.797571015,0.646606912
49.06,49.4467568,-0.553243244,0.523243242,0.923513514,0.747248507,2,0.287783782,0.23545946,0.543243244,0.380270271,0.797570009,0.646605504
49.08,49.4467568,-0.553243244,0.523243242,0.923513514,0.747247367,2,0.287783782,0.23545946,0.543243244,0.380270271,0.797569003,0.646604095
49.1,49.4467568,-0.553243244,0.523243242,0.923513514,0.747246227,2,0.287783782,0.23545946,0.543243244,0.380270271,0.797567997,0.646602687
49.12,49.4467568,-0.553243244,0.523243242,0.923513514,0.747245087,2,0.287783782,0.23545946,0.543243244,0.380270271,0.797566991,0.646601278
49.14,49.4467568,-0.553243244,0.523243242,0.923513514,0.747243947,2,0.287783782,0.23545946,0.543243244,0.380270271,0.797565985,0.64659987
49.16,49.4467568,-0.553243244,0.523243242,0.923513514,0.747242807,2,0.287783782,0.23545946,0.543243244,0.380270271,0.797564979,0.646598462
49.18,49.4467568,-0.553243244,0.523243242,0.923513514,0.747241667,2,0.287783782,0.23545946,0.543243244,0.380270271,0.797563973,0.646597053
49.2,49.4467568,-0.553243244,0.523243242,0.923513514,0.747240526,2,0.287783782,0.23545946,0.543243244,0.380270271,0.797562967,0.646595645
49.22,49.4467568,-0.553243244,0.523243242,0.923513514,0.747239386,2,0.287783782,0.23545946,0.543243244,0.380270271,0.797561961,0.646594236
49.24,49.4467568,-0.553243244,0.523243242,0.923513514,0.747238246,2,0.287783782,0.23545946,0.543243244,0.380270271,0.797560955,0.646592828
49.26,49.4467568,-0.553243244,0.523243242,0.923513514,0.747237106,2,0.287783782,0.23545946,0.543243244,0.380270271,0.797559949,0.64659142
49.28,49.4467568,-0.553243244,0.523243242,0.923513514,0.747235966,2,0.287783782,0.23545946,0.543243244,0.380270271,0.797558943,0.646590011
49.3,49.4467568,-0.553243244,0.523243242,0.923513514,0.747234826,2,0.287783782,0.23545946,0.543243244,0.380270271,0.797557937,0.646588603
49.32,49.4467568,-0.553243244,0.523243242,0.923513514,0.747233686,2,0.287783782,0.23545946,0.543243244,0.380270271,0.797556931,0.646587194
49.34,49.4467568,-0.553243244,0.523243242,0.923513514,0.747232545,2,0.287783782,0.23545946,0.543243244,0.380270271,0.797555925,0.646585786
49.36,49.4467568,-0.553243244,0.523243242,0.923513514,0.747231405,2,0.287783782,0.23545946,0.543243244,0.380270271,0.797554919,0.646584378
49.38,49.4467568,-0.553243244,0.523243242,0.923513514,0.747230265,2,0.287783782,0.23545946,0.543243244,0.380270271,0.797553913,0.646582969
49.4,49.4467568,-0.553243244,0.523243242,0.923513514,0.747229125,2,0.287783783,0.23545946,0.543243244,0.380270271,0.797552907,0.646581561
49.42,49.4467568,-0.553243244,0.523243242,0.923513514,0.747227985,2,0.287783783,0.23545946,0.543243244,0.380270271,0.797551901,0.646580152
49.44,49.4467568,-0.553243244,0.523243242,0.923513514,0.747226845,2,0.287783783,0.23545946,0.543243244,0.380270271,0.797550895,0.646578744
49.46,49.4467568,-0.553243244,0.523243242,0.923513514,0.747225705,2,0.287783783,0.23545946,0.543243244,0.380270271,0.797549889,0.646577335
49.48,49.4467568,-0.553243244,0.523243242,0.923513514,0.747224564,2,0.287783783,0.23545946,0.543243244,0.380270271,0.797548883,0.646575927
49.5,49.4467568,-0.553243244,0.523243242,0.923513514,0.747223424,2,0.287783783,0.23545946,0.543243244,0.380270271,0.797547877,0.646574519
49.52,49.4467568,-0.553243244,0.523243242,0.923513514,0.747222284,2,0.287783783,0.23545946,0.543243244,0.380270271,0.797546871,0.64657311
49.54,49.4467568,-0.553243244,0.523243242,0.923513514,0.747221144,2,0.287783783,0.23545946,0.543243244,0.380270271,0.797545865,0.646571702
49.56,49.4467568,-0.553243244,0.523243242,0.923513514,0.747220004,2,0.287783783,0.23545946,0.543243244,0.380270271,0.797544859,0.646570293
49.58,49.4467568,-0.553243244,0.523243242,0.923513514,0.747218864,2,0.287783783,0.23545946,0.543243244,0.380270271,0.797543853,0.646568885
49.6,49.4467568,-0.553243244,0.523243242,0.923513514,0.747217724,2,0.287783783,0.23545946,0.543243244,0.380270271,0.797542847,0.646567477
49.62,49.4467568,-0.553243244,0.523243242,0.923513514,0.747216583,2,0.287783783,0.23545946,0.543243244,0.380270271,0.797541841,0.646566068
49.64,49.4467568,-0.553243244,0.523243242,0.923513514,0.747215443,2,0.287783783,0.23545946,0.543243244,0.380270271,0.797540835,0.64656466
49.66,49.4467568,-0.553243244,0.523243242,0.923513514,0.747214303,2,0.287783783,0.23545946,0.543243244,0.380270271,0.797539829,0.646563251
49.68,49.4467568,-0.553243244,0.523243242,0.923513514,0.747213163,2,0.287783783,0.23545946,0.543243244,0.380270271,0.797538823,0.646561843
49.7,49.4467568,-0.553243244,0.523243242,0.923513514,0.747212023,2,0.287783783,0.23545946,0.543243244,0.380270271,0.797537817,0.646560435
49.72,49.4467568,-0.553243244,0.523243242,0.923513514,0.747210883,2,0.287783783,0.23545946,0.543243244,0.380270271,0.797536811,0.646559026
49.74,49.4467568,-0.553243244,0.523243242,0.923513514,0.747209743,2,0.287783783,0.23545946,0.543243244,0.380270271,0.797535805,0.646557618
49.76,49.4467568,-0.553243244,0.523243242,0.923513514,0.747208602,2,0.287783783,0.23545946,0.543243244,0.380270271,0.797534799,0.646556209
49.78,49.4467568,-0.553243244,0.523243242,0.923513514,0.747207462,2,0.287783783,0.23545946,0.543243244,0.380270271,0.797533793,0.646554801
49.8,49.4467568,-0.553243244,0.523243242,0.923513514,0.747206322,2,0.287783783,0.23545946,0.543243244,0.380270271,0.797532787,0.646553393
49.82,49.4467568,-0.553243244,0.523243242,0.923513514,0.747205182,2,0.287783783,0.23545946,0.543243244,0.380270271,0.797531781,0.646551984
49.84,49.4467568,-0.553243244,0.523243242,0.923513514,0.747204042,2,0.287783783,0.23545946,0.543243244,0.380270271,0.797530775,0.646550576
49.86,49.4467568,-0.553243244,0.523243243,0.923513514,0.747202902,2,0.287783783,0.23545946,0.543243244,0.380270271,0.797529769,0.646549167
49.88,49.4467568,-0.553243244,0.523243243,0.923513514,0.747201762,2,0.287783783,0.23545946,0.543243244,0.380270271,0.797528763,0.646547759
49.9,49.4467568,-0.553243244,0.523243243,0.923513514,0.747200621,2,0.287783783,0.23545946,0.543243244,0.380270271,0.797527757,0.646546351
49.92,49.4467568,-0.553243244,0.523243243,0.923513514,0.747199481,2,0.287783783,0.23545946,0.543243244,0.380270271,0.797526751,0.646544942
49.94,49.4467568,-0.553243244,0.523243243,0.923513514,0.747198341,2,0.287783783,0.23545946,0.543243244,0.380270271,0.797525745,0.646543534
49.96,49.4467568,-0.553243244,0.523243243,0.923513514,0.747197201,2,0.287783783,0.23545946,0.543243244,0.380270271,0.797524739,0.646542125
49.98,49.4467568,-0.553243244,0.523243243,0.923513514,0.747196061,2,0.287783783,0.23545946,0.543243244,0.380270271,0.797523733,0.646540717
50,49.4467568,-0.553243244,0.523243243,0.923513514,0.747194921,2,0.287783783,0.23545946,0.543243244,0.380270271,0.797522727,0.646539308
50.02,49.4467568,-0.553243244,0.523243243,0.923513514,0.747193781,2,0.287783783,0.23545946,0.543243244,0.380270271,0.797521721,0.6465379
50.04,49.4467568,-0.553243244,0.523243243,0.923513514,0.747192641,2,0.287783783,0.23545946,0.543243244,0.380270271,0.797520715,0.646536492
50.06,49.4467568,-0.553243244,0.523243243,0.923513514,0.7471915,2,0.287783783,0.23545946,0.543243244,0.380270271,0.797519709,0.646535083
50.08,49.4467568,-0.553243244,0.523243243,0.923513514,0.74719036,2,0.287783783,0.23545946,0.543243244,0.380270271,0.797518703,0.646533675
50.1,49.4467568,-0.553243244,0.523243243,0.923513514,0.74718922,2,0.287783783,0.23545946,0.543243244,0.380270271,0.797517697,0.646532266
50.12,49.4467568,-0.553243244,0.523243243,0.923513514,0.74718808,2,0.287783783,0.23545946,0.543243244,0.380270271,0.797516691,0.646530858
50.14,49.4467568,-0.553243244,0.523243243,0.923513514,0.74718694,2,0.287783783,0.23545946,0.543243244,0.38027027,0.797515685,0.64652945
50.16,49.4467568,-0.553243244,0.523243243,0.923513514,0.7471858,2,0.287783783,0.23545946,0.543243244,0.38027027,0.797514679,0.646528041
50.18,49.4467568,-0.553243244,0.523243243,0.923513514,0.74718466,2,0.287783783,0.23545946,0.543243244,0.38027027,0.797513673,0.646526633
50.2,49.4467568,-0.553243244,0.523243243,0.923513514,0.747183519,2,0.287783783,0.23545946,0.543243244,0.38027027,0.797512667,0.646525224
50.22,49.4467568,-0.553243244,0.523243243,0.923513514,0.747182379,2,0.287783783,0.23545946,0.543243244,0.38027027,0.797511661,0.646523816
50.24,49.4467568,-0.553243244,0.523243243,0.923513514,0.747181239,2,0.287783783,0.23545946,0.543243244,0.38027027,0.797510655,0.646522408
50.26,49.4467568,-0.553243244,0.523243243,0.923513514,0.747180099,2,0.287783783,0.23545946,0.543243244,0.38027027,0.797509649,0.646520999
50.28,49.4467568,-0.553243244,0.523243243,0.923513514,0.747178959,2,0.287783783,0.23545946,0.543243244,0.38027027,0.797508643,0.646519591
50.3,49.4467568,-0.553243244,0.523243243,0.923513514,0.747177819,2,0.287783783,0.23545946,0.543243244,0.38027027,0.797507637,0.646518182
50.32,49.4467568,-0.553243244,0.523243243,0.923513514,0.747176679,2,0.287783783,0.23545946,0.543243244,0.38027027,0.797506631,0.646516774
50.34,49.4467568,-0.553243244,0.523243243,0.923513514,0.747175538,2,0.287783783,0.23545946,0.543243244,0.38027027,0.797505625,0.646515366
50.36,49.4467568,-0.553243244,0.523243243,0.923513514,0.747174398,2,0.287783783,0.23545946,0.543243244,0.38027027,0.797504619,0.646513957
50.38,49.4467568,-0.553243244,0.523243243,0.923513514,0.747173258,2,0.287783783,0.23545946,0.543243244,0.38027027,0.797503613,0.646512549
50.4,49.4467568,-0.553243244,0.523243243,0.923513514,0.747172118,2,0.287783783,0.23545946,0.543243244,0.38027027,0.797502607,0.64651114
50.42,49.4467568,-0.553243244,0.523243243,0.923513514,0.747170978,2,0.287783783,0.23545946,0.543243244,0.38027027,0.797501601,0.646509732
50.44,49.4467568,-0.553243244,0.523243243,0.923513514,0.747169838,2,0.287783783,0.23545946,0.543243244,0.38027027,0.797500595,0.646508323
50.46,49.4467568,-0.553243244,0.523243243,0.923513514,0.747168698,2,0.287783783,0.23545946,0.543243244,0.38027027,0.797499589,0.646506915
50.48,49.4467568,-0.553243244,0.523243243,0.923513514,0.747167557,2,0.287783783,0.23545946,0.543243244,0.38027027,0.797498583,0.646505507
50.5,49.4467568,-0.553243244,0.523243243,0.923513514,0.747166417,2,0.287783783,0.23545946,0.543243244,0.38027027,0.797497577,0.646504098
50.52,49.4467568,-0.553243244,0.523243243,0.923513514,0.747165277,2,0.287783783,0.23545946,0.543243244,0.38027027,0.797496571,0.64650269
50.54,49.4467568,-0.553243244,0.523243243,0.923513514,0.747164137,2,0.287783783,0.23545946,0.543243244,0.38027027,0.797495565,0.646501281
50.56,49.4467568,-0.553243244,0.523243243,0.923513514,0.747162997,2,0.287783783,0.23545946,0.543243244,0.38027027,0.797494559,0.646499873
50.58,49.4467568,-0.553243244,0.523243243,0.923513514,0.747161857,2,0.287783783,0.23545946,0.543243244,0.38027027,0.797493553,0.646498465
50.6,49.4467568,-0.553243244,0.523243243,0.923513514,0.747160717,2,0.287783783,0.23545946,0.543243244,0.38027027,0.797492547,0.646497056
50.62,49.4467568,-0.553243244,0.523243243,0.923513514,0.747159576,2,0.287783783,0.23545946,0.543243244,0.38027027,0.797491541,0.646495648
50.64,49.4467568,-0.553243244,0.523243243,0.923513514,0.747158436,2,0.287783783,0.23545946,0.543243243,0.38027027,0.797490535,0.646494239
50.66,49.4467568,-0.553243244,0.523243243,0.923513514,0.747157296,2,0.287783783,0.23545946,0.543243243,0.38027027,0.797489529,0.646492831
50.68,49.4467568,-0.553243244,0.523243243,0.923513514,0.747156156,2,0.287783783,0.23545946,0.543243243,0.38027027,0.797488523,0.646491423
50.7,49.4467568,-0.553243244,0.523243243,0.923513514,0.747155016,2,0.287783783,0.23545946,0.543243243,0.38027027,0.797487517,0.646490014
50.72,49.4467568,-0.553243244,0.523243243,0.923513514,0.747153876,2,0.287783783,0.23545946,0.543243243,0.38027027,0.797486511,0.646488606
50.74,49.4467568,-0.553243244,0.523243243,0.923513514,0.747152736,2,0.287783783,0.23545946,0.543243243,0.38027027,0.797485505,0.646487197
50.76,49.4467568,-0.553243244,0.523243243,0.923513514,0.747151595,2,0.287783783,0.23545946,0.543243243,0.38027027,0.797484499,0.646485789
50.78,49.4467568,-0.553243244,0.523243243,0.923513514,0.747150455,2,0.287783783,0.23545946,0.543243243,0.38027027,0.797483493,0.646484381
50.8,49.4467568,-0.553243244,0.523243243,0.923513514,0.747149315,2,0.287783783,0.23545946,0.543243243,0.38027027,0.797482487,0.646482972
50.82,49.4467568,-0.553243243,0.523243243,0.923513514,0.747148175,2,0.287783783,0.23545946,0.543243243,0.38027027,0.797481481,0.646481564
50.84,49.4467568,-0.553243243,0.523243243,0.923513514,0.747147035,2,0.287783783,0.23545946,0.543243243,0.38027027,0.797480475,0.646480155
50.86,49.4467568,-0.553243243,0.523243243,0.923513514,0.747145895,2,0.287783783,0.23545946,0.543243243,0.38027027,0.797479469,0.646478747
50.88,49.4467568,-0.553243243,0.523243243,0.923513514,0.747144755,2,0.287783783,0.23545946,0.543243243,0.38027027,0.797478463,0.646477339
50.9,49.4467568,-0.553243243,0.523243243,0.923513514,0.747143614,2,0.287783783,0.23545946,0.543243243,0.38027027,0.797477457,0.64647593
50.92,49.4467568,-0.553243243,0.523243243,0.923513514,0.747142474,2,0.287783783,0.23545946,0.543243243,0.38027027,0.797476451,0.646474522
50.94,49.4467568,-0.553243243,0.523243243,0.923513514,0.747141334,2,0.287783783,0.23545946,0.543243243,0.38027027,0.797475445,0.646473113
50.96,49.4467568,-0.553243243,0.523243243,0.923513514,0.747140194,2,0.287783783,0.23545946,0.543243243,0.38027027,0.797474439,0.646471705
50.98,49.4467568,-0.553243243,0.523243243,0.923513514,0.747139054,2,0.287783783,0.23545946,0.543243243,0.38027027,0.797473433,0.646470296
51,49.4467568,-0.553243243,0.523243243,0.923513514,0.747137914,2,0.287783783,0.23545946,0.543243243,0.38027027,0.797472427,0.646468888
51.02,49.4467568,-0.553243243,0.523243243,0.923513514,0.747136774,2,0.287783783,0.23545946,0.543243243,0.38027027,0.797471421,0.64646748
51.04,49.4467568,-0.553243243,0.523243243,0.923513514,0.747135634,2,0.287783783,0.23545946,0.543243243,0.38027027,0.797470415,0.646466071
51.06,49.4467568,-0.553243243,0.523243243,0.923513514,0.747134493,2,0.287783783,0.23545946,0.543243243,0.38027027,0.797469409,0.646464663
51.08,49.4467568,-0.553243243,0.523243243,0.923513514,0.747133353,2,0.287783783,0.23545946,0.543243243,0.38027027,0.797468403,0.646463254
51.1,49.4467568,-0.553243243,0.523243243,0.923513514,0.747132213,2,0.287783783,0.23545946,0.543243243,0.38027027,0.797467397,0.646461846
51.12,49.4467568,-0.553243243,0.523243243,0.923513514,0.747131073,2,0.287783783,0.23545946,0.543243243,0.38027027,0.797466391,0.646460438
51.14,49.4467568,-0.553243243,0.523243243,0.923513514,0.747129933,2,0.287783783,0.23545946,0.543243243,0.38027027,0.797465385,0.646459029
51.16,49.4467568,-0.553243243,0.523243243,0.923513514,0.747128793,2,0.287783783,0.23545946,0.543243243,0.38027027,0.797464379,0.646457621
51.18,49.4467568,-0.553243243,0.523243243,0.923513514,0.747127653,2,0.287783783,0.23545946,0.543243243,0.38027027,0.797463373,0.646456212
51.2,49.4467568,-0.553243243,0.523243243,0.923513514,0.747126512,2,0.287783783,0.23545946,0.543243243,0.38027027,0.797462367,0.646454804
51.22,49.4467568,-0.553243243,0.523243243,0.923513514,0.747125372,2,0.287783783,0.23545946,0.543243243,0.38027027,0.797461361,0.646453396
51.24,49.4467568,-0.553243243,0.523243243,0.923513514,0.747124232,2,0.287783783,0.23545946,0.543243243,0.38027027,0.797460355,0.646451987
51.26,49.4467568,-0.553243243,0.523243243,0.923513514,0.747123092,2,0.287783783,0.23545946,0.543243243,0.38027027,0.797459349,0.646450579
51.28,49.4467568,-0.553243243,0.523243243,0.923513514,0.747121952,2,0.287783783,0.23545946,0.543243243,0.38027027,0.797458343,0.64644917
51.3,49.4467568,-0.553243243,0.523243243,0.923513514,0.747120812,2,0.287783783,0.23545946,0.543243243,0.38027027,0.797457337,0.646447762
51.32,49.4467568,-0.553243243,0.523243243,0.923513514,0.747119672,2,0.287783783,0.23545946,0.543243243,0.38027027,0.797456331,0.646446354
51.34,49.4467568,-0.553243243,0.523243243,0.923513514,0.747118531,2,0.287783783,0.23545946,0.543243243,0.38027027,0.797455325,0.646444945
51.36,49.4467568,-0.553243243,0.523243243,0.923513514,0.747117391,2,0.287783783,0.23545946,0.543243243,0.38027027,0.797454319,0.646443537
51.38,49.4467568,-0.553243243,0.523243243,0.923513514,0.747116251,2,0.287783783,0.23545946,0.543243243,0.38027027,0.797453313,0.646442128
51.4,49.4467568,-0.553243243,0.523243243,0.923513514,0.747115111,2,0.287783783,0.23545946,0.543243243,0.38027027,0.797452307,0.64644072
51.42,49.4467568,-0.553243243,0.523243243,0.923513514,0.747113971,2,0.287783783,0.23545946,0.543243243,0.38027027,0.797451301,0.646439311
51.44,49.4467568,-0.553243243,0.523243243,0.923513514,0.747112831,2,0.287783783,0.23545946,0.543243243,0.38027027,0.797450295,0.646437903
51.46,49.4467568,-0.553243243,0.523243243,0.923513514,0.747111691,2,0.287783783,0.23545946,0.543243243,0.38027027,0.797449289,0.646436495
51.48,49.4467568,-0.553243243,0.523243243,0.923513514,0.74711055,2,0.287783783,0.23545946,0.543243243,0.38027027,0.797448283,0.646435086
51.5,49.4467568,-0.553243243,0.523243243,0.923513514,0.74710941,2,0.287783783,0.23545946,0.543243243,0.38027027,0.797447276,0.646433678
51.52,49.4467568,-0.553243243,0.523243243,0.923513514,0.74710827,2,0.287783783,0.23545946,0.543243243,0.38027027,0.79744627,0.646432269
51.54,49.4467568,-0.553243243,0.523243243,0.923513514,0.74710713,2,0.287783783,0.23545946,0.543243243,0.38027027,0.797445264,0.646430861
51.56,49.4467568,-0.553243243,0.523243243,0.923513514,0.74710599,2,0.287783783,0.23545946,0.543243243,0.38027027,0.797444258,0.646429453
51.58,49.4467568,-0.553243243,0.523243243,0.923513514,0.74710485,2,0.287783783,0.23545946,0.543243243,0.38027027,0.797443252,0.646428044
51.6,49.4467568,-0.553243243,0.523243243,0.923513514,0.74710371,2,0.287783783,0.23545946,0.543243243,0.38027027,0.797442246,0.646426636
51.62,49.4467568,-0.553243243,0.523243243,0.923513514,0.747102569,2,0.287783783,0.23545946,0.543243243,0.38027027,0.79744124,0.646425227
51.64,49.4467568,-0.553243243,0.523243243,0.923513514,0.747101429,2,0.287783783,0.23545946,0.543243243,0.38027027,0.797440234,0.646423819
51.66,49.4467568,-0.553243243,0.523243243,0.923513514,0.747100289,2,0.287783783,0.23545946,0.543243243,0.38027027,0.797439228,0.646422411
51.68,49.4467568,-0.553243243,0.523243243,0.923513514,0.747099149,2,0.287783783,0.23545946,0.543243243,0.38027027,0.797438222,0.646421002
51.7,49.4467568,-0.553243243,0.523243243,0.923513514,0.747098009,2,0.287783783,0.23545946,0.543243243,0.38027027,0.797437216,0.646419594
51.72,49.4467568,-0.553243243,0.523243243,0.923513514,0.747096869,2,0.287783783,0.23545946,0.543243243,0.38027027,0.79743621,0.646418185
51.74,49.4467568,-0.553243243,0.523243243,0.923513514,0.747095729,2,0.287783783,0.23545946,0.543243243,0.38027027,0.797435204,0.646416777
51.76,49.4467568,-0.553243243,0.523243243,0.923513514,0.747094588,2,0.287783783,0.23545946,0.543243243,0.38027027,0.797434198,0.646415369
51.78,49.4467568,-0.553243243,0.523243243,0.923513514,0.747093448,2,0.287783783,0.23545946,0.543243243,0.38027027,0.797433192,0.64641396
51.8,49.4467568,-0.553243243,0.523243243,0.923513514,0.747092308,2,0.287783783,0.23545946,0.543243243,0.38027027,0.797432186,0.646412552
51.82,49.4467568,-0.553243243,0.523243243,0.923513514,0.747091168,2,0.287783783,0.23545946,0.543243243,0.38027027,0.79743118,0.646411143
51.84,49.4467568,-0.553243243,0.523243243,0.923513514,0.747090028,2,0.287783783,0.23545946,0.543243243,0.38027027,0.797430174,0.646409735
51.86,49.4467568,-0.553243243,0.523243243,0.923513514,0.747088888,2,0.287783783,0.23545946,0.543243243,0.38027027,0.797429168,0.646408326
51.88,49.4467568,-0.553243243,0.523243243,0.923513514,0.747087748,2,0.287783783,0.23545946,0.543243243,0.38027027,0.797428162,0.646406918
51.9,49.4467568,-0.553243243,0.523243243,0.923513514,0.747086607,2,0.287783783,0.23545946,0.543243243,0.38027027,0.797427156,0.64640551
51.92,49.4467568,-0.553243243,0.523243243,0.923513514,0.747085467,2,0.287783783,0.23545946,0.543243243,0.38027027,0.79742615,0.646404101
51.94,49.4467568,-0.553243243,0.523243243,0.923513514,0.747084327,2,0.287783783,0.23545946,0.543243243,0.38027027,0.797425144,0.646402693
51.96,49.4467568,-0.553243243,0.523243243,0.923513514,0.747083187,2,0.287783783,0.23545946,0.543243243,0.38027027,0.797424138,0.646401284
51.98,49.4467568,-0.553243243,0.523243243,0.923513514,0.747082047,2,0.287783783,0.23545946,0.543243243,0.38027027,0.797423132,0.646399876
52,49.4467568,-0.553243243,0.523243243,0.923513514,0.747080907,2,0.287783783,0.23545946,0.543243243,0.38027027,0.797422126,0.646398468
52.02,49.4467568,-0.553243243,0.523243243,0.923513514,0.747079767,2,0.287783783,0.23545946,0.543243243,0.38027027,0.79742112,0.646397059
52.04,49.4467568,-0.553243243,0.523243243,0.923513514,0.747078626,2,0.287783783,0.23545946,0.543243243,0.38027027,0.797420114,0.646395651
52.06,49.4467568,-0.553243243,0.523243243,0.923513514,0.747077486,2,0.287783783,0.23545946,0.543243243,0.38027027,0.797419108,0.646394242
52.08,49.4467568,-0.553243243,0.523243243,0.923513514,0.747076346,2,0.287783783,0.23545946,0.543243243,0.38027027,0.797418102,0.646392834
52.1,49.4467568,-0.553243243,0.523243243,0.923513514,0.747075206,2,0.287783783,0.23545946,0.543243243,0.38027027,0.797417096,0.646391426
52.12,49.4467568,-0.553243243,0.523243243,0.923513514,0.747074066,2,0.287783783,0.23545946,0.543243243,0.38027027,0.79741609,0.646390017
52.14,49.4467568,-0.553243243,0.523243243,0.923513514,0.747072926,2,0.287783783,0.23545946,0.543243243,0.38027027,0.797415084,0.646388609
52.16,49.4467568,-0.553243243,0.523243243,0.923513514,0.747071786,2,0.287783783,0.23545946,0.543243243,0.38027027,0.797414078,0.6463872
52.18,49.4467568,-0.553243243,0.523243243,0.923513514,0.747070646,2,0.287783783,0.23545946,0.543243243,0.38027027,0.797413072,0.646385792
52.2,49.4467568,-0.553243243,0.523243243,0.923513514,0.747069505,2,0.287783783,0.23545946,0.543243243,0.38027027,0.797412066,0.646384384
52.22,49.4467568,-0.553243243,0.523243243,0.923513514,0.747068365,2,0.287783783,0.23545946,0.543243243,0.38027027,0.79741106,0.646382975
52.24,49.4467568,-0.553243243,0.523243243,0.923513514,0.747067225,2,0.287783783,0.23545946,0.543243243,0.38027027,0.797410054,0.646381567
52.26,49.4467568,-0.553243243,0.523243243,0.923513514,0.747066085,2,0.287783783,0.23545946,0.543243243,0.38027027,0.797409048,0.646380158
52.28,49.4467568,-0.553243243,0.523243243,0.923513514,0.747064945,2,0.287783783,0.23545946,0.543243243,0.38027027,0.797408042,0.64637875
52.3,49.4467568,-0.553243243,0.523243243,0.923513514,0.747063805,2,0.287783783,0.23545946,0.543243243,0.38027027,0.797407036,0.646377342
52.32,49.4467568,-0.553243243,0.523243243,0.923513514,0.747062665,2,0.287783783,0.23545946,0.543243243,0.38027027,0.79740603,0.646375933
52.34,49.4467568,-0.553243243,0.523243243,0.923513514,0.747061524,2,0.287783783,0.23545946,0.543243243,0.38027027,0.797405024,0.646374525
52.36,49.4467568,-0.553243243,0.523243243,0.923513514,0.747060384,2,0.287783783,0.23545946,0.543243243,0.38027027,0.797404018,0.646373116
52.38,49.4467568,-0.553243243,0.523243243,0.923513514,0.747059244,2,0.287783783,0.23545946,0.543243243,0.38027027,0.797403012,0.646371708
52.4,49.4467568,-0.553243243,0.523243243,0.923513514,0.747058104,2,0.287783783,0.23545946,0.543243243,0.38027027,0.797402006,0.646370299
52.42,49.4467568,-0.553243243,0.523243243,0.923513514,0.747056964,2,0.287783783,0.23545946,0.543243243,0.38027027,0.797401,0.646368891
52.44,49.4467568,-0.553243243,0.523243243,0.923513514,0.747055824,2,0.287783783,0.23545946,0.543243243,0.38027027,0.797399994,0.646367483
52.46,49.4467568,-0.553243243,0.523243243,0.923513514,0.747054684,2,0.287783783,0.23545946,0.543243243,0.38027027,0.797398988,0.646366074
52.48,49.4467568,-0.553243243,0.523243243,0.923513514,0.747053543,2,0.287783783,0.23545946,0.543243243,0.38027027,0.797397982,0.646364666
52.5,49.4467568,-0.553243243,0.523243243,0.923513514,0.747052403,2,0.287783783,0.23545946,0.543243243,0.38027027,0.797396976,0.646363257
52.52,49.4467568,-0.553243243,0.523243243,0.923513514,0.747051263,2,0.287783783,0.23545946,0.543243243,0.38027027,0.79739597,0.646361849
52.54,49.4467568,-0.553243243,0.523243243,0.923513514,0.747050123,2,0.287783783,0.23545946,0.543243243,0.38027027,0.797394964,0.646360441
52.56,49.4467568,-0.553243243,0.523243243,0.923513514,0.747048983,2,0.287783783,0.23545946,0.543243243,0.38027027,0.797393958,0.646359032
52.58,49.4467568,-0.553243243,0.523243243,0.923513514,0.747047843,2,0.287783783,0.23545946,0.543243243,0.38027027,0.797392952,0.646357624
52.6,49.4467568,-0.553243243,0.523243243,0.923513514,0.747046703,2,0.287783783,0.23545946,0.543243243,0.38027027,0.797391946,0.646356215
52.62,49.4467568,-0.553243243,0.523243243,0.923513514,0.747045562,2,0.287783783,0.23545946,0.543243243,0.38027027,0.79739094,0.646354807
52.64,49.4467568,-0.553243243,0.523243243,0.923513514,0.747044422,2,0.287783783,0.23545946,0.543243243,0.38027027,0.797389934,0.646353399
52.66,49.4467568,-0.553243243,0.523243243,0.923513514,0.747043282,2,0.287783783,0.23545946,0.543243243,0.38027027,0.797388928,0.64635199
52.68,49.4467568,-0.553243243,0.523243243,0.923513514,0.747042142,2,0.287783783,0.23545946,0.543243243,0.38027027,0.797387922,0.646350582
52.7,49.4467568,-0.553243243,0.523243243,0.923513514,0.747041002,2,0.287783783,0.23545946,0.543243243,0.38027027,0.797386916,0.646349173
52.72,49.4467568,-0.553243243,0.523243243,0.923513514,0.747039862,2,0.287783783,0.23545946,0.543243243,0.38027027,0.79738591,0.646347765
52.74,49.4467568,-0.553243243,0.523243243,0.923513514,0.747038722,2,0.287783783,0.23545946,0.543243243,0.38027027,0.797384904,0.646346357
52.76,49.4467568,-0.553243243,0.523243243,0.923513514,0.747037581,2,0.287783783,0.23545946,0.543243243,0.38027027,0.797383898,0.646344948
52.78,49.4467568,-0.553243243,0.523243243,0.923513514,0.747036441,2,0.287783783,0.23545946,0.543243243,0.38027027,0.797382892,0.64634354
52.8,49.4467568,-0.553243243,0.523243243,0.923513514,0.747035301,2,0.287783783,0.23545946,0.543243243,0.38027027,0.797381886,0.646342131
52.82,49.4467568,-0.553243243,0.523243243,0.923513514,0.747034161,2,0.287783783,0.23545946,0.543243243,0.38027027,0.79738088,0.646340723
52.84,49.4467568,-0.553243243,0.523243243,0.923513514,0.747033021,2,0.287783783,0.23545946,0.543243243,0.38027027,0.797379874,0.646339314
52.86,49.4467568,-0.553243243,0.523243243,0.923513514,0.747031881,2,0.287783783,0.23545946,0.543243243,0.38027027,0.797378868,0.646337906
52.88,49.4467568,-0.553243243,0.523243243,0.923513514,0.747030741,2,0.287783783,0.23545946,0.543243243,0.38027027,0.797377862,0.646336498
52.9,49.4467568,-0.553243243,0.523243243,0.923513514,0.7470296,2,0.287783783,0.23545946,0.543243243,0.38027027,0.797376856,0.646335089
52.92,49.4467568,-0.553243243,0.523243243,0.923513514,0.74702846,2,0.287783783,0.23545946,0.543243243,0.38027027,0.79737585,0.646333681
52.94,49.4467568,-0.553243243,0.523243243,0.923513514,0.74702732,2,0.287783783,0.23545946,0.543243243,0.38027027,0.797374844,0.646332272
52.96,49.4467568,-0.553243243,0.523243243,0.923513514,0.74702618,2,0.287783783,0.23545946,0.543243243,0.38027027,0.797373838,0.646330864
52.98,49.4467568,-0.553243243,0.523243243,0.923513514,0.74702504,2,0.287783783,0.23545946,0.543243243,0.38027027,0.797372832,0.646329456
53,49.4467568,-0.553243243,0.523243243,0.923513514,0.7470239,2,0.287783783,0.23545946,0.543243243,0.38027027,0.797371826,0.646328047
53.02,49.4467568,-0.553243243,0.523243243,0.923513514,0.74702276,2,0.287783783,0.23545946,0.543243243,0.38027027,0.79737082,0.646326639
53.04,49.4467568,-0.553243243,0.523243243,0.923513514,0.747021619,2,0.287783783,0.23545946,0.543243243,0.38027027,0.797369814,0.64632523
53.06,49.4467568,-0.553243243,0.523243243,0.923513514,0.747020479,2,0.287783783,0.23545946,0.543243243,0.38027027,0.797368808,0.646323822
53.08,49.4467568,-0.553243243,0.523243243,0.923513514,0.747019339,2,0.287783783,0.23545946,0.543243243,0.38027027,0.797367802,0.646322414
53.1,49.4467568,-0.553243243,0.523243243,0.923513514,0.747018199,2,0.287783783,0.23545946,0.543243243,0.38027027,0.797366796,0.646321005
53.12,49.4467568,-0.553243243,0.523243243,0.923513514,0.747017059,2,0.287783783,0.23545946,0.543243243,0.38027027,0.79736579,0.646319597
53.14,49.4467568,-0.553243243,0.523243243,0.923513514,0.747015919,2,0.287783783,0.23545946,0.543243243,0.38027027,0.797364784,0.646318188
53.16,49.4467568,-0.553243243,0.523243243,0.923513514,0.747014779,2,0.287783783,0.23545946,0.543243243,0.38027027,0.797363778,0.64631678
53.18,49.4467568,-0.553243243,0.523243243,0.923513514,0.747013639,2,0.287783784,0.23545946,0.543243243,0.38027027,0.797362772,0.646315372
53.2,49.4467568,-0.553243243,0.523243243,0.923513514,0.747012498,2,0.287783784,0.23545946,0.543243243,0.38027027,0.797361766,0.646313963
53.22,49.4467568,-0.553243243,0.523243243,0.923513514,0.747011358,2,0.287783784,0.23545946,0.543243243,0.38027027,0.79736076,0.646312555
53.24,49.4467568,-0.553243243,0.523243243,0.923513514,0.747010218,2,0.287783784,0.23545946,0.543243243,0.38027027,0.797359754,0.646311146
53.26,49.4467568,-0.553243243,0.523243243,0.923513514,0.747009078,2,0.287783784,0.23545946,0.543243243,0.38027027,0.797358748,0.646309738
53.28,49.4467568,-0.553243243,0.523243243,0.923513514,0.747007938,2,0.287783784,0.23545946,0.543243243,0.38027027,0.797357742,0.646308329
53.3,49.4467568,-0.553243243,0.523243243,0.923513514,0.747006798,2,0.287783784,0.23545946,0.543243243,0.38027027,0.797356736,0.646306921
53.32,49.4467568,-0.553243243,0.523243243,0.923513514,0.747005658,2,0.287783784,0.23545946,0.543243243,0.38027027,0.79735573,0.646305513
53.34,49.4467568,-0.553243243,0.523243243,0.923513514,0.747004517,2,0.287783784,0.23545946,0.543243243,0.38027027,0.797354724,0.646304104
53.36,49.4467568,-0.553243243,0.523243243,0.923513514,0.747003377,2,0.287783784,0.23545946,0.543243243,0.38027027,0.797353718,0.646302696
53.38,49.4467568,-0.553243243,0.523243243,0.923513514,0.747002237,2,0.287783784,0.23545946,0.543243243,0.38027027,0.797352712,0.646301287
53.4,49.4467568,-0.553243243,0.523243243,0.923513514,0.747001097,2,0.287783784,0.23545946,0.543243243,0.38027027,0.797351706,0.646299879
53.42,49.4467568,-0.553243243,0.523243243,0.923513514,0.746999957,2,0.287783784,0.23545946,0.543243243,0.38027027,0.7973507,0.646298471
53.44,49.4467568,-0.553243243,0.523243243,0.923513514,0.746998817,2,0.287783784,0.23545946,0.543243243,0.38027027,0.797349694,0.646297062
53.46,49.4467568,-0.553243243,0.523243243,0.923513514,0.746997677,2,0.287783784,0.23545946,0.543243243,0.38027027,0.797348688,0.646295654
53.48,49.4467568,-0.553243243,0.523243243,0.923513514,0.746996536,2,0.287783784,0.23545946,0.543243243,0.38027027,0.797347682,0.646294245
53.5,49.4467568,-0.553243243,0.523243243,0.923513514,0.746995396,2,0.287783784,0.23545946,0.543243243,0.38027027,0.797346676,0.646292837
53.52,49.4467568,-0.553243243,0.523243243,0.923513514,0.746994256,2,0.287783784,0.23545946,0.543243243,0.38027027,0.79734567,0.646291429
53.54,49.4467568,-0.553243243,0.523243243,0.923513514,0.746993116,2,0.287783784,0.23545946,0.543243243,0.38027027,0.797344664,0.64629002
53.56,49.4467568,-0.553243243,0.523243243,0.923513514,0.746991976,2,0.287783784,0.23545946,0.543243243,0.38027027,0.797343658,0.646288612
53.58,49.4467568,-0.553243243,0.523243243,0.923513514,0.746990836,2,0.287783784,0.23545946,0.543243243,0.38027027,0.797342652,0.646287203
53.6,49.4467568,-0.553243243,0.523243243,0.923513514,0.746989696,2,0.287783784,0.23545946,0.543243243,0.38027027,0.797341646,0.646285795
53.62,49.4467568,-0.553243243,0.523243243,0.923513514,0.746988555,2,0.287783784,0.23545946,0.543243243,0.38027027,0.79734064,0.646284387
53.64,49.4467568,-0.553243243,0.523243243,0.923513514,0.746987415,2,0.287783784,0.23545946,0.543243243,0.38027027,0.797339634,0.646282978
53.66,49.4467568,-0.553243243,0.523243243,0.923513514,0.746986275,2,0.287783784,0.23545946,0.543243243,0.38027027,0.797338628,0.64628157
53.68,49.4467568,-0.553243243,0.523243243,0.923513514,0.746985135,2,0.287783784,0.23545946,0.543243243,0.38027027,0.797337622,0.646280161
53.7,49.4467568,-0.553243243,0.523243243,0.923513514,0.746983995,2,0.287783784,0.23545946,0.543243243,0.38027027,0.797336616,0.646278753
53.72,49.4467568,-0.553243243,0.523243243,0.923513514,0.746982855,2,0.287783784,0.23545946,0.543243243,0.38027027,0.79733561,0.646277345
53.74,49.4467568,-0.553243243,0.523243243,0.923513514,0.746981715,2,0.287783784,0.23545946,0.543243243,0.38027027,0.797334604,0.646275936
53.76,49.4467568,-0.553243243,0.523243243,0.923513514,0.746980574,2,0.287783784,0.23545946,0.543243243,0.38027027,0.797333598,0.646274528
53.78,49.4467568,-0.553243243,0.523243243,0.923513514,0.746979434,2,0.287783784,0.23545946,0.543243243,0.38027027,0.797332592,0.646273119
53.8,49.4467568,-0.553243243,0.523243243,0.923513514,0.746978294,2,0.287783784,0.23545946,0.543243243,0.38027027,0.797331586,0.646271711
53.82,49.4467568,-0.553243243,0.523243243,0.923513514,0.746977154,2,0.287783784,0.23545946,0.543243243,0.38027027,0.79733058,0.646270302
53.84,49.4467568,-0.553243243,0.523243243,0.923513514,0.746976014,2,0.287783784,0.23545946,0.543243243,0.38027027,0.797329574,0.646268894
53.86,49.4467568,-0.553243243,0.523243243,0.923513514,0.746974874,2,0.287783784,0.23545946,0.543243243,0.38027027,0.797328568,0.646267486
53.88,49.4467568,-0.553243243,0.523243243,0.923513514,0.746973734,2,0.287783784,0.23545946,0.543243243,0.38027027,0.797327562,0.646266077
53.9,49.4467568,-0.553243243,0.523243243,0.923513514,0.746972593,2,0.287783784,0.23545946,0.543243243,0.38027027,0.797326556,0.646264669
53.92,49.4467568,-0.553243243,0.523243243,0.923513514,0.746971453,2,0.287783784,0.23545946,0.543243243,0.38027027,0.79732555,0.64626326
53.94,49.4467568,-0.553243243,0.523243243,0.923513514,0.746970313,2,0.287783784,0.23545946,0.543243243,0.38027027,0.797324544,0.646261852
53.96,49.4467568,-0.553243243,0.523243243,0.923513514,0.746969173,2,0.287783784,0.23545946,0.543243243,0.38027027,0.797323538,0.646260444
53.98,49.4467568,-0.553243243,0.523243243,0.923513514,0.746968033,2,0.287783784,0.23545946,0.543243243,0.38027027,0.797322532,0.646259035
54,49.4467568,-0.553243243,0.523243243,0.923513514,0.746966893,2,0.287783784,0.23545946,0.543243243,0.38027027,0.797321526,0.646257627
54.02,49.4467568,-0.553243243,0.523243243,0.923513514,0.746965753,2,0.287783784,0.23545946,0.543243243,0.38027027,0.79732052,0.646256218
54.04,49.4467568,-0.553243243,0.523243243,0.923513514,0.746964612,2,0.287783784,0.23545946,0.543243243,0.38027027,0.797319514,0.64625481
54.06,49.4467568,-0.553243243,0.523243243,0.923513514,0.746963472,2,0.287783784,0.23545946,0.543243243,0.38027027,0.797318508,0.646253402
54.08,49.4467568,-0.553243243,0.523243243,0.923513514,0.746962332,2,0.287783784,0.23545946,0.543243243,0.38027027,0.797317502,0.646251993
54.1,49.4467568,-0.553243243,0.523243243,0.923513514,0.746961192,2,0.287783784,0.23545946,0.543243243,0.38027027,0.797316496,0.646250585
54.12,49.4467568,-0.553243243,0.523243243,0.923513514,0.746960052,2,0.287783784,0.23545946,0.543243243,0.38027027,0.79731549,0.646249176
54.14,49.4467568,-0.553243243,0.523243243,0.923513514,0.746958912,2,0.287783784,0.23545946,0.543243243,0.38027027,0.797314484,0.646247768
54.16,49.4467568,-0.553243243,0.523243243,0.923513514,0.746957772,2,0.287783784,0.23545946,0.543243243,0.38027027,0.797313478,0.64624636
54.18,49.4467568,-0.553243243,0.523243243,0.923513514,0.746956632,2,0.287783784,0.23545946,0.543243243,0.38027027,0.797312472,0.646244951
54.2,49.4467568,-0.553243243,0.523243243,0.923513514,0.746955491,2,0.287783784,0.23545946,0.543243243,0.38027027,0.797311466,0.646243543
54.22,49.4467568,-0.553243243,0.523243243,0.923513514,0.746954351,2,0.287783784,0.23545946,0.543243243,0.38027027,0.79731046,0.646242134
54.24,49.4467568,-0.553243243,0.523243243,0.923513514,0.746953211,2,0.287783784,0.23545946,0.543243243,0.38027027,0.797309454,0.646240726
54.26,49.4467568,-0.553243243,0.523243243,0.923513514,0.746952071,2,0.287783784,0.23545946,0.543243243,0.38027027,0.797308448,0.646239317
54.28,49.4467568,-0.553243243,0.523243243,0.923513514,0.746950931,2,0.287783784,0.23545946,0.543243243,0.38027027,0.797307442,0.646237909
54.3,49.4467568,-0.553243243,0.523243243,0.923513514,0.746949791,2,0.287783784,0.23545946,0.543243243,0.38027027,0.797306436,0.646236501
54.32,49.4467568,-0.553243243,0.523243243,0.923513514,0.746948651,2,0.287783784,0.23545946,0.543243243,0.38027027,0.79730543,0.646235092
54.34,49.4467568,-0.553243243,0.523243243,0.923513514,0.74694751,2,0.287783784,0.23545946,0.543243243,0.38027027,0.797304424,0.646233684
54.36,49.4467568,-0.553243243,0.523243243,0.923513514,0.74694637,2,0.287783784,0.23545946,0.543243243,0.38027027,0.797303418,0.646232275
54.38,49.4467568,-0.553243243,0.523243243,0.923513514,0.74694523,2,0.287783784,0.23545946,0.543243243,0.38027027,0.797302412,0.646230867
54.4,49.4467568,-0.553243243,0.523243243,0.923513514,0.74694409,2,0.287783784,0.23545946,0.543243243,0.38027027,0.797301406,0.646229459
54.42,49.4467568,-0.553243243,0.523243243,0.923513514,0.74694295,2,0.287783784,0.23545946,0.543243243,0.38027027,0.7973004,0.64622805
54.44,49.4467568,-0.553243243,0.523243243,0.923513514,0.74694181,2,0.287783784,0.23545946,0.543243243,0.38027027,0.797299394,0.646226642
54.46,49.4467568,-0.553243243,0.523243243,0.923513514,0.74694067,2,0.287783784,0.23545946,0.543243243,0.38027027,0.797298388,0.646225233
54.48,49.4467568,-0.553243243,0.523243243,0.923513514,0.746939529,2,0.287783784,0.23545946,0.543243243,0.38027027,0.797297382,0.646223825
54.5,49.4467568,-0.553243243,0.523243243,0.923513514,0.746938389,2,0.287783784,0.23545946,0.543243243,0.38027027,0.797296376,0.646222417
54.52,49.4467568,-0.553243243,0.523243243,0.923513514,0.746937249,2,0.287783784,0.23545946,0.543243243,0.38027027,0.79729537,0.646221008
54.54,49.4467568,-0.553243243,0.523243243,0.923513514,0.746936109,2,0.287783784,0.23545946,0.543243243,0.38027027,0.797294364,0.6462196
54.56,49.4467568,-0.553243243,0.523243243,0.923513514,0.746934969,2,0.287783784,0.23545946,0.543243243,0.38027027,0.797293358,0.646218191
54.58,49.4467568,-0.553243243,0.523243243,0.923513514,0.746933829,2,0.287783784,0.23545946,0.543243243,0.38027027,0.797292352,0.646216783
54.6,49.4467568,-0.553243243,0.523243243,0.923513514,0.746932689,2,0.287783784,0.23545946,0.543243243,0.38027027,0.797291346,0.646215375
54.62,49.4467568,-0.553243243,0.523243243,0.923513514,0.746931548,2,0.287783784,0.23545946,0.543243243,0.38027027,0.79729034,0.646213966
54.64,49.4467568,-0.553243243,0.523243243,0.923513514,0.746930408,2,0.287783784,0.23545946,0.543243243,0.38027027,0.797289334,0.646212558
54.66,49.4467568,-0.553243243,0.523243243,0.923513514,0.746929268,2,0.287783784,0.23545946,0.543243243,0.38027027,0.797288328,0.646211149
54.68,49.4467568,-0.553243243,0.523243243,0.923513514,0.746928128,2,0.287783784,0.23545946,0.543243243,0.38027027,0.797287322,0.646209741
54.7,49.4467568,-0.553243243,0.523243243,0.923513514,0.746926988,2,0.287783784,0.23545946,0.543243243,0.38027027,0.797286316,0.646208332
54.72,49.4467568,-0.553243243,0.523243243,0.923513514,0.746925848,2,0.287783784,0.23545946,0.543243243,0.38027027,0.79728531,0.646206924
54.74,49.4467568,-0.553243243,0.523243243,0.923513514,0.746924708,2,0.287783784,0.23545946,0.543243243,0.38027027,0.797284304,0.646205516
54.76,49.4467568,-0.553243243,0.523243243,0.923513514,0.746923567,2,0.287783784,0.23545946,0.543243243,0.38027027,0.797283298,0.646204107
54.78,49.4467568,-0.553243243,0.523243243,0.923513514,0.746922427,2,0.287783784,0.23545946,0.543243243,0.38027027,0.797282292,0.646202699
54.8,49.4467568,-0.553243243,0.523243243,0.923513514,0.746921287,2,0.287783784,0.23545946,0.543243243,0.38027027,0.797281286,0.64620129
54.82,49.4467568,-0.553243243,0.523243243,0.923513514,0.746920147,2,0.287783784,0.23545946,0.543243243,0.38027027,0.79728028,0.646199882
54.84,49.4467568,-0.553243243,0.523243243,0.923513514,0.746919007,2,0.287783784,0.23545946,0.543243243,0.38027027,0.797279273,0.646198474
54.86,49.4467568,-0.553243243,0.523243243,0.923513514,0.746917867,2,0.287783784,0.23545946,0.543243243,0.38027027,0.797278267,0.646197065
54.88,49.4467568,-0.553243243,0.523243243,0.923513514,0.746916727,2,0.287783784,0.23545946,0.543243243,0.38027027,0.797277261,0.646195657
54.9,49.4467568,-0.553243243,0.523243243,0.923513514,0.746915586,2,0.287783784,0.23545946,0.543243243,0.38027027,0.797276255,0.646194248
54.92,49.4467568,-0.553243243,0.523243243,0.923513514,0.746914446,2,0.287783784,0.23545946,0.543243243,0.38027027,0.797275249,0.64619284
54.94,49.4467568,-0.553243243,0.523243243,0.923513514,0.746913306,2,0.287783784,0.23545946,0.543243243,0.38027027,0.797274243,0.646191432
54.96,49.4467568,-0.553243243,0.523243243,0.923513514,0.746912166,2,0.287783784,0.23545946,0.543243243,0.38027027,0.797273237,0.646190023
54.98,49.4467568,-0.553243243,0.523243243,0.923513514,0.746911026,2,0.287783784,0.23545946,0.543243243,0.38027027,0.797272231,0.646188615
55,49.4467568,-0.553243243,0.523243243,0.923513514,0.746909886,2,0.287783784,0.23545946,0.543243243,0.38027027,0.797271225,0.646187206
55.02,49.4467568,-0.553243243,0.523243243,0.923513514,0.746908746,2,0.287783784,0.23545946,0.543243243,0.38027027,0.797270219,0.646185798
55.04,49.4467568,-0.553243243,0.523243243,0.923513514,0.746907605,2,0.287783784,0.23545946,0.543243243,0.38027027,0.797269213,0.64618439
55.06,49.4467568,-0.553243243,0.523243243,0.923513514,0.746906465,2,0.287783784,0.235459459,0.543243243,0.38027027,0.797268207,0.646182981
55.08,49.4467568,-0.553243243,0.523243243,0.923513514,0.746905325,2,0.287783784,0.235459459,0.543243243,0.38027027,0.797267201,0.646181573
55.1,49.4467568,-0.553243243,0.523243243,0.923513514,0.746904185,2,0.287783784,0.235459459,0.543243243,0.38027027,0.797266195,0.646180164
55.12,49.4467568,-0.553243243,0.523243243,0.923513514,0.746903045,2,0.287783784,0.235459459,0.543243243,0.38027027,0.797265189,0.646178756
55.14,49.4467568,-0.553243243,0.523243243,0.923513514,0.746901905,2,0.287783784,0.235459459,0.543243243,0.38027027,0.797264183,0.646177348
55.16,49.4467568,-0.553243243,0.523243243,0.923513514,0.746900765,2,0.287783784,0.235459459,0.543243243,0.38027027,0.797263177,0.646175939
55.18,49.4467568,-0.553243243,0.523243243,0.923513514,0.746899624,2,0.287783784,0.235459459,0.543243243,0.38027027,0.797262171,0.646174531
55.2,49.4467568,-0.553243243,0.523243243,0.923513514,0.746898484,2,0.287783784,0.235459459,0.543243243,0.38027027,0.797261165,0.646173122
55.22,49.4467568,-0.553243243,0.523243243,0.923513514,0.746897344,2,0.287783784,0.235459459,0.543243243,0.38027027,0.797260159,0.646171714
55.24,49.4467568,-0.553243243,0.523243243,0.923513514,0.746896204,2,0.287783784,0.235459459,0.543243243,0.38027027,0.797259153,0.646170305
55.26,49.4467568,-0.553243243,0.523243243,0.923513514,0.746895064,2,0.287783784,0.235459459,0.543243243,0.38027027,0.797258147,0.646168897
55.28,49.4467568,-0.553243243,0.523243243,0.923513514,0.746893924,2,0.287783784,0.235459459,0.543243243,0.38027027,0.797257141,0.646167489
55.3,49.4467568,-0.553243243,0.523243243,0.923513514,0.746892784,2,0.287783784,0.235459459,0.543243243,0.38027027,0.797256135,0.64616608
55.32,49.4467568,-0.553243243,0.523243243,0.923513514,0.746891644,2,0.287783784,0.235459459,0.543243243,0.38027027,0.797255129,0.646164672
55.34,49.4467568,-0.553243243,0.523243243,0.923513514,0.746890503,2,0.287783784,0.235459459,0.543243243,0.38027027,0.797254123,0.646163263
55.36,49.4467568,-0.553243243,0.523243243,0.923513514,0.746889363,2,0.287783784,0.235459459,0.543243243,0.38027027,0.797253117,0.646161855
55.38,49.4467568,-0.553243243,0.523243243,0.923513514,0.746888223,2,0.287783784,0.235459459,0.543243243,0.38027027,0.797252111,0.646160447
55.4,49.4467568,-0.553243243,0.523243243,0.923513514,0.746887083,2,0.287783784,0.235459459,0.543243243,0.38027027,0.797251105,0.646159038
55.42,49.4467568,-0.553243243,0.523243243,0.923513514,0.746885943,2,0.287783784,0.235459459,0.543243243,0.38027027,0.797250099,0.64615763
55.44,49.4467568,-0.553243243,0.523243243,0.923513514,0.746884803,2,0.287783784,0.235459459,0.543243243,0.38027027,0.797249093,0.646156221
55.46,49.4467568,-0.553243243,0.523243243,0.923513514,0.746883663,2,0.287783784,0.235459459,0.543243243,0.38027027,0.797248087,0.646154813
55.48,49.4467568,-0.553243243,0.523243243,0.923513514,0.746882522,2,0.287783784,0.235459459,0.543243243,0.38027027,0.797247081,0.646153405
55.5,49.4467568,-0.553243243,0.523243243,0.923513514,0.746881382,2,0.287783784,0.235459459,0.543243243,0.38027027,0.797246075,0.646151996
55.52,49.4467568,-0.553243243,0.523243243,0.923513514,0.746880242,2,0.287783784,0.235459459,0.543243243,0.38027027,0.797245069,0.646150588
55.54,49.4467568,-0.553243243,0.523243243,0.923513514,0.746879102,2,0.287783784,0.235459459,0.543243243,0.38027027,0.797244063,0.646149179
55.56,49.4467568,-0.553243243,0.523243243,0.923513514,0.746877962,2,0.287783784,0.235459459,0.543243243,0.38027027,0.797243057,0.646147771
55.58,49.4467568,-0.553243243,0.523243243,0.923513514,0.746876822,2,0.287783784,0.235459459,0.543243243,0.38027027,0.797242051,0.646146363
55.6,49.4467568,-0.553243243,0.523243243,0.923513514,0.746875682,2,0.287783784,0.235459459,0.543243243,0.38027027,0.797241045,0.646144954
55.62,49.4467568,-0.553243243,0.523243243,0.923513514,0.746874541,2,0.287783784,0.235459459,0.543243243,0.38027027,0.797240039,0.646143546
55.64,49.4467568,-0.553243243,0.523243243,0.923513514,0.746873401,2,0.287783784,0.235459459,0.543243243,0.38027027,0.797239033,0.646142137
55.66,49.4467568,-0.553243243,0.523243243,0.923513514,0.746872261,2,0.287783784,0.235459459,0.543243243,0.38027027,0.797238027,0.646140729
55.68,49.4467568,-0.553243243,0.523243243,0.923513514,0.746871121,2,0.287783784,0.235459459,0.543243243,0.38027027,0.797237021,0.64613932
55.7,49.4467568,-0.553243243,0.523243243,0.923513514,0.746869981,2,0.287783784,0.235459459,0.543243243,0.38027027,0.797236015,0.646137912
55.72,49.4467568,-0.553243243,0.523243243,0.923513514,0.746868841,2,0.287783784,0.235459459,0.543243243,0.38027027,0.797235009,0.646136504
55.74,49.4467568,-0.553243243,0.523243243,0.923513514,0.746867701,2,0.287783784,0.235459459,0.543243243,0.38027027,0.797234003,0.646135095
55.76,49.4467568,-0.553243243,0.523243243,0.923513514,0.74686656,2,0.287783784,0.235459459,0.543243243,0.38027027,0.797232997,0.646133687
55.78,49.4467568,-0.553243243,0.523243243,0.923513514,0.74686542,2,0.287783784,0.235459459,0.543243243,0.38027027,0.797231991,0.646132278
55.8,49.4467568,-0.553243243,0.523243243,0.923513514,0.74686428,2,0.287783784,0.235459459,0.543243243,0.38027027,0.797230985,0.64613087
55.82,49.4467568,-0.553243243,0.523243243,0.923513514,0.74686314,2,0.287783784,0.235459459,0.543243243,0.38027027,0.797229979,0.646129462
55.84,49.4467568,-0.553243243,0.523243243,0.923513514,0.746862,2,0.287783784,0.235459459,0.543243243,0.38027027,0.797228973,0.646128053
55.86,49.4467568,-0.553243243,0.523243243,0.923513514,0.74686086,2,0.287783784,0.235459459,0.543243243,0.38027027,0.797227967,0.646126645
55.88,49.4467568,-0.553243243,0.523243243,0.923513514,0.74685972,2,0.287783784,0.235459459,0.543243243,0.38027027,0.797226961,0.646125236
55.9,49.4467568,-0.553243243,0.523243243,0.923513514,0.746858579,2,0.287783784,0.235459459,0.543243243,0.38027027,0.797225955,0.646123828
55.92,49.4467568,-0.553243243,0.523243243,0.923513514,0.746857439,2,0.287783784,0.235459459,0.543243243,0.38027027,0.797224949,0.64612242
55.94,49.4467568,-0.553243243,0.523243243,0.923513514,0.746856299,2,0.287783784,0.235459459,0.543243243,0.38027027,0.797223943,0.646121011
55.96,49.4467568,-0.553243243,0.523243243,0.923513514,0.746855159,2,0.287783784,0.235459459,0.543243243,0.38027027,0.797222937,0.646119603
55.98,49.4467568,-0.553243243,0.523243243,0.923513514,0.746854019,2,0.287783784,0.235459459,0.543243243,0.38027027,0.797221931,0.646118194
56,49.4467568,-0.553243243,0.523243243,0.923513514,0.746852879,2,0.287783784,0.235459459,0.543243243,0.38027027,0.797220925,0.646116786
56.02,49.4467568,-0.553243243,0.523243243,0.923513514,0.746851739,2,0.287783784,0.235459459,0.543243243,0.38027027,0.797219919,0.646115378
56.04,49.4467568,-0.553243243,0.523243243,0.923513514,0.746850598,2,0.287783784,0.235459459,0.543243243,0.38027027,0.797218913,0.646113969
56.06,49.4467568,-0.553243243,0.523243243,0.923513514,0.746849458,2,0.287783784,0.235459459,0.543243243,0.38027027,0.797217907,0.646112561
56.08,49.4467568,-0.553243243,0.523243243,0.923513514,0.746848318,2,0.287783784,0.235459459,0.543243243,0.38027027,0.797216901,0.646111152
56.1,49.4467568,-0.553243243,0.523243243,0.923513514,0.746847178,2,0.287783784,0.235459459,0.543243243,0.38027027,0.797215895,0.646109744
56.12,49.4467568,-0.553243243,0.523243243,0.923513514,0.746846038,2,0.287783784,0.235459459,0.543243243,0.38027027,0.797214889,0.646108335
56.14,49.4467568,-0.553243243,0.523243243,0.923513514,0.746844898,2,0.287783784,0.235459459,0.543243243,0.38027027,0.797213883,0.646106927
56.16,49.4467568,-0.553243243,0.523243243,0.923513514,0.746843758,2,0.287783784,0.235459459,0.543243243,0.38027027,0.797212877,0.646105519
56.18,49.4467568,-0.553243243,0.523243243,0.923513514,0.746842617,2,0.287783784,0.235459459,0.543243243,0.38027027,0.797211871,0.64610411
56.2,49.4467568,-0.553243243,0.523243243,0.923513514,0.746841477,2,0.287783784,0.235459459,0.543243243,0.38027027,0.797210865,0.646102702
56.22,49.4467568,-0.553243243,0.523243243,0.923513514,0.746840337,2,0.287783784,0.235459459,0.543243243,0.38027027,0.797209859,0.646101293
56.24,49.4467568,-0.553243243,0.523243243,0.923513514,0.746839197,2,0.287783784,0.235459459,0.543243243,0.38027027,0.797208853,0.646099885
56.26,49.4467568,-0.553243243,0.523243243,0.923513514,0.746838057,2,0.287783784,0.235459459,0.543243243,0.38027027,0.797207847,0.646098477
56.28,49.4467568,-0.553243243,0.523243243,0.923513514,0.746836917,2,0.287783784,0.235459459,0.543243243,0.38027027,0.797206841,0.646097068
56.3,49.4467568,-0.553243243,0.523243243,0.923513514,0.746835777,2,0.287783784,0.235459459,0.543243243,0.38027027,0.797205835,0.64609566
56.32,49.4467568,-0.553243243,0.523243243,0.923513514,0.746834637,2,0.287783784,0.235459459,0.543243243,0.38027027,0.797204829,0.646094251
56.34,49.4467568,-0.553243243,0.523243243,0.923513514,0.746833496,2,0.287783784,0.235459459,0.543243243,0.38027027,0.797203823,0.646092843
56.36,49.4467568,-0.553243243,0.523243243,0.923513514,0.746832356,2,0.287783784,0.235459459,0.543243243,0.38027027,0.797202817,0.646091435
56.38,49.4467568,-0.553243243,0.523243243,0.923513514,0.746831216,2,0.287783784,0.235459459,0.543243243,0.38027027,0.797201811,0.646090026
56.4,49.4467568,-0.553243243,0.523243243,0.923513514,0.746830076,2,0.287783784,0.235459459,0.543243243,0.38027027,0.797200805,0.646088618
56.42,49.4467568,-0.553243243,0.523243243,0.923513514,0.746828936,2,0.287783784,0.235459459,0.543243243,0.38027027,0.797199799,0.646087209
56.44,49.4467568,-0.553243243,0.523243243,0.923513514,0.746827796,2,0.287783784,0.235459459,0.543243243,0.38027027,0.797198793,0.646085801
56.46,49.4467568,-0.553243243,0.523243243,0.923513514,0.746826656,2,0.287783784,0.235459459,0.543243243,0.38027027,0.797197787,0.646084393
56.48,49.4467568,-0.553243243,0.523243243,0.923513514,0.746825515,2,0.287783784,0.235459459,0.543243243,0.38027027,0.797196781,0.646082984
56.5,49.4467568,-0.553243243,0.523243243,0.923513514,0.746824375,2,0.287783784,0.235459459,0.543243243,0.38027027,0.797195775,0.646081576
56.52,49.4467568,-0.553243243,0.523243243,0.923513514,0.746823235,2,0.287783784,0.235459459,0.543243243,0.38027027,0.797194769,0.646080167
56.54,49.4467568,-0.553243243,0.523243243,0.923513514,0.746822095,2,0.287783784,0.235459459,0.543243243,0.38027027,0.797193763,0.646078759
56.56,49.4467568,-0.553243243,0.523243243,0.923513514,0.746820955,2,0.287783784,0.235459459,0.543243243,0.38027027,0.797192757,0.646077351
56.58,49.4467568,-0.553243243,0.523243243,0.923513514,0.746819815,2,0.287783784,0.235459459,0.543243243,0.38027027,0.797191751,0.646075942
56.6,49.4467568,-0.553243243,0.523243243,0.923513514,0.746818675,2,0.287783784,0.235459459,0.543243243,0.38027027,0.797190745,0.646074534
56.62,49.4467568,-0.553243243,0.523243243,0.923513514,0.746817534,2,0.287783784,0.235459459,0.543243243,0.38027027,0.797189739,0.646073125
56.64,49.4467568,-0.553243243,0.523243243,0.923513514,0.746816394,2,0.287783784,0.235459459,0.543243243,0.38027027,0.797188733,0.646071717
56.66,49.4467568,-0.553243243,0.523243243,0.923513514,0.746815254,2,0.287783784,0.235459459,0.543243243,0.38027027,0.797187727,0.646070308
56.68,49.4467568,-0.553243243,0.523243243,0.923513514,0.746814114,2,0.287783784,0.235459459,0.543243243,0.38027027,0.797186721,0.6460689
56.7,49.4467568,-0.553243243,0.523243243,0.923513514,0.746812974,2,0.287783784,0.235459459,0.543243243,0.38027027,0.797185715,0.646067492
56.72,49.4467568,-0.553243243,0.523243243,0.923513514,0.746811834,2,0.287783784,0.235459459,0.543243243,0.38027027,0.797184709,0.646066083
56.74,49.4467568,-0.553243243,0.523243243,0.923513514,0.746810694,2,0.287783784,0.235459459,0.543243243,0.38027027,0.797183703,0.646064675
56.76,49.4467568,-0.553243243,0.523243243,0.923513514,0.746809553,2,0.287783784,0.235459459,0.543243243,0.38027027,0.797182697,0.646063266
56.78,49.4467568,-0.553243243,0.523243243,0.923513514,0.746808413,2,0.287783784,0.235459459,0.543243243,0.38027027,0.797181691,0.646061858
56.8,49.4467568,-0.553243243,0.523243243,0.923513514,0.746807273,2,0.287783784,0.235459459,0.543243243,0.38027027,0.797180685,0.64606045
56.82,49.4467568,-0.553243243,0.523243243,0.923513514,0.746806133,2,0.287783784,0.235459459,0.543243243,0.38027027,0.797179679,0.646059041
56.84,49.4467568,-0.553243243,0.523243243,0.923513514,0.746804993,2,0.287783784,0.235459459,0.543243243,0.38027027,0.797178673,0.646057633
56.86,49.4467568,-0.553243243,0.523243243,0.923513514,0.746803853,2,0.287783784,0.235459459,0.543243243,0.38027027,0.797177667,0.646056224
56.88,49.4467568,-0.553243243,0.523243243,0.923513514,0.746802713,2,0.287783784,0.235459459,0.543243243,0.38027027,0.797176661,0.646054816
56.9,49.4467568,-0.553243243,0.523243243,0.923513514,0.746801572,2,0.287783784,0.235459459,0.543243243,0.38027027,0.797175655,0.646053408
56.92,49.4467568,-0.553243243,0.523243243,0.923513514,0.746800432,2,0.287783784,0.235459459,0.543243243,0.38027027,0.797174649,0.646051999
56.94,49.4467568,-0.553243243,0.523243243,0.923513514,0.746799292,2,0.287783784,0.235459459,0.543243243,0.38027027,0.797173643,0.646050591
56.96,49.4467568,-0.553243243,0.523243243,0.923513514,0.746798152,2,0.287783784,0.235459459,0.543243243,0.38027027,0.797172637,0.646049182
56.98,49.4467568,-0.553243243,0.523243243,0.923513514,0.746797012,2,0.287783784,0.235459459,0.543243243,0.38027027,0.797171631,0.646047774
57,49.4467568,-0.553243243,0.523243243,0.923513514,0.746795872,2,0.287783784,0.235459459,0.543243243,0.38027027,0.797170625,0.646046366
57.02,49.4467568,-0.553243243,0.523243243,0.923513514,0.746794732,2,0.287783784,0.235459459,0.543243243,0.38027027,0.797169619,0.646044957
57.04,49.4467568,-0.553243243,0.523243243,0.923513514,0.746793591,2,0.287783784,0.235459459,0.543243243,0.38027027,0.797168613,0.646043549
57.06,49.4467568,-0.553243243,0.523243243,0.923513514,0.746792451,2,0.287783784,0.235459459,0.543243243,0.38027027,0.797167607,0.64604214
57.08,49.4467568,-0.553243243,0.523243243,0.923513514,0.746791311,2,0.287783784,0.235459459,0.543243243,0.38027027,0.797166601,0.646040732
57.1,49.4467568,-0.553243243,0.523243243,0.923513514,0.746790171,2,0.287783784,0.235459459,0.543243243,0.38027027,0.797165595,0.646039323
57.12,49.4467568,-0.553243243,0.523243243,0.923513514,0.746789031,2,0.287783784,0.235459459,0.543243243,0.38027027,0.797164589,0.646037915
57.14,49.4467568,-0.553243243,0.523243243,0.923513514,0.746787891,2,0.287783784,0.235459459,0.543243243,0.38027027,0.797163583,0.646036507
57.16,49.4467568,-0.553243243,0.523243243,0.923513514,0.746786751,2,0.287783784,0.235459459,0.543243243,0.38027027,0.797162577,0.646035098
57.18,49.4467568,-0.553243243,0.523243243,0.923513514,0.74678561,2,0.287783784,0.235459459,0.543243243,0.38027027,0.797161571,0.64603369
57.2,49.4467568,-0.553243243,0.523243243,0.923513514,0.74678447,2,0.287783784,0.235459459,0.543243243,0.38027027,0.797160565,0.646032281
57.22,49.4467568,-0.553243243,0.523243243,0.923513514,0.74678333,2,0.287783784,0.235459459,0.543243243,0.38027027,0.797159559,0.646030873
57.24,49.4467568,-0.553243243,0.523243243,0.923513514,0.74678219,2,0.287783784,0.235459459,0.543243243,0.38027027,0.797158553,0.646029465
57.26,49.4467568,-0.553243243,0.523243243,0.923513514,0.74678105,2,0.287783784,0.235459459,0.543243243,0.38027027,0.797157547,0.646028056
57.28,49.4467568,-0.553243243,0.523243243,0.923513514,0.74677991,2,0.287783784,0.235459459,0.543243243,0.38027027,0.797156541,0.646026648
57.3,49.4467568,-0.553243243,0.523243243,0.923513514,0.74677877,2,0.287783784,0.235459459,0.543243243,0.38027027,0.797155535,0.646025239
57.32,49.4467568,-0.553243243,0.523243243,0.923513514,0.746777629,2,0.287783784,0.235459459,0.543243243,0.38027027,0.797154529,0.646023831
57.34,49.4467568,-0.553243243,0.523243243,0.923513514,0.746776489,2,0.287783784,0.235459459,0.543243243,0.38027027,0.797153523,0.646022423
57.36,49.4467568,-0.553243243,0.523243243,0.923513514,0.746775349,2,0.287783784,0.235459459,0.543243243,0.38027027,0.797152517,0.646021014
57.38,49.4467568,-0.553243243,0.523243243,0.923513514,0.746774209,2,0.287783784,0.235459459,0.543243243,0.38027027,0.797151511,0.646019606
57.4,49.4467568,-0.553243243,0.523243243,0.923513514,0.746773069,2,0.287783784,0.235459459,0.543243243,0.38027027,0.797150505,0.646018197
57.42,49.4467568,-0.553243243,0.523243243,0.923513514,0.746771929,2,0.287783784,0.235459459,0.543243243,0.38027027,0.797149499,0.646016789
57.44,49.4467568,-0.553243243,0.523243243,0.923513514,0.746770789,2,0.287783784,0.235459459,0.543243243,0.38027027,0.797148493,0.646015381
57.46,49.4467568,-0.553243243,0.523243243,0.923513514,0.746769649,2,0.287783784,0.235459459,0.543243243,0.38027027,0.797147487,0.646013972
57.48,49.4467568,-0.553243243,0.523243243,0.923513514,0.746768508,2,0.287783784,0.235459459,0.543243243,0.38027027,0.797146481,0.646012564
57.5,49.4467568,-0.553243243,0.523243243,0.923513514,0.746767368,2,0.287783784,0.235459459,0.543243243,0.38027027,0.797145475,0.646011155
57.52,49.4467568,-0.553243243,0.523243243,0.923513514,0.746766228,2,0.287783784,0.235459459,0.543243243,0.38027027,0.797144469,0.646009747
57.54,49.4467568,-0.553243243,0.523243243,0.923513514,0.746765088,2,0.287783784,0.235459459,0.543243243,0.38027027,0.797143463,0.646008339
57.56,49.4467568,-0.553243243,0.523243243,0.923513514,0.746763948,2,0.287783784,0.235459459,0.543243243,0.38027027,0.797142457,0.64600693
57.58,49.4467568,-0.553243243,0.523243243,0.923513514,0.746762808,2,0.287783784,0.235459459,0.543243243,0.38027027,0.797141451,0.646005522
57.6,49.4467568,-0.553243243,0.523243243,0.923513514,0.746761668,2,0.287783784,0.235459459,0.543243243,0.38027027,0.797140445,0.646004113
57.62,49.4467568,-0.553243243,0.523243243,0.923513514,0.746760527,2,0.287783784,0.235459459,0.543243243,0.38027027,0.797139439,0.646002705
57.64,49.4467568,-0.553243243,0.523243243,0.923513514,0.746759387,2,0.287783784,0.235459459,0.543243243,0.38027027,0.797138433,0.646001296
57.66,49.4467568,-0.553243243,0.523243243,0.923513514,0.746758247,2,0.287783784,0.235459459,0.543243243,0.38027027,0.797137427,0.645999888
57.68,49.4467568,-0.553243243,0.523243243,0.923513514,0.746757107,2,0.287783784,0.235459459,0.543243243,0.38027027,0.797136421,0.64599848
57.7,49.4467568,-0.553243243,0.523243243,0.923513514,0.746755967,2,0.287783784,0.235459459,0.543243243,0.38027027,0.797135415,0.645997071
57.72,49.4467568,-0.553243243,0.523243243,0.923513514,0.746754827,2,0.287783784,0.235459459,0.543243243,0.38027027,0.797134409,0.645995663
57.74,49.4467568,-0.553243243,0.523243243,0.923513514,0.746753687,2,0.287783784,0.235459459,0.543243243,0.38027027,0.797133403,0.645994254
57.76,49.4467568,-0.553243243,0.523243243,0.923513514,0.746752546,2,0.287783784,0.235459459,0.543243243,0.38027027,0.797132397,0.645992846
57.78,49.4467568,-0.553243243,0.523243243,0.923513514,0.746751406,2,0.287783784,0.235459459,0.543243243,0.38027027,0.797131391,0.645991438
57.8,49.4467568,-0.553243243,0.523243243,0.923513514,0.746750266,2,0.287783784,0.235459459,0.543243243,0.38027027,0.797130385,0.645990029
57.82,49.4467568,-0.553243243,0.523243243,0.923513514,0.746749126,2,0.287783784,0.235459459,0.543243243,0.38027027,0.797129379,0.645988621
57.84,49.4467568,-0.553243243,0.523243243,0.923513514,0.746747986,2,0.287783784,0.235459459,0.543243243,0.38027027,0.797128373,0.645987212
57.86,49.4467568,-0.553243243,0.523243243,0.923513514,0.746746846,2,0.287783784,0.235459459,0.543243243,0.38027027,0.797127367,0.645985804
57.88,49.4467568,-0.553243243,0.523243243,0.923513514,0.746745706,2,0.287783784,0.235459459,0.543243243,0.38027027,0.797126361,0.645984396
57.9,49.4467568,-0.553243243,0.523243243,0.923513514,0.746744565,2,0.287783784,0.235459459,0.543243243,0.38027027,0.797125355,0.645982987
57.92,49.4467568,-0.553243243,0.523243243,0.923513514,0.746743425,2,0.287783784,0.235459459,0.543243243,0.38027027,0.797124349,0.645981579
57.94,49.4467568,-0.553243243,0.523243243,0.923513514,0.746742285,2,0.287783784,0.235459459,0.543243243,0.38027027,0.797123343,0.64598017
57.96,49.4467568,-0.553243243,0.523243243,0.923513514,0.746741145,2,0.287783784,0.235459459,0.543243243,0.38027027,0.797122337,0.645978762
57.98,49.4467568,-0.553243243,0.523243243,0.923513514,0.746740005,2,0.287783784,0.235459459,0.543243243,0.38027027,0.797121331,0.645977354
58,49.4467568,-0.553243243,0.523243243,0.923513514,0.746738865,2,0.287783784,0.235459459,0.543243243,0.38027027,0.797120325,0.645975945
58.02,49.4467568,-0.553243243,0.523243243,0.923513514,0.746737725,2,0.287783784,0.235459459,0.543243243,0.38027027,0.797119319,0.645974537
58.04,49.4467568,-0.553243243,0.523243243,0.923513514,0.746736584,2,0.287783784,0.235459459,0.543243243,0.38027027,0.797118313,0.645973128
58.06,49.4467568,-0.553243243,0.523243243,0.923513514,0.746735444,2,0.287783784,0.235459459,0.543243243,0.38027027,0.797117307,0.64597172
58.08,49.4467568,-0.553243243,0.523243243,0.923513514,0.746734304,2,0.287783784,0.235459459,0.543243243,0.38027027,0.797116301,0.645970311
58.1,49.4467568,-0.553243243,0.523243243,0.923513514,0.746733164,2,0.287783784,0.235459459,0.543243243,0.38027027,0.797115295,0.645968903
58.12,49.4467568,-0.553243243,0.523243243,0.923513514,0.746732024,2,0.287783784,0.235459459,0.543243243,0.38027027,0.797114289,0.645967495
58.14,49.4467568,-0.553243243,0.523243243,0.923513514,0.746730884,2,0.287783784,0.235459459,0.543243243,0.38027027,0.797113283,0.645966086
58.16,49.4467568,-0.553243243,0.523243243,0.923513514,0.746729744,2,0.287783784,0.235459459,0.543243243,0.38027027,0.797112276,0.645964678
58.18,49.4467568,-0.553243243,0.523243243,0.923513514,0.746728603,2,0.287783784,0.235459459,0.543243243,0.38027027,0.79711127,0.645963269
58.2,49.4467568,-0.553243243,0.523243243,0.923513514,0.746727463,2,0.287783784,0.235459459,0.543243243,0.38027027,0.797110264,0.645961861
58.22,49.4467568,-0.553243243,0.523243243,0.923513514,0.746726323,2,0.287783784,0.235459459,0.543243243,0.38027027,0.797109258,0.645960453
58.24,49.4467568,-0.553243243,0.523243243,0.923513514,0.746725183,2,0.287783784,0.235459459,0.543243243,0.38027027,0.797108252,0.645959044
58.26,49.4467568,-0.553243243,0.523243243,0.923513514,0.746724043,2,0.287783784,0.235459459,0.543243243,0.38027027,0.797107246,0.645957636
58.28,49.4467568,-0.553243243,0.523243243,0.923513514,0.746722903,2,0.287783784,0.235459459,0.543243243,0.38027027,0.79710624,0.645956227
58.3,49.4467568,-0.553243243,0.523243243,0.923513514,0.746721763,2,0.287783784,0.235459459,0.543243243,0.38027027,0.797105234,0.645954819
58.32,49.4467568,-0.553243243,0.523243243,0.923513514,0.746720622,2,0.287783784,0.235459459,0.543243243,0.38027027,0.797104228,0.645953411
58.34,49.4467568,-0.553243243,0.523243243,0.923513514,0.746719482,2,0.287783784,0.235459459,0.543243243,0.38027027,0.797103222,0.645952002
58.36,49.4467568,-0.553243243,0.523243243,0.923513514,0.746718342,2,0.287783784,0.235459459,0.543243243,0.38027027,0.797102216,0.645950594
58.38,49.4467568,-0.553243243,0.523243243,0.923513514,0.746717202,2,0.287783784,0.235459459,0.543243243,0.38027027,0.79710121,0.645949185
58.4,49.4467568,-0.553243243,0.523243243,0.923513514,0.746716062,2,0.287783784,0.235459459,0.543243243,0.38027027,0.797100204,0.645947777
58.42,49.4467568,-0.553243243,0.523243243,0.923513514,0.746714922,2,0.287783784,0.235459459,0.543243243,0.38027027,0.797099198,0.645946369
58.44,49.4467568,-0.553243243,0.523243243,0.923513514,0.746713782,2,0.287783784,0.235459459,0.543243243,0.38027027,0.797098192,0.64594496
58.46,49.4467568,-0.553243243,0.523243243,0.923513514,0.746712642,2,0.287783784,0.235459459,0.543243243,0.38027027,0.797097186,0.645943552
58.48,49.4467568,-0.553243243,0.523243243,0.923513514,0.746711501,2,0.287783784,0.235459459,0.543243243,0.38027027,0.79709618,0.645942143
58.5,49.4467568,-0.553243243,0.523243243,0.923513514,0.746710361,2,0.287783784,0.235459459,0.543243243,0.38027027,0.797095174,0.645940735
58.52,49.4467568,-0.553243243,0.523243243,0.923513514,0.746709221,2,0.287783784,0.235459459,0.543243243,0.38027027,0.797094168,0.645939326
58.54,49.4467568,-0.553243243,0.523243243,0.923513514,0.746708081,2,0.287783784,0.235459459,0.543243243,0.38027027,0.797093162,0.645937918
58.56,49.4467568,-0.553243243,0.523243243,0.923513514,0.746706941,2,0.287783784,0.235459459,0.543243243,0.38027027,0.797092156,0.64593651
58.58,49.4467568,-0.553243243,0.523243243,0.923513514,0.746705801,2,0.287783784,0.235459459,0.543243243,0.38027027,0.79709115,0.645935101
58.6,49.4467568,-0.553243243,0.523243243,0.923513514,0.746704661,2,0.287783784,0.235459459,0.543243243,0.38027027,0.797090144,0.645933693
58.62,49.4467568,-0.553243243,0.523243243,0.923513514,0.74670352,2,0.287783784,0.235459459,0.543243243,0.38027027,0.797089138,0.645932284
58.64,49.4467568,-0.553243243,0.523243243,0.923513514,0.74670238,2,0.287783784,0.235459459,0.543243243,0.38027027,0.797088132,0.645930876
58.66,49.4467568,-0.553243243,0.523243243,0.923513514,0.74670124,2,0.287783784,0.235459459,0.543243243,0.38027027,0.797087126,0.645929468
58.68,49.4467568,-0.553243243,0.523243243,0.923513514,0.7467001,2,0.287783784,0.235459459,0.543243243,0.38027027,0.79708612,0.645928059
58.7,49.4467568,-0.553243243,0.523243243,0.923513514,0.74669896,2,0.287783784,0.235459459,0.543243243,0.38027027,0.797085114,0.645926651
58.72,49.4467568,-0.553243243,0.523243243,0.923513514,0.74669782,2,0.287783784,0.235459459,0.543243243,0.38027027,0.797084108,0.645925242
58.74,49.4467568,-0.553243243,0.523243243,0.923513514,0.74669668,2,0.287783784,0.235459459,0.543243243,0.38027027,0.797083102,0.645923834
58.76,49.4467568,-0.553243243,0.523243243,0.923513514,0.746695539,2,0.287783784,0.235459459,0.543243243,0.38027027,0.797082096,0.645922426
58.78,49.4467568,-0.553243243,0.523243243,0.923513514,0.746694399,2,0.287783784,0.235459459,0.543243243,0.38027027,0.79708109,0.645921017
58.8,49.4467568,-0.553243243,0.523243243,0.923513514,0.746693259,2,0.287783784,0.235459459,0.543243243,0.38027027,0.797080084,0.645919609
58.82,49.4467568,-0.553243243,0.523243243,0.923513514,0.746692119,2,0.287783784,0.235459459,0.543243243,0.38027027,0.797079078,0.6459182
58.84,49.4467568,-0.553243243,0.523243243,0.923513514,0.746690979,2,0.287783784,0.235459459,0.543243243,0.38027027,0.797078072,0.645916792
58.86,49.4467568,-0.553243243,0.523243243,0.923513514,0.746689839,2,0.287783784,0.235459459,0.543243243,0.38027027,0.797077066,0.645915384
58.88,49.4467568,-0.553243243,0.523243243,0.923513514,0.746688699,2,0.287783784,0.235459459,0.543243243,0.38027027,0.79707606,0.645913975
58.9,49.4467568,-0.553243243,0.523243243,0.923513514,0.746687558,2,0.287783784,0.235459459,0.543243243,0.38027027,0.797075054,0.645912567
58.92,49.4467568,-0.553243243,0.523243243,0.923513514,0.746686418,2,0.287783784,0.235459459,0.543243243,0.38027027,0.797074048,0.645911158
58.94,49.4467568,-0.553243243,0.523243243,0.923513514,0.746685278,2,0.287783784,0.235459459,0.543243243,0.38027027,0.797073042,0.64590975
58.96,49.4467568,-0.553243243,0.523243243,0.923513514,0.746684138,2,0.287783784,0.235459459,0.543243243,0.38027027,0.797072036,0.645908342
58.98,49.4467568,-0.553243243,0.523243243,0.923513514,0.746682998,2,0.287783784,0.235459459,0.543243243,0.38027027,0.79707103,0.645906933
59,49.4467568,-0.553243243,0.523243243,0.923513514,0.746681858,2,0.287783784,0.235459459,0.543243243,0.38027027,0.797070024,0.645905525
59.02,49.4467568,-0.553243243,0.523243243,0.923513514,0.746680718,2,0.287783784,0.235459459,0.543243243,0.38027027,0.797069018,0.645904116
59.04,49.4467568,-0.553243243,0.523243243,0.923513514,0.746679577,2,0.287783784,0.235459459,0.543243243,0.38027027,0.797068012,0.645902708
59.06,49.4467568,-0.553243243,0.523243243,0.923513514,0.746678437,2,0.287783784,0.235459459,0.543243243,0.38027027,0.797067006,0.645901299
59.08,49.4467568,-0.553243243,0.523243243,0.923513514,0.746677297,2,0.287783784,0.235459459,0.543243243,0.38027027,0.797066,0.645899891
59.1,49.4467568,-0.553243243,0.523243243,0.923513514,0.746676157,2,0.287783784,0.235459459,0.543243243,0.38027027,0.797064994,0.645898483
59.12,49.4467568,-0.553243243,0.523243243,0.923513514,0.746675017,2,0.287783784,0.235459459,0.543243243,0.38027027,0.797063988,0.645897074
59.14,49.4467568,-0.553243243,0.523243243,0.923513514,0.746673877,2,0.287783784,0.235459459,0.543243243,0.38027027,0.797062982,0.645895666
59.16,49.4467568,-0.553243243,0.523243243,0.923513514,0.746672737,2,0.287783784,0.235459459,0.543243243,0.38027027,0.797061976,0.645894257
59.18,49.4467568,-0.553243243,0.523243243,0.923513514,0.746671596,2,0.287783784,0.235459459,0.543243243,0.38027027,0.79706097,0.645892849
59.2,49.4467568,-0.553243243,0.523243243,0.923513514,0.746670456,2,0.287783784,0.235459459,0.543243243,0.38027027,0.797059964,0.645891441
59.22,49.4467568,-0.553243243,0.523243243,0.923513514,0.746669316,2,0.287783784,0.235459459,0.543243243,0.38027027,0.797058958,0.645890032
59.24,49.4467568,-0.553243243,0.523243243,0.923513514,0.746668176,2,0.287783784,0.235459459,0.543243243,0.38027027,0.797057952,0.645888624
59.26,49.4467568,-0.553243243,0.523243243,0.923513514,0.746667036,2,0.287783784,0.235459459,0.543243243,0.38027027,0.797056946,0.645887215
59.28,49.4467568,-0.553243243,0.523243243,0.923513514,0.746665896,2,0.287783784,0.235459459,0.543243243,0.38027027,0.79705594,0.645885807
59.3,49.4467568,-0.553243243,0.523243243,0.923513514,0.746664756,2,0.287783784,0.235459459,0.543243243,0.38027027,0.797054934,0.645884399
59.32,49.4467568,-0.553243243,0.523243243,0.923513514,0.746663615,2,0.287783784,0.235459459,0.543243243,0.38027027,0.797053928,0.64588299
59.34,49.4467568,-0.553243243,0.523243243,0.923513514,0.746662475,2,0.287783784,0.235459459,0.543243243,0.38027027,0.797052922,0.645881582
59.36,49.4467568,-0.553243243,0.523243243,0.923513514,0.746661335,2,0.287783784,0.235459459,0.543243243,0.38027027,0.797051916,0.645880173
59.38,49.4467568,-0.553243243,0.523243243,0.923513514,0.746660195,2,0.287783784,0.235459459,0.543243243,0.38027027,0.79705091,0.645878765
59.4,49.4467568,-0.553243243,0.523243243,0.923513514,0.746659055,2,0.287783784,0.235459459,0.543243243,0.38027027,0.797049904,0.645877357
59.42,49.4467568,-0.553243243,0.523243243,0.923513514,0.746657915,2,0.287783784,0.235459459,0.543243243,0.38027027,0.797048898,0.645875948
59.44,49.4467568,-0.553243243,0.523243243,0.923513514,0.746656775,2,0.287783784,0.235459459,0.543243243,0.38027027,0.797047892,0.64587454
59.46,49.4467568,-0.553243243,0.523243243,0.923513514,0.746655635,2,0.287783784,0.235459459,0.543243243,0.38027027,0.797046886,0.645873131
59.48,49.4467568,-0.553243243,0.523243243,0.923513514,0.746654494,2,0.287783784,0.235459459,0.543243243,0.38027027,0.79704588,0.645871723
59.5,49.4467568,-0.553243243,0.523243243,0.923513514,0.746653354,2,0.287783784,0.235459459,0.543243243,0.38027027,0.797044874,0.645870314
59.52,49.4467568,-0.553243243,0.523243243,0.923513514,0.746652214,2,0.287783784,0.235459459,0.543243243,0.38027027,0.797043868,0.645868906
59.54,49.4467568,-0.553243243,0.523243243,0.923513514,0.746651074,2,0.287783784,0.235459459,0.543243243,0.38027027,0.797042862,0.645867498
59.56,49.4467568,-0.553243243,0.523243243,0.923513514,0.746649934,2,0.287783784,0.235459459,0.543243243,0.38027027,0.797041856,0.645866089
59.58,49.4467568,-0.553243243,0.523243243,0.923513514,0.746648794,2,0.287783784,0.235459459,0.543243243,0.38027027,0.79704085,0.645864681
59.6,49.4467568,-0.553243243,0.523243243,0.923513514,0.746647654,2,0.287783784,0.235459459,0.543243243,0.38027027,0.797039844,0.645863272
59.62,49.4467568,-0.553243243,0.523243243,0.923513514,0.746646513,2,0.287783784,0.235459459,0.543243243,0.38027027,0.797038838,0.645861864
59.64,49.4467568,-0.553243243,0.523243243,0.923513514,0.746645373,2,0.287783784,0.235459459,0.543243243,0.38027027,0.797037832,0.645860456
59.66,49.4467568,-0.553243243,0.523243243,0.923513514,0.746644233,2,0.287783784,0.235459459,0.543243243,0.38027027,0.797036826,0.645859047
59.68,49.4467568,-0.553243243,0.523243243,0.923513514,0.746643093,2,0.287783784,0.235459459,0.543243243,0.38027027,0.79703582,0.645857639
59.7,49.4467568,-0.553243243,0.523243243,0.923513514,0.746641953,2,0.287783784,0.235459459,0.543243243,0.38027027,0.797034814,0.64585623
59.72,49.4467568,-0.553243243,0.523243243,0.923513514,0.746640813,2,0.287783784,0.235459459,0.543243243,0.38027027,0.797033808,0.645854822
59.74,49.4467568,-0.553243243,0.523243243,0.923513514,0.746639673,2,0.287783784,0.235459459,0.543243243,0.38027027,0.797032802,0.645853414
59.76,49.4467568,-0.553243243,0.523243243,0.923513514,0.746638532,2,0.287783784,0.235459459,0.543243243,0.38027027,0.797031796,0.645852005
59.78,49.4467568,-0.553243243,0.523243243,0.923513514,0.746637392,2,0.287783784,0.235459459,0.543243243,0.38027027,0.79703079,0.645850597
59.8,49.4467568,-0.553243243,0.523243243,0.923513514,0.746636252,2,0.287783784,0.235459459,0.543243243,0.38027027,0.797029784,0.645849188
59.82,49.4467568,-0.553243243,0.523243243,0.923513514,0.746635112,2,0.287783784,0.235459459,0.543243243,0.38027027,0.797028778,0.64584778
59.84,49.4467568,-0.553243243,0.523243243,0.923513514,0.746633972,2,0.287783784,0.235459459,0.543243243,0.38027027,0.797027772,0.645846372
59.86,49.4467568,-0.553243243,0.523243243,0.923513514,0.746632832,2,0.287783784,0.235459459,0.543243243,0.38027027,0.797026766,0.645844963
59.88,49.4467568,-0.553243243,0.523243243,0.923513514,0.746631692,2,0.287783784,0.235459459,0.543243243,0.38027027,0.79702576,0.645843555
59.9,49.4467568,-0.553243243,0.523243243,0.923513514,0.746630551,2,0.287783784,0.235459459,0.543243243,0.38027027,0.797024754,0.645842146
59.92,49.4467568,-0.553243243,0.523243243,0.923513514,0.746629411,2,0.287783784,0.235459459,0.543243243,0.38027027,0.797023748,0.645840738
59.94,49.4467568,-0.553243243,0.523243243,0.923513514,0.746628271,2,0.287783784,0.235459459,0.543243243,0.38027027,0.797022742,0.645839329
59.96,49.4467568,-0.553243243,0.523243243,0.923513514,0.746627131,2,0.287783784,0.235459459,0.543243243,0.38027027,0.797021736,0.645837921
59.98,49.4467568,-0.553243243,0.523243243,0.923513514,0.746625991,2,0.287783784,0.235459459,0.543243243,0.38027027,0.79702073,0.645836513
60,49.4467568,-0.553243243,0.523243243,0.923513514,0.746624851,2,0.287783784,0.235459459,0.543243243,0.38027027,0.797019724,0.645835104
